2026-03-17T09:08:45.666-06:00  INFO 19760 --- [johnson-sistema] [restartedMain] c.j.practica.JohnsonSistemaApplication   : Starting JohnsonSistemaApplication using Java 17.0.12 with PID 19760 (C:\Users\User\OneDrive\Escritorio\Escuela\PRACTICAS\Sistema_Johnson\johnson-sistema\target\classes started by Franco in C:\Users\User\OneDrive\Escritorio\Escuela\PRACTICAS\Sistema_Johnson\johnson-sistema)
2026-03-17T09:08:45.668-06:00  INFO 19760 --- [johnson-sistema] [restartedMain] c.j.practica.JohnsonSistemaApplication   : No active profile set, falling back to 1 default profile: "default"
2026-03-17T09:08:46.288-06:00  INFO 19760 --- [johnson-sistema] [restartedMain] .s.d.r.c.RepositoryConfigurationDelegate : Bootstrapping Spring Data JPA repositories in DEFAULT mode.
2026-03-17T09:08:46.358-06:00  INFO 19760 --- [johnson-sistema] [restartedMain] .s.d.r.c.RepositoryConfigurationDelegate : Finished Spring Data repository scanning in 62 ms. Found 10 JPA repository interfaces.
2026-03-17T09:08:46.958-06:00  INFO 19760 --- [johnson-sistema] [restartedMain] o.s.b.w.embedded.tomcat.TomcatWebServer  : Tomcat initialized with port 8081 (http)
2026-03-17T09:08:46.962-06:00  INFO 19760 --- [johnson-sistema] [restartedMain] o.apache.catalina.core.StandardService   : Starting service [Tomcat]
2026-03-17T09:08:46.963-06:00  INFO 19760 --- [johnson-sistema] [restartedMain] o.apache.catalina.core.StandardEngine    : Starting Servlet engine: [Apache Tomcat/10.1.50]
2026-03-17T09:08:47.007-06:00  INFO 19760 --- [johnson-sistema] [restartedMain] o.a.c.c.C.[Tomcat].[localhost].[/]       : Initializing Spring embedded WebApplicationContext
2026-03-17T09:08:47.008-06:00  INFO 19760 --- [johnson-sistema] [restartedMain] w.s.c.ServletWebServerApplicationContext : Root WebApplicationContext: initialization completed in 1335 ms
2026-03-17T09:08:47.188-06:00  INFO 19760 --- [johnson-sistema] [restartedMain] o.hibernate.jpa.internal.util.LogHelper  : HHH000204: Processing PersistenceUnitInfo [name: default]
2026-03-17T09:08:47.212-06:00  INFO 19760 --- [johnson-sistema] [restartedMain] o.h.c.internal.RegionFactoryInitiator    : HHH000026: Second-level cache disabled
2026-03-17T09:08:47.253-06:00  INFO 19760 --- [johnson-sistema] [restartedMain] o.s.o.j.p.SpringPersistenceUnitInfo      : No LoadTimeWeaver setup: ignoring JPA class transformer
2026-03-17T09:08:47.257-06:00  INFO 19760 --- [johnson-sistema] [restartedMain] com.zaxxer.hikari.HikariDataSource       : HikariPool-18 - Starting...
2026-03-17T09:08:47.396-06:00  INFO 19760 --- [johnson-sistema] [restartedMain] com.zaxxer.hikari.pool.HikariPool        : HikariPool-18 - Added connection org.postgresql.jdbc.PgConnection@26a5e982
2026-03-17T09:08:47.397-06:00  INFO 19760 --- [johnson-sistema] [restartedMain] com.zaxxer.hikari.HikariDataSource       : HikariPool-18 - Start completed.
2026-03-17T09:08:47.405-06:00  WARN 19760 --- [johnson-sistema] [restartedMain] org.hibernate.orm.deprecation            : HHH90000025: PostgreSQLDialect does not need to be specified explicitly using 'hibernate.dialect' (remove the property setting and it will be selected by default)
2026-03-17T09:08:47.411-06:00  INFO 19760 --- [johnson-sistema] [restartedMain] org.hibernate.orm.connections.pooling    : HHH10001005: Database info:
	Database JDBC URL [Connecting through datasource 'HikariDataSource (HikariPool-18)']
	Database driver: undefined/unknown
	Database version: 15.17
	Autocommit mode: undefined/unknown
	Isolation level: undefined/unknown
	Minimum pool size: undefined/unknown
	Maximum pool size: undefined/unknown
2026-03-17T09:08:47.733-06:00  INFO 19760 --- [johnson-sistema] [restartedMain] o.h.e.t.j.p.i.JtaPlatformInitiator       : HHH000489: No JTA platform available (set 'hibernate.transaction.jta.platform' to enable JTA platform integration)
2026-03-17T09:08:47.830-06:00  INFO 19760 --- [johnson-sistema] [restartedMain] j.LocalContainerEntityManagerFactoryBean : Initialized JPA EntityManagerFactory for persistence unit 'default'
2026-03-17T09:08:50.497-06:00  WARN 19760 --- [johnson-sistema] [restartedMain] JpaBaseConfiguration$JpaWebConfiguration : spring.jpa.open-in-view is enabled by default. Therefore, database queries may be performed during view rendering. Explicitly configure spring.jpa.open-in-view to disable this warning
2026-03-17T09:08:50.610-06:00  INFO 19760 --- [johnson-sistema] [restartedMain] o.s.b.a.w.s.WelcomePageHandlerMapping    : Adding welcome page template: index
2026-03-17T09:08:50.888-06:00  INFO 19760 --- [johnson-sistema] [restartedMain] r$InitializeUserDetailsManagerConfigurer : Global AuthenticationManager configured with UserDetailsService bean with name detallesUsuarioServicio
2026-03-17T09:08:51.327-06:00  INFO 19760 --- [johnson-sistema] [restartedMain] o.s.b.d.a.OptionalLiveReloadServer       : LiveReload server is running on port 35729
2026-03-17T09:08:51.355-06:00  INFO 19760 --- [johnson-sistema] [restartedMain] o.s.m.s.b.SimpleBrokerMessageHandler     : Starting...
2026-03-17T09:08:51.355-06:00  INFO 19760 --- [johnson-sistema] [restartedMain] o.s.m.s.b.SimpleBrokerMessageHandler     : BrokerAvailabilityEvent[available=true, SimpleBrokerMessageHandler [org.springframework.messaging.simp.broker.DefaultSubscriptionRegistry@41866b62]]
2026-03-17T09:08:51.357-06:00  INFO 19760 --- [johnson-sistema] [restartedMain] o.s.m.s.b.SimpleBrokerMessageHandler     : Started.
2026-03-17T09:08:51.366-06:00  INFO 19760 --- [johnson-sistema] [restartedMain] o.s.b.w.embedded.tomcat.TomcatWebServer  : Tomcat started on port 8081 (http) with context path '/'
2026-03-17T09:08:51.385-06:00  INFO 19760 --- [johnson-sistema] [restartedMain] c.j.practica.JohnsonSistemaApplication   : Started JohnsonSistemaApplication in 5.86 seconds (process running for 5810.419)
2026-03-17T09:08:51.865-06:00  WARN 19760 --- [johnson-sistema] [restartedMain] o.h.engine.jdbc.spi.SqlExceptionHelper   : SQL Error: 0, SQLState: 23503
2026-03-17T09:08:51.865-06:00 ERROR 19760 --- [johnson-sistema] [restartedMain] o.h.engine.jdbc.spi.SqlExceptionHelper   : ERROR: update or delete on table "elemento_checklist" violates foreign key constraint "fkbtyepfqum8rnqr07wxvvcr1ms" on table "adjuntos"
  Detail: Key (id)=(1) is still referenced from table "adjuntos".
2026-03-17T09:08:51.870-06:00  INFO 19760 --- [johnson-sistema] [restartedMain] c.johnson.practica.config.CargadorDatos  : Cargando datos iniciales...
2026-03-17T09:08:51.908-06:00  INFO 19760 --- [johnson-sistema] [restartedMain] c.johnson.practica.config.CargadorDatos  : Forzando re-encriptación de contraseña del admin...
2026-03-17T09:08:52.178-06:00  INFO 19760 --- [johnson-sistema] [restartedMain] c.johnson.practica.config.CargadorDatos  : Forzando re-encriptación de contraseña del visitante...
2026-03-17T09:08:52.416-06:00  INFO 19760 --- [johnson-sistema] [restartedMain] .ConditionEvaluationDeltaLoggingListener : Condition evaluation unchanged
2026-03-17T09:08:52.868-06:00  INFO 19760 --- [johnson-sistema] [File Watcher] rtingClassPathChangeChangedEventListener : Restarting due to 1 class path change (0 additions, 0 deletions, 1 modification)
2026-03-17T09:08:52.874-06:00  INFO 19760 --- [johnson-sistema] [Thread-132] o.s.b.w.e.tomcat.GracefulShutdown        : Commencing graceful shutdown. Waiting for active requests to complete
2026-03-17T09:08:55.086-06:00  INFO 19760 --- [johnson-sistema] [tomcat-shutdown] o.s.b.w.e.tomcat.GracefulShutdown        : Graceful shutdown complete
2026-03-17T09:08:55.088-06:00  INFO 19760 --- [johnson-sistema] [Thread-132] o.s.m.s.b.SimpleBrokerMessageHandler     : Stopping...
2026-03-17T09:08:55.089-06:00  INFO 19760 --- [johnson-sistema] [Thread-132] o.s.m.s.b.SimpleBrokerMessageHandler     : BrokerAvailabilityEvent[available=false, SimpleBrokerMessageHandler [org.springframework.messaging.simp.broker.DefaultSubscriptionRegistry@41866b62]]
2026-03-17T09:08:55.091-06:00  INFO 19760 --- [johnson-sistema] [Thread-132] o.s.m.s.b.SimpleBrokerMessageHandler     : Stopped.
2026-03-17T09:08:55.095-06:00  INFO 19760 --- [johnson-sistema] [Thread-132] j.LocalContainerEntityManagerFactoryBean : Closing JPA EntityManagerFactory for persistence unit 'default'
2026-03-17T09:08:55.096-06:00  INFO 19760 --- [johnson-sistema] [Thread-132] com.zaxxer.hikari.HikariDataSource       : HikariPool-18 - Shutdown initiated...
2026-03-17T09:08:55.098-06:00  INFO 19760 --- [johnson-sistema] [Thread-132] com.zaxxer.hikari.HikariDataSource       : HikariPool-18 - Shutdown completed.
2026-03-17T09:08:55.866-06:00  INFO 19760 --- [johnson-sistema] [restartedMain] c.j.practica.JohnsonSistemaApplication   : Starting JohnsonSistemaApplication using Java 17.0.12 with PID 19760 (C:\Users\User\OneDrive\Escritorio\Escuela\PRACTICAS\Sistema_Johnson\johnson-sistema\target\classes started by Franco in C:\Users\User\OneDrive\Escritorio\Escuela\PRACTICAS\Sistema_Johnson\johnson-sistema)
2026-03-17T09:08:55.892-06:00  INFO 19760 --- [johnson-sistema] [restartedMain] c.j.practica.JohnsonSistemaApplication   : No active profile set, falling back to 1 default profile: "default"
2026-03-17T09:08:58.264-06:00  INFO 19760 --- [johnson-sistema] [restartedMain] .s.d.r.c.RepositoryConfigurationDelegate : Bootstrapping Spring Data JPA repositories in DEFAULT mode.
2026-03-17T09:08:58.321-06:00  INFO 19760 --- [johnson-sistema] [restartedMain] .s.d.r.c.RepositoryConfigurationDelegate : Finished Spring Data repository scanning in 54 ms. Found 10 JPA repository interfaces.
2026-03-17T09:08:58.795-06:00  INFO 19760 --- [johnson-sistema] [restartedMain] o.s.b.w.embedded.tomcat.TomcatWebServer  : Tomcat initialized with port 8081 (http)
2026-03-17T09:08:58.800-06:00  INFO 19760 --- [johnson-sistema] [restartedMain] o.apache.catalina.core.StandardService   : Starting service [Tomcat]
2026-03-17T09:08:58.800-06:00  INFO 19760 --- [johnson-sistema] [restartedMain] o.apache.catalina.core.StandardEngine    : Starting Servlet engine: [Apache Tomcat/10.1.50]
2026-03-17T09:08:58.858-06:00  INFO 19760 --- [johnson-sistema] [restartedMain] o.a.c.c.C.[Tomcat].[localhost].[/]       : Initializing Spring embedded WebApplicationContext
2026-03-17T09:08:58.865-06:00  INFO 19760 --- [johnson-sistema] [restartedMain] w.s.c.ServletWebServerApplicationContext : Root WebApplicationContext: initialization completed in 2893 ms
2026-03-17T09:08:59.340-06:00  INFO 19760 --- [johnson-sistema] [restartedMain] o.hibernate.jpa.internal.util.LogHelper  : HHH000204: Processing PersistenceUnitInfo [name: default]
2026-03-17T09:08:59.371-06:00  INFO 19760 --- [johnson-sistema] [restartedMain] o.h.c.internal.RegionFactoryInitiator    : HHH000026: Second-level cache disabled
2026-03-17T09:08:59.429-06:00  INFO 19760 --- [johnson-sistema] [restartedMain] o.s.o.j.p.SpringPersistenceUnitInfo      : No LoadTimeWeaver setup: ignoring JPA class transformer
2026-03-17T09:08:59.442-06:00  INFO 19760 --- [johnson-sistema] [restartedMain] com.zaxxer.hikari.HikariDataSource       : HikariPool-19 - Starting...
2026-03-17T09:08:59.591-06:00  INFO 19760 --- [johnson-sistema] [restartedMain] com.zaxxer.hikari.pool.HikariPool        : HikariPool-19 - Added connection org.postgresql.jdbc.PgConnection@304910c
2026-03-17T09:08:59.591-06:00  INFO 19760 --- [johnson-sistema] [restartedMain] com.zaxxer.hikari.HikariDataSource       : HikariPool-19 - Start completed.
2026-03-17T09:08:59.598-06:00  WARN 19760 --- [johnson-sistema] [restartedMain] org.hibernate.orm.deprecation            : HHH90000025: PostgreSQLDialect does not need to be specified explicitly using 'hibernate.dialect' (remove the property setting and it will be selected by default)
2026-03-17T09:08:59.604-06:00  INFO 19760 --- [johnson-sistema] [restartedMain] org.hibernate.orm.connections.pooling    : HHH10001005: Database info:
	Database JDBC URL [Connecting through datasource 'HikariDataSource (HikariPool-19)']
	Database driver: undefined/unknown
	Database version: 15.17
	Autocommit mode: undefined/unknown
	Isolation level: undefined/unknown
	Minimum pool size: undefined/unknown
	Maximum pool size: undefined/unknown
2026-03-17T09:08:59.864-06:00  INFO 19760 --- [johnson-sistema] [restartedMain] o.h.e.t.j.p.i.JtaPlatformInitiator       : HHH000489: No JTA platform available (set 'hibernate.transaction.jta.platform' to enable JTA platform integration)
2026-03-17T09:08:59.983-06:00  INFO 19760 --- [johnson-sistema] [restartedMain] j.LocalContainerEntityManagerFactoryBean : Initialized JPA EntityManagerFactory for persistence unit 'default'
2026-03-17T09:09:01.345-06:00  WARN 19760 --- [johnson-sistema] [restartedMain] JpaBaseConfiguration$JpaWebConfiguration : spring.jpa.open-in-view is enabled by default. Therefore, database queries may be performed during view rendering. Explicitly configure spring.jpa.open-in-view to disable this warning
2026-03-17T09:09:01.552-06:00  INFO 19760 --- [johnson-sistema] [restartedMain] o.s.b.a.w.s.WelcomePageHandlerMapping    : Adding welcome page template: index
2026-03-17T09:09:01.938-06:00  INFO 19760 --- [johnson-sistema] [restartedMain] r$InitializeUserDetailsManagerConfigurer : Global AuthenticationManager configured with UserDetailsService bean with name detallesUsuarioServicio
2026-03-17T09:09:03.062-06:00  INFO 19760 --- [johnson-sistema] [restartedMain] o.s.b.d.a.OptionalLiveReloadServer       : LiveReload server is running on port 35729
2026-03-17T09:09:03.184-06:00  INFO 19760 --- [johnson-sistema] [restartedMain] o.s.m.s.b.SimpleBrokerMessageHandler     : Starting...
2026-03-17T09:09:03.199-06:00  INFO 19760 --- [johnson-sistema] [restartedMain] o.s.m.s.b.SimpleBrokerMessageHandler     : BrokerAvailabilityEvent[available=true, SimpleBrokerMessageHandler [org.springframework.messaging.simp.broker.DefaultSubscriptionRegistry@3b4ac6da]]
2026-03-17T09:09:03.214-06:00  INFO 19760 --- [johnson-sistema] [restartedMain] o.s.m.s.b.SimpleBrokerMessageHandler     : Started.
2026-03-17T09:09:03.238-06:00  INFO 19760 --- [johnson-sistema] [restartedMain] o.s.b.w.embedded.tomcat.TomcatWebServer  : Tomcat started on port 8081 (http) with context path '/'
2026-03-17T09:09:03.277-06:00  INFO 19760 --- [johnson-sistema] [restartedMain] c.j.practica.JohnsonSistemaApplication   : Started JohnsonSistemaApplication in 7.722 seconds (process running for 5822.311)
2026-03-17T09:09:03.282-06:00  INFO 19760 --- [johnson-sistema] [restartedMain] c.johnson.practica.config.CargadorDatos  : Cargando datos iniciales...
2026-03-17T09:09:03.348-06:00  INFO 19760 --- [johnson-sistema] [restartedMain] c.johnson.practica.config.CargadorDatos  : Forzando re-encriptación de contraseña del admin...
2026-03-17T09:09:03.896-06:00  INFO 19760 --- [johnson-sistema] [restartedMain] c.johnson.practica.config.CargadorDatos  : Forzando re-encriptación de contraseña del visitante...
2026-03-17T09:09:04.839-06:00  INFO 19760 --- [johnson-sistema] [File Watcher] rtingClassPathChangeChangedEventListener : Restarting due to 1 class path change (0 additions, 0 deletions, 1 modification)
2026-03-17T09:09:04.861-06:00  INFO 19760 --- [johnson-sistema] [Thread-136] o.s.b.w.e.tomcat.GracefulShutdown        : Commencing graceful shutdown. Waiting for active requests to complete
2026-03-17T09:09:05.384-06:00  WARN 19760 --- [johnson-sistema] [restartedMain] o.h.engine.jdbc.spi.SqlExceptionHelper   : SQL Error: 0, SQLState: 23503
2026-03-17T09:09:05.384-06:00 ERROR 19760 --- [johnson-sistema] [restartedMain] o.h.engine.jdbc.spi.SqlExceptionHelper   : ERROR: update or delete on table "elemento_checklist" violates foreign key constraint "fkbtyepfqum8rnqr07wxvvcr1ms" on table "adjuntos"
  Detail: Key (id)=(1) is still referenced from table "adjuntos".
2026-03-17T09:09:05.394-06:00  INFO 19760 --- [johnson-sistema] [restartedMain] .ConditionEvaluationDeltaLoggingListener : Condition evaluation unchanged
2026-03-17T09:09:06.640-06:00  INFO 19760 --- [johnson-sistema] [tomcat-shutdown] o.s.b.w.e.tomcat.GracefulShutdown        : Graceful shutdown complete
2026-03-17T09:09:06.642-06:00  INFO 19760 --- [johnson-sistema] [Thread-136] o.s.m.s.b.SimpleBrokerMessageHandler     : Stopping...
2026-03-17T09:09:06.642-06:00  INFO 19760 --- [johnson-sistema] [Thread-136] o.s.m.s.b.SimpleBrokerMessageHandler     : BrokerAvailabilityEvent[available=false, SimpleBrokerMessageHandler [org.springframework.messaging.simp.broker.DefaultSubscriptionRegistry@3b4ac6da]]
2026-03-17T09:09:06.642-06:00  INFO 19760 --- [johnson-sistema] [Thread-136] o.s.m.s.b.SimpleBrokerMessageHandler     : Stopped.
2026-03-17T09:09:06.646-06:00  INFO 19760 --- [johnson-sistema] [Thread-136] j.LocalContainerEntityManagerFactoryBean : Closing JPA EntityManagerFactory for persistence unit 'default'
2026-03-17T09:09:06.649-06:00  INFO 19760 --- [johnson-sistema] [Thread-136] com.zaxxer.hikari.HikariDataSource       : HikariPool-19 - Shutdown initiated...
2026-03-17T09:09:06.654-06:00  INFO 19760 --- [johnson-sistema] [Thread-136] com.zaxxer.hikari.HikariDataSource       : HikariPool-19 - Shutdown completed.
2026-03-17T09:09:06.854-06:00  INFO 19760 --- [johnson-sistema] [restartedMain] c.j.practica.JohnsonSistemaApplication   : Starting JohnsonSistemaApplication using Java 17.0.12 with PID 19760 (C:\Users\User\OneDrive\Escritorio\Escuela\PRACTICAS\Sistema_Johnson\johnson-sistema\target\classes started by Franco in C:\Users\User\OneDrive\Escritorio\Escuela\PRACTICAS\Sistema_Johnson\johnson-sistema)
2026-03-17T09:09:06.854-06:00  INFO 19760 --- [johnson-sistema] [restartedMain] c.j.practica.JohnsonSistemaApplication   : No active profile set, falling back to 1 default profile: "default"
2026-03-17T09:09:07.472-06:00  INFO 19760 --- [johnson-sistema] [restartedMain] .s.d.r.c.RepositoryConfigurationDelegate : Bootstrapping Spring Data JPA repositories in DEFAULT mode.
2026-03-17T09:09:07.541-06:00  INFO 19760 --- [johnson-sistema] [restartedMain] .s.d.r.c.RepositoryConfigurationDelegate : Finished Spring Data repository scanning in 65 ms. Found 10 JPA repository interfaces.
2026-03-17T09:09:07.872-06:00  INFO 19760 --- [johnson-sistema] [restartedMain] o.s.b.w.embedded.tomcat.TomcatWebServer  : Tomcat initialized with port 8081 (http)
2026-03-17T09:09:07.875-06:00  INFO 19760 --- [johnson-sistema] [restartedMain] o.apache.catalina.core.StandardService   : Starting service [Tomcat]
2026-03-17T09:09:07.876-06:00  INFO 19760 --- [johnson-sistema] [restartedMain] o.apache.catalina.core.StandardEngine    : Starting Servlet engine: [Apache Tomcat/10.1.50]
2026-03-17T09:09:07.913-06:00  INFO 19760 --- [johnson-sistema] [restartedMain] o.a.c.c.C.[Tomcat].[localhost].[/]       : Initializing Spring embedded WebApplicationContext
2026-03-17T09:09:07.914-06:00  INFO 19760 --- [johnson-sistema] [restartedMain] w.s.c.ServletWebServerApplicationContext : Root WebApplicationContext: initialization completed in 1058 ms
2026-03-17T09:09:08.104-06:00  INFO 19760 --- [johnson-sistema] [restartedMain] o.hibernate.jpa.internal.util.LogHelper  : HHH000204: Processing PersistenceUnitInfo [name: default]
2026-03-17T09:09:08.110-06:00  INFO 19760 --- [johnson-sistema] [restartedMain] o.h.c.internal.RegionFactoryInitiator    : HHH000026: Second-level cache disabled
2026-03-17T09:09:08.133-06:00  INFO 19760 --- [johnson-sistema] [restartedMain] o.s.o.j.p.SpringPersistenceUnitInfo      : No LoadTimeWeaver setup: ignoring JPA class transformer
2026-03-17T09:09:08.134-06:00  INFO 19760 --- [johnson-sistema] [restartedMain] com.zaxxer.hikari.HikariDataSource       : HikariPool-20 - Starting...
2026-03-17T09:09:08.287-06:00  INFO 19760 --- [johnson-sistema] [restartedMain] com.zaxxer.hikari.pool.HikariPool        : HikariPool-20 - Added connection org.postgresql.jdbc.PgConnection@7f0371e7
2026-03-17T09:09:08.288-06:00  INFO 19760 --- [johnson-sistema] [restartedMain] com.zaxxer.hikari.HikariDataSource       : HikariPool-20 - Start completed.
2026-03-17T09:09:08.297-06:00  WARN 19760 --- [johnson-sistema] [restartedMain] org.hibernate.orm.deprecation            : HHH90000025: PostgreSQLDialect does not need to be specified explicitly using 'hibernate.dialect' (remove the property setting and it will be selected by default)
2026-03-17T09:09:08.306-06:00  INFO 19760 --- [johnson-sistema] [restartedMain] org.hibernate.orm.connections.pooling    : HHH10001005: Database info:
	Database JDBC URL [Connecting through datasource 'HikariDataSource (HikariPool-20)']
	Database driver: undefined/unknown
	Database version: 15.17
	Autocommit mode: undefined/unknown
	Isolation level: undefined/unknown
	Minimum pool size: undefined/unknown
	Maximum pool size: undefined/unknown
2026-03-17T09:09:08.667-06:00  INFO 19760 --- [johnson-sistema] [restartedMain] o.h.e.t.j.p.i.JtaPlatformInitiator       : HHH000489: No JTA platform available (set 'hibernate.transaction.jta.platform' to enable JTA platform integration)
2026-03-17T09:09:08.744-06:00  INFO 19760 --- [johnson-sistema] [restartedMain] j.LocalContainerEntityManagerFactoryBean : Initialized JPA EntityManagerFactory for persistence unit 'default'
2026-03-17T09:09:10.193-06:00  WARN 19760 --- [johnson-sistema] [restartedMain] JpaBaseConfiguration$JpaWebConfiguration : spring.jpa.open-in-view is enabled by default. Therefore, database queries may be performed during view rendering. Explicitly configure spring.jpa.open-in-view to disable this warning
2026-03-17T09:09:10.326-06:00  INFO 19760 --- [johnson-sistema] [restartedMain] o.s.b.a.w.s.WelcomePageHandlerMapping    : Adding welcome page template: index
2026-03-17T09:09:10.612-06:00  INFO 19760 --- [johnson-sistema] [restartedMain] r$InitializeUserDetailsManagerConfigurer : Global AuthenticationManager configured with UserDetailsService bean with name detallesUsuarioServicio
2026-03-17T09:09:11.119-06:00  INFO 19760 --- [johnson-sistema] [restartedMain] o.s.b.d.a.OptionalLiveReloadServer       : LiveReload server is running on port 35729
2026-03-17T09:09:11.142-06:00  INFO 19760 --- [johnson-sistema] [restartedMain] o.s.m.s.b.SimpleBrokerMessageHandler     : Starting...
2026-03-17T09:09:11.143-06:00  INFO 19760 --- [johnson-sistema] [restartedMain] o.s.m.s.b.SimpleBrokerMessageHandler     : BrokerAvailabilityEvent[available=true, SimpleBrokerMessageHandler [org.springframework.messaging.simp.broker.DefaultSubscriptionRegistry@4dfe4331]]
2026-03-17T09:09:11.144-06:00  INFO 19760 --- [johnson-sistema] [restartedMain] o.s.m.s.b.SimpleBrokerMessageHandler     : Started.
2026-03-17T09:09:11.150-06:00  INFO 19760 --- [johnson-sistema] [restartedMain] o.s.b.w.embedded.tomcat.TomcatWebServer  : Tomcat started on port 8081 (http) with context path '/'
2026-03-17T09:09:11.159-06:00  INFO 19760 --- [johnson-sistema] [restartedMain] c.j.practica.JohnsonSistemaApplication   : Started JohnsonSistemaApplication in 4.348 seconds (process running for 5830.194)
2026-03-17T09:09:12.771-06:00  INFO 19760 --- [johnson-sistema] [File Watcher] rtingClassPathChangeChangedEventListener : Restarting due to 1 class path change (0 additions, 0 deletions, 1 modification)
2026-03-17T09:09:12.859-06:00  INFO 19760 --- [johnson-sistema] [Thread-140] o.s.b.w.e.tomcat.GracefulShutdown        : Commencing graceful shutdown. Waiting for active requests to complete
2026-03-17T09:09:13.526-06:00  WARN 19760 --- [johnson-sistema] [restartedMain] o.h.engine.jdbc.spi.SqlExceptionHelper   : SQL Error: 0, SQLState: 23503
2026-03-17T09:09:13.528-06:00 ERROR 19760 --- [johnson-sistema] [restartedMain] o.h.engine.jdbc.spi.SqlExceptionHelper   : ERROR: update or delete on table "elemento_checklist" violates foreign key constraint "fkbtyepfqum8rnqr07wxvvcr1ms" on table "adjuntos"
  Detail: Key (id)=(1) is still referenced from table "adjuntos".
2026-03-17T09:09:13.532-06:00  INFO 19760 --- [johnson-sistema] [restartedMain] c.johnson.practica.config.CargadorDatos  : Cargando datos iniciales...
2026-03-17T09:09:13.582-06:00  INFO 19760 --- [johnson-sistema] [restartedMain] c.johnson.practica.config.CargadorDatos  : Forzando re-encriptación de contraseña del admin...
2026-03-17T09:09:13.858-06:00  INFO 19760 --- [johnson-sistema] [restartedMain] c.johnson.practica.config.CargadorDatos  : Forzando re-encriptación de contraseña del visitante...
2026-03-17T09:09:14.272-06:00  INFO 19760 --- [johnson-sistema] [restartedMain] .ConditionEvaluationDeltaLoggingListener : Condition evaluation unchanged
2026-03-17T09:09:14.799-06:00  INFO 19760 --- [johnson-sistema] [tomcat-shutdown] o.s.b.w.e.tomcat.GracefulShutdown        : Graceful shutdown complete
2026-03-17T09:09:14.801-06:00  INFO 19760 --- [johnson-sistema] [Thread-140] o.s.m.s.b.SimpleBrokerMessageHandler     : Stopping...
2026-03-17T09:09:14.801-06:00  INFO 19760 --- [johnson-sistema] [Thread-140] o.s.m.s.b.SimpleBrokerMessageHandler     : BrokerAvailabilityEvent[available=false, SimpleBrokerMessageHandler [org.springframework.messaging.simp.broker.DefaultSubscriptionRegistry@4dfe4331]]
2026-03-17T09:09:14.801-06:00  INFO 19760 --- [johnson-sistema] [Thread-140] o.s.m.s.b.SimpleBrokerMessageHandler     : Stopped.
2026-03-17T09:09:14.807-06:00  INFO 19760 --- [johnson-sistema] [Thread-140] j.LocalContainerEntityManagerFactoryBean : Closing JPA EntityManagerFactory for persistence unit 'default'
2026-03-17T09:09:14.807-06:00  INFO 19760 --- [johnson-sistema] [Thread-140] com.zaxxer.hikari.HikariDataSource       : HikariPool-20 - Shutdown initiated...
2026-03-17T09:09:14.820-06:00  INFO 19760 --- [johnson-sistema] [Thread-140] com.zaxxer.hikari.HikariDataSource       : HikariPool-20 - Shutdown completed.
2026-03-17T09:09:15.068-06:00  INFO 19760 --- [johnson-sistema] [restartedMain] c.j.practica.JohnsonSistemaApplication   : Starting JohnsonSistemaApplication using Java 17.0.12 with PID 19760 (C:\Users\User\OneDrive\Escritorio\Escuela\PRACTICAS\Sistema_Johnson\johnson-sistema\target\classes started by Franco in C:\Users\User\OneDrive\Escritorio\Escuela\PRACTICAS\Sistema_Johnson\johnson-sistema)
2026-03-17T09:09:15.069-06:00  INFO 19760 --- [johnson-sistema] [restartedMain] c.j.practica.JohnsonSistemaApplication   : No active profile set, falling back to 1 default profile: "default"
2026-03-17T09:09:16.154-06:00  INFO 19760 --- [johnson-sistema] [restartedMain] .s.d.r.c.RepositoryConfigurationDelegate : Bootstrapping Spring Data JPA repositories in DEFAULT mode.
2026-03-17T09:09:16.201-06:00  INFO 19760 --- [johnson-sistema] [restartedMain] .s.d.r.c.RepositoryConfigurationDelegate : Finished Spring Data repository scanning in 43 ms. Found 10 JPA repository interfaces.
2026-03-17T09:09:16.639-06:00  INFO 19760 --- [johnson-sistema] [restartedMain] o.s.b.w.embedded.tomcat.TomcatWebServer  : Tomcat initialized with port 8081 (http)
2026-03-17T09:09:16.642-06:00  INFO 19760 --- [johnson-sistema] [restartedMain] o.apache.catalina.core.StandardService   : Starting service [Tomcat]
2026-03-17T09:09:16.644-06:00  INFO 19760 --- [johnson-sistema] [restartedMain] o.apache.catalina.core.StandardEngine    : Starting Servlet engine: [Apache Tomcat/10.1.50]
2026-03-17T09:09:16.701-06:00  INFO 19760 --- [johnson-sistema] [restartedMain] o.a.c.c.C.[Tomcat].[localhost].[/]       : Initializing Spring embedded WebApplicationContext
2026-03-17T09:09:16.701-06:00  INFO 19760 --- [johnson-sistema] [restartedMain] w.s.c.ServletWebServerApplicationContext : Root WebApplicationContext: initialization completed in 1627 ms
2026-03-17T09:09:16.915-06:00  INFO 19760 --- [johnson-sistema] [restartedMain] o.hibernate.jpa.internal.util.LogHelper  : HHH000204: Processing PersistenceUnitInfo [name: default]
2026-03-17T09:09:16.917-06:00  INFO 19760 --- [johnson-sistema] [restartedMain] o.h.c.internal.RegionFactoryInitiator    : HHH000026: Second-level cache disabled
2026-03-17T09:09:16.936-06:00  INFO 19760 --- [johnson-sistema] [restartedMain] o.s.o.j.p.SpringPersistenceUnitInfo      : No LoadTimeWeaver setup: ignoring JPA class transformer
2026-03-17T09:09:16.937-06:00  INFO 19760 --- [johnson-sistema] [restartedMain] com.zaxxer.hikari.HikariDataSource       : HikariPool-21 - Starting...
2026-03-17T09:09:17.071-06:00  INFO 19760 --- [johnson-sistema] [restartedMain] com.zaxxer.hikari.pool.HikariPool        : HikariPool-21 - Added connection org.postgresql.jdbc.PgConnection@7a3273f0
2026-03-17T09:09:17.073-06:00  INFO 19760 --- [johnson-sistema] [restartedMain] com.zaxxer.hikari.HikariDataSource       : HikariPool-21 - Start completed.
2026-03-17T09:09:17.084-06:00  WARN 19760 --- [johnson-sistema] [restartedMain] org.hibernate.orm.deprecation            : HHH90000025: PostgreSQLDialect does not need to be specified explicitly using 'hibernate.dialect' (remove the property setting and it will be selected by default)
2026-03-17T09:09:17.095-06:00  INFO 19760 --- [johnson-sistema] [restartedMain] org.hibernate.orm.connections.pooling    : HHH10001005: Database info:
	Database JDBC URL [Connecting through datasource 'HikariDataSource (HikariPool-21)']
	Database driver: undefined/unknown
	Database version: 15.17
	Autocommit mode: undefined/unknown
	Isolation level: undefined/unknown
	Minimum pool size: undefined/unknown
	Maximum pool size: undefined/unknown
2026-03-17T09:09:17.366-06:00  INFO 19760 --- [johnson-sistema] [restartedMain] o.h.e.t.j.p.i.JtaPlatformInitiator       : HHH000489: No JTA platform available (set 'hibernate.transaction.jta.platform' to enable JTA platform integration)
2026-03-17T09:09:17.446-06:00  INFO 19760 --- [johnson-sistema] [restartedMain] j.LocalContainerEntityManagerFactoryBean : Initialized JPA EntityManagerFactory for persistence unit 'default'
2026-03-17T09:09:18.669-06:00  WARN 19760 --- [johnson-sistema] [restartedMain] JpaBaseConfiguration$JpaWebConfiguration : spring.jpa.open-in-view is enabled by default. Therefore, database queries may be performed during view rendering. Explicitly configure spring.jpa.open-in-view to disable this warning
2026-03-17T09:09:18.768-06:00  INFO 19760 --- [johnson-sistema] [restartedMain] o.s.b.a.w.s.WelcomePageHandlerMapping    : Adding welcome page template: index
2026-03-17T09:09:19.083-06:00  INFO 19760 --- [johnson-sistema] [restartedMain] r$InitializeUserDetailsManagerConfigurer : Global AuthenticationManager configured with UserDetailsService bean with name detallesUsuarioServicio
2026-03-17T09:09:19.546-06:00  INFO 19760 --- [johnson-sistema] [restartedMain] o.s.b.d.a.OptionalLiveReloadServer       : LiveReload server is running on port 35729
2026-03-17T09:09:19.566-06:00  INFO 19760 --- [johnson-sistema] [restartedMain] o.s.m.s.b.SimpleBrokerMessageHandler     : Starting...
2026-03-17T09:09:19.566-06:00  INFO 19760 --- [johnson-sistema] [restartedMain] o.s.m.s.b.SimpleBrokerMessageHandler     : BrokerAvailabilityEvent[available=true, SimpleBrokerMessageHandler [org.springframework.messaging.simp.broker.DefaultSubscriptionRegistry@e800cb7]]
2026-03-17T09:09:19.567-06:00  INFO 19760 --- [johnson-sistema] [restartedMain] o.s.m.s.b.SimpleBrokerMessageHandler     : Started.
2026-03-17T09:09:19.572-06:00  INFO 19760 --- [johnson-sistema] [restartedMain] o.s.b.w.embedded.tomcat.TomcatWebServer  : Tomcat started on port 8081 (http) with context path '/'
2026-03-17T09:09:19.585-06:00  INFO 19760 --- [johnson-sistema] [restartedMain] c.j.practica.JohnsonSistemaApplication   : Started JohnsonSistemaApplication in 4.58 seconds (process running for 5838.619)
2026-03-17T09:09:20.082-06:00  WARN 19760 --- [johnson-sistema] [restartedMain] o.h.engine.jdbc.spi.SqlExceptionHelper   : SQL Error: 0, SQLState: 23503
2026-03-17T09:09:20.083-06:00 ERROR 19760 --- [johnson-sistema] [restartedMain] o.h.engine.jdbc.spi.SqlExceptionHelper   : ERROR: update or delete on table "elemento_checklist" violates foreign key constraint "fkbtyepfqum8rnqr07wxvvcr1ms" on table "adjuntos"
  Detail: Key (id)=(1) is still referenced from table "adjuntos".
2026-03-17T09:09:20.087-06:00  INFO 19760 --- [johnson-sistema] [restartedMain] c.johnson.practica.config.CargadorDatos  : Cargando datos iniciales...
2026-03-17T09:09:20.121-06:00  INFO 19760 --- [johnson-sistema] [restartedMain] c.johnson.practica.config.CargadorDatos  : Forzando re-encriptación de contraseña del admin...
2026-03-17T09:09:20.285-06:00  INFO 19760 --- [johnson-sistema] [restartedMain] c.johnson.practica.config.CargadorDatos  : Forzando re-encriptación de contraseña del visitante...
2026-03-17T09:09:20.578-06:00  INFO 19760 --- [johnson-sistema] [restartedMain] .ConditionEvaluationDeltaLoggingListener : Condition evaluation unchanged
2026-03-17T09:10:19.579-06:00  INFO 19760 --- [johnson-sistema] [MessageBroker-1] o.s.w.s.c.WebSocketMessageBrokerStats    : WebSocketSession[0 current WS(0)-HttpStream(0)-HttpPoll(0), 0 total, 0 closed abnormally (0 connect failure, 0 send limit, 0 transport error)], stompSubProtocol[processed CONNECT(0)-CONNECTED(0)-DISCONNECT(0)], stompBrokerRelay[null], inboundChannel[pool size = 0, active threads = 0, queued tasks = 0, completed tasks = 0], outboundChannel[pool size = 0, active threads = 0, queued tasks = 0, completed tasks = 0], sockJsScheduler[pool size = 3, active threads = 1, queued tasks = 2, completed tasks = 0]
2026-03-17T09:25:06.991-06:00  INFO 19760 --- [johnson-sistema] [File Watcher] rtingClassPathChangeChangedEventListener : Restarting due to 1 class path change (0 additions, 0 deletions, 1 modification)
2026-03-17T09:25:07.287-06:00  INFO 19760 --- [johnson-sistema] [Thread-144] o.s.b.w.e.tomcat.GracefulShutdown        : Commencing graceful shutdown. Waiting for active requests to complete
2026-03-17T09:25:09.475-06:00  INFO 19760 --- [johnson-sistema] [tomcat-shutdown] o.s.b.w.e.tomcat.GracefulShutdown        : Graceful shutdown complete
2026-03-17T09:25:09.477-06:00  INFO 19760 --- [johnson-sistema] [Thread-144] o.s.m.s.b.SimpleBrokerMessageHandler     : Stopping...
2026-03-17T09:25:09.478-06:00  INFO 19760 --- [johnson-sistema] [Thread-144] o.s.m.s.b.SimpleBrokerMessageHandler     : BrokerAvailabilityEvent[available=false, SimpleBrokerMessageHandler [org.springframework.messaging.simp.broker.DefaultSubscriptionRegistry@e800cb7]]
2026-03-17T09:25:09.478-06:00  INFO 19760 --- [johnson-sistema] [Thread-144] o.s.m.s.b.SimpleBrokerMessageHandler     : Stopped.
2026-03-17T09:25:09.485-06:00  INFO 19760 --- [johnson-sistema] [Thread-144] j.LocalContainerEntityManagerFactoryBean : Closing JPA EntityManagerFactory for persistence unit 'default'
2026-03-17T09:25:09.487-06:00  INFO 19760 --- [johnson-sistema] [Thread-144] com.zaxxer.hikari.HikariDataSource       : HikariPool-21 - Shutdown initiated...
2026-03-17T09:25:09.495-06:00  INFO 19760 --- [johnson-sistema] [Thread-144] com.zaxxer.hikari.HikariDataSource       : HikariPool-21 - Shutdown completed.
2026-03-17T09:25:09.771-06:00  INFO 19760 --- [johnson-sistema] [restartedMain] c.j.practica.JohnsonSistemaApplication   : Starting JohnsonSistemaApplication using Java 17.0.12 with PID 19760 (C:\Users\User\OneDrive\Escritorio\Escuela\PRACTICAS\Sistema_Johnson\johnson-sistema\target\classes started by Franco in C:\Users\User\OneDrive\Escritorio\Escuela\PRACTICAS\Sistema_Johnson\johnson-sistema)
2026-03-17T09:25:09.774-06:00  INFO 19760 --- [johnson-sistema] [restartedMain] c.j.practica.JohnsonSistemaApplication   : No active profile set, falling back to 1 default profile: "default"
2026-03-17T09:25:10.501-06:00  INFO 19760 --- [johnson-sistema] [restartedMain] .s.d.r.c.RepositoryConfigurationDelegate : Bootstrapping Spring Data JPA repositories in DEFAULT mode.
2026-03-17T09:25:10.561-06:00  INFO 19760 --- [johnson-sistema] [restartedMain] .s.d.r.c.RepositoryConfigurationDelegate : Finished Spring Data repository scanning in 59 ms. Found 10 JPA repository interfaces.
2026-03-17T09:25:10.990-06:00  INFO 19760 --- [johnson-sistema] [restartedMain] o.s.b.w.embedded.tomcat.TomcatWebServer  : Tomcat initialized with port 8081 (http)
2026-03-17T09:25:11.022-06:00  INFO 19760 --- [johnson-sistema] [restartedMain] o.apache.catalina.core.StandardService   : Starting service [Tomcat]
2026-03-17T09:25:11.030-06:00  INFO 19760 --- [johnson-sistema] [restartedMain] o.apache.catalina.core.StandardEngine    : Starting Servlet engine: [Apache Tomcat/10.1.50]
2026-03-17T09:25:11.155-06:00  INFO 19760 --- [johnson-sistema] [restartedMain] o.a.c.c.C.[Tomcat].[localhost].[/]       : Initializing Spring embedded WebApplicationContext
2026-03-17T09:25:11.155-06:00  INFO 19760 --- [johnson-sistema] [restartedMain] w.s.c.ServletWebServerApplicationContext : Root WebApplicationContext: initialization completed in 1375 ms
2026-03-17T09:25:11.390-06:00  INFO 19760 --- [johnson-sistema] [restartedMain] o.hibernate.jpa.internal.util.LogHelper  : HHH000204: Processing PersistenceUnitInfo [name: default]
2026-03-17T09:25:11.423-06:00  INFO 19760 --- [johnson-sistema] [restartedMain] o.h.c.internal.RegionFactoryInitiator    : HHH000026: Second-level cache disabled
2026-03-17T09:25:11.455-06:00  INFO 19760 --- [johnson-sistema] [restartedMain] o.s.o.j.p.SpringPersistenceUnitInfo      : No LoadTimeWeaver setup: ignoring JPA class transformer
2026-03-17T09:25:11.477-06:00  INFO 19760 --- [johnson-sistema] [restartedMain] com.zaxxer.hikari.HikariDataSource       : HikariPool-22 - Starting...
2026-03-17T09:25:14.817-06:00  WARN 19760 --- [johnson-sistema] [restartedMain] o.h.engine.jdbc.spi.SqlExceptionHelper   : SQL Error: 0, SQLState: 08001
2026-03-17T09:25:14.819-06:00 ERROR 19760 --- [johnson-sistema] [restartedMain] o.h.engine.jdbc.spi.SqlExceptionHelper   : El intento de conexión falló.
2026-03-17T09:25:14.848-06:00  WARN 19760 --- [johnson-sistema] [restartedMain] o.h.e.j.e.i.JdbcEnvironmentInitiator     : HHH000342: Could not obtain connection to query metadata

org.hibernate.exception.JDBCConnectionException: unable to obtain isolated JDBC connection [El intento de conexión falló.] [n/a]
	at org.hibernate.exception.internal.SQLStateConversionDelegate.convert(SQLStateConversionDelegate.java:100) ~[hibernate-core-6.6.41.Final.jar:6.6.41.Final]
	at org.hibernate.exception.internal.StandardSQLExceptionConverter.convert(StandardSQLExceptionConverter.java:58) ~[hibernate-core-6.6.41.Final.jar:6.6.41.Final]
	at org.hibernate.engine.jdbc.spi.SqlExceptionHelper.convert(SqlExceptionHelper.java:108) ~[hibernate-core-6.6.41.Final.jar:6.6.41.Final]
	at org.hibernate.engine.jdbc.spi.SqlExceptionHelper.convert(SqlExceptionHelper.java:94) ~[hibernate-core-6.6.41.Final.jar:6.6.41.Final]
	at org.hibernate.resource.transaction.backend.jdbc.internal.JdbcIsolationDelegate.delegateWork(JdbcIsolationDelegate.java:116) ~[hibernate-core-6.6.41.Final.jar:6.6.41.Final]
	at org.hibernate.engine.jdbc.env.internal.JdbcEnvironmentInitiator.getJdbcEnvironmentUsingJdbcMetadata(JdbcEnvironmentInitiator.java:334) ~[hibernate-core-6.6.41.Final.jar:6.6.41.Final]
	at org.hibernate.engine.jdbc.env.internal.JdbcEnvironmentInitiator.initiateService(JdbcEnvironmentInitiator.java:129) ~[hibernate-core-6.6.41.Final.jar:6.6.41.Final]
	at org.hibernate.engine.jdbc.env.internal.JdbcEnvironmentInitiator.initiateService(JdbcEnvironmentInitiator.java:81) ~[hibernate-core-6.6.41.Final.jar:6.6.41.Final]
	at org.hibernate.boot.registry.internal.StandardServiceRegistryImpl.initiateService(StandardServiceRegistryImpl.java:130) ~[hibernate-core-6.6.41.Final.jar:6.6.41.Final]
	at org.hibernate.service.internal.AbstractServiceRegistryImpl.createService(AbstractServiceRegistryImpl.java:263) ~[hibernate-core-6.6.41.Final.jar:6.6.41.Final]
	at org.hibernate.service.internal.AbstractServiceRegistryImpl.initializeService(AbstractServiceRegistryImpl.java:238) ~[hibernate-core-6.6.41.Final.jar:6.6.41.Final]
	at org.hibernate.service.internal.AbstractServiceRegistryImpl.getService(AbstractServiceRegistryImpl.java:215) ~[hibernate-core-6.6.41.Final.jar:6.6.41.Final]
	at org.hibernate.boot.model.relational.Database.<init>(Database.java:45) ~[hibernate-core-6.6.41.Final.jar:6.6.41.Final]
	at org.hibernate.boot.internal.InFlightMetadataCollectorImpl.getDatabase(InFlightMetadataCollectorImpl.java:226) ~[hibernate-core-6.6.41.Final.jar:6.6.41.Final]
	at org.hibernate.boot.internal.InFlightMetadataCollectorImpl.<init>(InFlightMetadataCollectorImpl.java:194) ~[hibernate-core-6.6.41.Final.jar:6.6.41.Final]
	at org.hibernate.boot.model.process.spi.MetadataBuildingProcess.complete(MetadataBuildingProcess.java:171) ~[hibernate-core-6.6.41.Final.jar:6.6.41.Final]
	at org.hibernate.jpa.boot.internal.EntityManagerFactoryBuilderImpl.metadata(EntityManagerFactoryBuilderImpl.java:1442) ~[hibernate-core-6.6.41.Final.jar:6.6.41.Final]
	at org.hibernate.jpa.boot.internal.EntityManagerFactoryBuilderImpl.build(EntityManagerFactoryBuilderImpl.java:1513) ~[hibernate-core-6.6.41.Final.jar:6.6.41.Final]
	at org.springframework.orm.jpa.vendor.SpringHibernateJpaPersistenceProvider.createContainerEntityManagerFactory(SpringHibernateJpaPersistenceProvider.java:66) ~[spring-orm-6.2.15.jar:6.2.15]
	at org.springframework.orm.jpa.LocalContainerEntityManagerFactoryBean.createNativeEntityManagerFactory(LocalContainerEntityManagerFactoryBean.java:390) ~[spring-orm-6.2.15.jar:6.2.15]
	at org.springframework.orm.jpa.AbstractEntityManagerFactoryBean.buildNativeEntityManagerFactory(AbstractEntityManagerFactoryBean.java:419) ~[spring-orm-6.2.15.jar:6.2.15]
	at org.springframework.orm.jpa.AbstractEntityManagerFactoryBean.afterPropertiesSet(AbstractEntityManagerFactoryBean.java:400) ~[spring-orm-6.2.15.jar:6.2.15]
	at org.springframework.orm.jpa.LocalContainerEntityManagerFactoryBean.afterPropertiesSet(LocalContainerEntityManagerFactoryBean.java:366) ~[spring-orm-6.2.15.jar:6.2.15]
	at org.springframework.beans.factory.support.AbstractAutowireCapableBeanFactory.invokeInitMethods(AbstractAutowireCapableBeanFactory.java:1873) ~[spring-beans-6.2.15.jar:6.2.15]
	at org.springframework.beans.factory.support.AbstractAutowireCapableBeanFactory.initializeBean(AbstractAutowireCapableBeanFactory.java:1822) ~[spring-beans-6.2.15.jar:6.2.15]
	at org.springframework.beans.factory.support.AbstractAutowireCapableBeanFactory.doCreateBean(AbstractAutowireCapableBeanFactory.java:607) ~[spring-beans-6.2.15.jar:6.2.15]
	at org.springframework.beans.factory.support.AbstractAutowireCapableBeanFactory.createBean(AbstractAutowireCapableBeanFactory.java:529) ~[spring-beans-6.2.15.jar:6.2.15]
	at org.springframework.beans.factory.support.AbstractBeanFactory.lambda$doGetBean$0(AbstractBeanFactory.java:339) ~[spring-beans-6.2.15.jar:6.2.15]
	at org.springframework.beans.factory.support.DefaultSingletonBeanRegistry.getSingleton(DefaultSingletonBeanRegistry.java:373) ~[spring-beans-6.2.15.jar:6.2.15]
	at org.springframework.beans.factory.support.AbstractBeanFactory.doGetBean(AbstractBeanFactory.java:337) ~[spring-beans-6.2.15.jar:6.2.15]
	at org.springframework.beans.factory.support.AbstractBeanFactory.getBean(AbstractBeanFactory.java:207) ~[spring-beans-6.2.15.jar:6.2.15]
	at org.springframework.context.support.AbstractApplicationContext.finishBeanFactoryInitialization(AbstractApplicationContext.java:973) ~[spring-context-6.2.15.jar:6.2.15]
	at org.springframework.context.support.AbstractApplicationContext.refresh(AbstractApplicationContext.java:627) ~[spring-context-6.2.15.jar:6.2.15]
	at org.springframework.boot.web.servlet.context.ServletWebServerApplicationContext.refresh(ServletWebServerApplicationContext.java:146) ~[spring-boot-3.5.10.jar:3.5.10]
	at org.springframework.boot.SpringApplication.refresh(SpringApplication.java:752) ~[spring-boot-3.5.10.jar:3.5.10]
	at org.springframework.boot.SpringApplication.refreshContext(SpringApplication.java:439) ~[spring-boot-3.5.10.jar:3.5.10]
	at org.springframework.boot.SpringApplication.run(SpringApplication.java:318) ~[spring-boot-3.5.10.jar:3.5.10]
	at org.springframework.boot.SpringApplication.run(SpringApplication.java:1361) ~[spring-boot-3.5.10.jar:3.5.10]
	at org.springframework.boot.SpringApplication.run(SpringApplication.java:1350) ~[spring-boot-3.5.10.jar:3.5.10]
	at com.johnson.practica.JohnsonSistemaApplication.main(JohnsonSistemaApplication.java:16) ~[classes/:na]
	at java.base/jdk.internal.reflect.NativeMethodAccessorImpl.invoke0(Native Method) ~[na:na]
	at java.base/jdk.internal.reflect.NativeMethodAccessorImpl.invoke(NativeMethodAccessorImpl.java:77) ~[na:na]
	at java.base/jdk.internal.reflect.DelegatingMethodAccessorImpl.invoke(DelegatingMethodAccessorImpl.java:43) ~[na:na]
	at java.base/java.lang.reflect.Method.invoke(Method.java:568) ~[na:na]
	at org.springframework.boot.devtools.restart.RestartLauncher.run(RestartLauncher.java:50) ~[spring-boot-devtools-3.5.10.jar:3.5.10]
Caused by: org.postgresql.util.PSQLException: El intento de conexión falló.
	at org.postgresql.core.v3.ConnectionFactoryImpl.openConnectionImpl(ConnectionFactoryImpl.java:385) ~[postgresql-42.7.9.jar:42.7.9]
	at org.postgresql.core.ConnectionFactory.openConnection(ConnectionFactory.java:57) ~[postgresql-42.7.9.jar:42.7.9]
	at org.postgresql.jdbc.PgConnection.<init>(PgConnection.java:290) ~[postgresql-42.7.9.jar:42.7.9]
	at org.postgresql.Driver.makeConnection(Driver.java:448) ~[postgresql-42.7.9.jar:42.7.9]
	at org.postgresql.Driver.connect(Driver.java:298) ~[postgresql-42.7.9.jar:42.7.9]
	at com.zaxxer.hikari.util.DriverDataSource.getConnection(DriverDataSource.java:144) ~[HikariCP-6.3.3.jar:na]
	at com.zaxxer.hikari.pool.PoolBase.newConnection(PoolBase.java:370) ~[HikariCP-6.3.3.jar:na]
	at com.zaxxer.hikari.pool.PoolBase.newPoolEntry(PoolBase.java:207) ~[HikariCP-6.3.3.jar:na]
	at com.zaxxer.hikari.pool.HikariPool.createPoolEntry(HikariPool.java:488) ~[HikariCP-6.3.3.jar:na]
	at com.zaxxer.hikari.pool.HikariPool.checkFailFast(HikariPool.java:576) ~[HikariCP-6.3.3.jar:na]
	at com.zaxxer.hikari.pool.HikariPool.<init>(HikariPool.java:97) ~[HikariCP-6.3.3.jar:na]
	at com.zaxxer.hikari.HikariDataSource.getConnection(HikariDataSource.java:111) ~[HikariCP-6.3.3.jar:na]
	at org.hibernate.engine.jdbc.connections.internal.DatasourceConnectionProviderImpl.getConnection(DatasourceConnectionProviderImpl.java:126) ~[hibernate-core-6.6.41.Final.jar:6.6.41.Final]
	at org.hibernate.engine.jdbc.env.internal.JdbcEnvironmentInitiator$ConnectionProviderJdbcConnectionAccess.obtainConnection(JdbcEnvironmentInitiator.java:485) ~[hibernate-core-6.6.41.Final.jar:6.6.41.Final]
	at org.hibernate.resource.transaction.backend.jdbc.internal.JdbcIsolationDelegate.delegateWork(JdbcIsolationDelegate.java:61) ~[hibernate-core-6.6.41.Final.jar:6.6.41.Final]
	... 40 common frames omitted
Caused by: java.net.UnknownHostException: db
	at java.base/sun.nio.ch.NioSocketImpl.connect(NioSocketImpl.java:572) ~[na:na]
	at java.base/java.net.SocksSocketImpl.connect(SocksSocketImpl.java:327) ~[na:na]
	at java.base/java.net.Socket.connect(Socket.java:633) ~[na:na]
	at org.postgresql.core.PGStream.createSocket(PGStream.java:261) ~[postgresql-42.7.9.jar:42.7.9]
	at org.postgresql.core.PGStream.<init>(PGStream.java:122) ~[postgresql-42.7.9.jar:42.7.9]
	at org.postgresql.core.v3.ConnectionFactoryImpl.tryConnect(ConnectionFactoryImpl.java:146) ~[postgresql-42.7.9.jar:42.7.9]
	at org.postgresql.core.v3.ConnectionFactoryImpl.openConnectionImpl(ConnectionFactoryImpl.java:289) ~[postgresql-42.7.9.jar:42.7.9]
	... 54 common frames omitted

2026-03-17T09:25:14.951-06:00  WARN 19760 --- [johnson-sistema] [restartedMain] org.hibernate.orm.deprecation            : HHH90000025: PostgreSQLDialect does not need to be specified explicitly using 'hibernate.dialect' (remove the property setting and it will be selected by default)
2026-03-17T09:25:14.956-06:00  INFO 19760 --- [johnson-sistema] [restartedMain] org.hibernate.orm.connections.pooling    : HHH10001005: Database info:
	Database JDBC URL [Connecting through datasource 'HikariDataSource (null)']
	Database driver: undefined/unknown
	Database version: 12.0
	Autocommit mode: undefined/unknown
	Isolation level: undefined/unknown
	Minimum pool size: undefined/unknown
	Maximum pool size: undefined/unknown
2026-03-17T09:25:15.214-06:00  INFO 19760 --- [johnson-sistema] [restartedMain] o.h.e.t.j.p.i.JtaPlatformInitiator       : HHH000489: No JTA platform available (set 'hibernate.transaction.jta.platform' to enable JTA platform integration)
2026-03-17T09:25:15.221-06:00  INFO 19760 --- [johnson-sistema] [restartedMain] com.zaxxer.hikari.HikariDataSource       : HikariPool-22 - Starting...
2026-03-17T09:25:16.225-06:00  WARN 19760 --- [johnson-sistema] [restartedMain] o.h.engine.jdbc.spi.SqlExceptionHelper   : SQL Error: 0, SQLState: 08001
2026-03-17T09:25:16.228-06:00 ERROR 19760 --- [johnson-sistema] [restartedMain] o.h.engine.jdbc.spi.SqlExceptionHelper   : El intento de conexión falló.
2026-03-17T09:25:16.238-06:00 ERROR 19760 --- [johnson-sistema] [restartedMain] j.LocalContainerEntityManagerFactoryBean : Failed to initialize JPA EntityManagerFactory: [PersistenceUnit: default] Unable to build Hibernate SessionFactory; nested exception is org.hibernate.exception.JDBCConnectionException: Unable to open JDBC Connection for DDL execution [El intento de conexión falló.] [n/a]
2026-03-17T09:25:16.257-06:00  WARN 19760 --- [johnson-sistema] [restartedMain] ConfigServletWebServerApplicationContext : Exception encountered during context initialization - cancelling refresh attempt: org.springframework.beans.factory.BeanCreationException: Error creating bean with name 'entityManagerFactory' defined in class path resource [org/springframework/boot/autoconfigure/orm/jpa/HibernateJpaConfiguration.class]: [PersistenceUnit: default] Unable to build Hibernate SessionFactory; nested exception is org.hibernate.exception.JDBCConnectionException: Unable to open JDBC Connection for DDL execution [El intento de conexión falló.] [n/a]
2026-03-17T09:25:16.261-06:00  INFO 19760 --- [johnson-sistema] [restartedMain] o.apache.catalina.core.StandardService   : Stopping service [Tomcat]
2026-03-17T09:25:16.284-06:00  INFO 19760 --- [johnson-sistema] [restartedMain] .s.b.a.l.ConditionEvaluationReportLogger : 

Error starting ApplicationContext. To display the condition evaluation report re-run your application with 'debug' enabled.
2026-03-17T09:25:16.376-06:00 ERROR 19760 --- [johnson-sistema] [restartedMain] o.s.boot.SpringApplication               : Application run failed

org.springframework.beans.factory.BeanCreationException: Error creating bean with name 'entityManagerFactory' defined in class path resource [org/springframework/boot/autoconfigure/orm/jpa/HibernateJpaConfiguration.class]: [PersistenceUnit: default] Unable to build Hibernate SessionFactory; nested exception is org.hibernate.exception.JDBCConnectionException: Unable to open JDBC Connection for DDL execution [El intento de conexión falló.] [n/a]
	at org.springframework.beans.factory.support.AbstractAutowireCapableBeanFactory.initializeBean(AbstractAutowireCapableBeanFactory.java:1826) ~[spring-beans-6.2.15.jar:6.2.15]
	at org.springframework.beans.factory.support.AbstractAutowireCapableBeanFactory.doCreateBean(AbstractAutowireCapableBeanFactory.java:607) ~[spring-beans-6.2.15.jar:6.2.15]
	at org.springframework.beans.factory.support.AbstractAutowireCapableBeanFactory.createBean(AbstractAutowireCapableBeanFactory.java:529) ~[spring-beans-6.2.15.jar:6.2.15]
	at org.springframework.beans.factory.support.AbstractBeanFactory.lambda$doGetBean$0(AbstractBeanFactory.java:339) ~[spring-beans-6.2.15.jar:6.2.15]
	at org.springframework.beans.factory.support.DefaultSingletonBeanRegistry.getSingleton(DefaultSingletonBeanRegistry.java:373) ~[spring-beans-6.2.15.jar:6.2.15]
	at org.springframework.beans.factory.support.AbstractBeanFactory.doGetBean(AbstractBeanFactory.java:337) ~[spring-beans-6.2.15.jar:6.2.15]
	at org.springframework.beans.factory.support.AbstractBeanFactory.getBean(AbstractBeanFactory.java:207) ~[spring-beans-6.2.15.jar:6.2.15]
	at org.springframework.context.support.AbstractApplicationContext.finishBeanFactoryInitialization(AbstractApplicationContext.java:973) ~[spring-context-6.2.15.jar:6.2.15]
	at org.springframework.context.support.AbstractApplicationContext.refresh(AbstractApplicationContext.java:627) ~[spring-context-6.2.15.jar:6.2.15]
	at org.springframework.boot.web.servlet.context.ServletWebServerApplicationContext.refresh(ServletWebServerApplicationContext.java:146) ~[spring-boot-3.5.10.jar:3.5.10]
	at org.springframework.boot.SpringApplication.refresh(SpringApplication.java:752) ~[spring-boot-3.5.10.jar:3.5.10]
	at org.springframework.boot.SpringApplication.refreshContext(SpringApplication.java:439) ~[spring-boot-3.5.10.jar:3.5.10]
	at org.springframework.boot.SpringApplication.run(SpringApplication.java:318) ~[spring-boot-3.5.10.jar:3.5.10]
	at org.springframework.boot.SpringApplication.run(SpringApplication.java:1361) ~[spring-boot-3.5.10.jar:3.5.10]
	at org.springframework.boot.SpringApplication.run(SpringApplication.java:1350) ~[spring-boot-3.5.10.jar:3.5.10]
	at com.johnson.practica.JohnsonSistemaApplication.main(JohnsonSistemaApplication.java:16) ~[classes/:na]
	at java.base/jdk.internal.reflect.NativeMethodAccessorImpl.invoke0(Native Method) ~[na:na]
	at java.base/jdk.internal.reflect.NativeMethodAccessorImpl.invoke(NativeMethodAccessorImpl.java:77) ~[na:na]
	at java.base/jdk.internal.reflect.DelegatingMethodAccessorImpl.invoke(DelegatingMethodAccessorImpl.java:43) ~[na:na]
	at java.base/java.lang.reflect.Method.invoke(Method.java:568) ~[na:na]
	at org.springframework.boot.devtools.restart.RestartLauncher.run(RestartLauncher.java:50) ~[spring-boot-devtools-3.5.10.jar:3.5.10]
Caused by: jakarta.persistence.PersistenceException: [PersistenceUnit: default] Unable to build Hibernate SessionFactory; nested exception is org.hibernate.exception.JDBCConnectionException: Unable to open JDBC Connection for DDL execution [El intento de conexión falló.] [n/a]
	at org.springframework.orm.jpa.AbstractEntityManagerFactoryBean.buildNativeEntityManagerFactory(AbstractEntityManagerFactoryBean.java:431) ~[spring-orm-6.2.15.jar:6.2.15]
	at org.springframework.orm.jpa.AbstractEntityManagerFactoryBean.afterPropertiesSet(AbstractEntityManagerFactoryBean.java:400) ~[spring-orm-6.2.15.jar:6.2.15]
	at org.springframework.orm.jpa.LocalContainerEntityManagerFactoryBean.afterPropertiesSet(LocalContainerEntityManagerFactoryBean.java:366) ~[spring-orm-6.2.15.jar:6.2.15]
	at org.springframework.beans.factory.support.AbstractAutowireCapableBeanFactory.invokeInitMethods(AbstractAutowireCapableBeanFactory.java:1873) ~[spring-beans-6.2.15.jar:6.2.15]
	at org.springframework.beans.factory.support.AbstractAutowireCapableBeanFactory.initializeBean(AbstractAutowireCapableBeanFactory.java:1822) ~[spring-beans-6.2.15.jar:6.2.15]
	... 20 common frames omitted
Caused by: org.hibernate.exception.JDBCConnectionException: Unable to open JDBC Connection for DDL execution [El intento de conexión falló.] [n/a]
	at org.hibernate.exception.internal.SQLStateConversionDelegate.convert(SQLStateConversionDelegate.java:100) ~[hibernate-core-6.6.41.Final.jar:6.6.41.Final]
	at org.hibernate.exception.internal.StandardSQLExceptionConverter.convert(StandardSQLExceptionConverter.java:58) ~[hibernate-core-6.6.41.Final.jar:6.6.41.Final]
	at org.hibernate.engine.jdbc.spi.SqlExceptionHelper.convert(SqlExceptionHelper.java:108) ~[hibernate-core-6.6.41.Final.jar:6.6.41.Final]
	at org.hibernate.engine.jdbc.spi.SqlExceptionHelper.convert(SqlExceptionHelper.java:94) ~[hibernate-core-6.6.41.Final.jar:6.6.41.Final]
	at org.hibernate.resource.transaction.backend.jdbc.internal.DdlTransactionIsolatorNonJtaImpl.getIsolatedConnection(DdlTransactionIsolatorNonJtaImpl.java:74) ~[hibernate-core-6.6.41.Final.jar:6.6.41.Final]
	at org.hibernate.resource.transaction.backend.jdbc.internal.DdlTransactionIsolatorNonJtaImpl.getIsolatedConnection(DdlTransactionIsolatorNonJtaImpl.java:39) ~[hibernate-core-6.6.41.Final.jar:6.6.41.Final]
	at org.hibernate.tool.schema.internal.exec.ImprovedExtractionContextImpl.getJdbcConnection(ImprovedExtractionContextImpl.java:63) ~[hibernate-core-6.6.41.Final.jar:6.6.41.Final]
	at org.hibernate.tool.schema.extract.spi.ExtractionContext.getQueryResults(ExtractionContext.java:43) ~[hibernate-core-6.6.41.Final.jar:6.6.41.Final]
	at org.hibernate.tool.schema.extract.internal.SequenceInformationExtractorLegacyImpl.extractMetadata(SequenceInformationExtractorLegacyImpl.java:39) ~[hibernate-core-6.6.41.Final.jar:6.6.41.Final]
	at org.hibernate.tool.schema.extract.internal.DatabaseInformationImpl.initializeSequences(DatabaseInformationImpl.java:66) ~[hibernate-core-6.6.41.Final.jar:6.6.41.Final]
	at org.hibernate.tool.schema.extract.internal.DatabaseInformationImpl.<init>(DatabaseInformationImpl.java:60) ~[hibernate-core-6.6.41.Final.jar:6.6.41.Final]
	at org.hibernate.tool.schema.internal.Helper.buildDatabaseInformation(Helper.java:185) ~[hibernate-core-6.6.41.Final.jar:6.6.41.Final]
	at org.hibernate.tool.schema.internal.AbstractSchemaValidator.doValidation(AbstractSchemaValidator.java:69) ~[hibernate-core-6.6.41.Final.jar:6.6.41.Final]
	at org.hibernate.tool.schema.spi.SchemaManagementToolCoordinator.performDatabaseAction(SchemaManagementToolCoordinator.java:289) ~[hibernate-core-6.6.41.Final.jar:6.6.41.Final]
	at org.hibernate.tool.schema.spi.SchemaManagementToolCoordinator.lambda$process$5(SchemaManagementToolCoordinator.java:144) ~[hibernate-core-6.6.41.Final.jar:6.6.41.Final]
	at java.base/java.util.HashMap.forEach(HashMap.java:1421) ~[na:na]
	at org.hibernate.tool.schema.spi.SchemaManagementToolCoordinator.process(SchemaManagementToolCoordinator.java:141) ~[hibernate-core-6.6.41.Final.jar:6.6.41.Final]
	at org.hibernate.boot.internal.SessionFactoryObserverForSchemaExport.sessionFactoryCreated(SessionFactoryObserverForSchemaExport.java:37) ~[hibernate-core-6.6.41.Final.jar:6.6.41.Final]
	at org.hibernate.internal.SessionFactoryObserverChain.sessionFactoryCreated(SessionFactoryObserverChain.java:35) ~[hibernate-core-6.6.41.Final.jar:6.6.41.Final]
	at org.hibernate.internal.SessionFactoryImpl.<init>(SessionFactoryImpl.java:324) ~[hibernate-core-6.6.41.Final.jar:6.6.41.Final]
	at org.hibernate.boot.internal.SessionFactoryBuilderImpl.build(SessionFactoryBuilderImpl.java:463) ~[hibernate-core-6.6.41.Final.jar:6.6.41.Final]
	at org.hibernate.jpa.boot.internal.EntityManagerFactoryBuilderImpl.build(EntityManagerFactoryBuilderImpl.java:1517) ~[hibernate-core-6.6.41.Final.jar:6.6.41.Final]
	at org.springframework.orm.jpa.vendor.SpringHibernateJpaPersistenceProvider.createContainerEntityManagerFactory(SpringHibernateJpaPersistenceProvider.java:66) ~[spring-orm-6.2.15.jar:6.2.15]
	at org.springframework.orm.jpa.LocalContainerEntityManagerFactoryBean.createNativeEntityManagerFactory(LocalContainerEntityManagerFactoryBean.java:390) ~[spring-orm-6.2.15.jar:6.2.15]
	at org.springframework.orm.jpa.AbstractEntityManagerFactoryBean.buildNativeEntityManagerFactory(AbstractEntityManagerFactoryBean.java:419) ~[spring-orm-6.2.15.jar:6.2.15]
	... 24 common frames omitted
Caused by: org.postgresql.util.PSQLException: El intento de conexión falló.
	at org.postgresql.core.v3.ConnectionFactoryImpl.openConnectionImpl(ConnectionFactoryImpl.java:385) ~[postgresql-42.7.9.jar:42.7.9]
	at org.postgresql.core.ConnectionFactory.openConnection(ConnectionFactory.java:57) ~[postgresql-42.7.9.jar:42.7.9]
	at org.postgresql.jdbc.PgConnection.<init>(PgConnection.java:290) ~[postgresql-42.7.9.jar:42.7.9]
	at org.postgresql.Driver.makeConnection(Driver.java:448) ~[postgresql-42.7.9.jar:42.7.9]
	at org.postgresql.Driver.connect(Driver.java:298) ~[postgresql-42.7.9.jar:42.7.9]
	at com.zaxxer.hikari.util.DriverDataSource.getConnection(DriverDataSource.java:144) ~[HikariCP-6.3.3.jar:na]
	at com.zaxxer.hikari.pool.PoolBase.newConnection(PoolBase.java:370) ~[HikariCP-6.3.3.jar:na]
	at com.zaxxer.hikari.pool.PoolBase.newPoolEntry(PoolBase.java:207) ~[HikariCP-6.3.3.jar:na]
	at com.zaxxer.hikari.pool.HikariPool.createPoolEntry(HikariPool.java:488) ~[HikariCP-6.3.3.jar:na]
	at com.zaxxer.hikari.pool.HikariPool.checkFailFast(HikariPool.java:576) ~[HikariCP-6.3.3.jar:na]
	at com.zaxxer.hikari.pool.HikariPool.<init>(HikariPool.java:97) ~[HikariCP-6.3.3.jar:na]
	at com.zaxxer.hikari.HikariDataSource.getConnection(HikariDataSource.java:111) ~[HikariCP-6.3.3.jar:na]
	at org.hibernate.engine.jdbc.connections.internal.DatasourceConnectionProviderImpl.getConnection(DatasourceConnectionProviderImpl.java:126) ~[hibernate-core-6.6.41.Final.jar:6.6.41.Final]
	at org.hibernate.engine.jdbc.env.internal.JdbcEnvironmentInitiator$ConnectionProviderJdbcConnectionAccess.obtainConnection(JdbcEnvironmentInitiator.java:485) ~[hibernate-core-6.6.41.Final.jar:6.6.41.Final]
	at org.hibernate.resource.transaction.backend.jdbc.internal.DdlTransactionIsolatorNonJtaImpl.getIsolatedConnection(DdlTransactionIsolatorNonJtaImpl.java:46) ~[hibernate-core-6.6.41.Final.jar:6.6.41.Final]
	... 44 common frames omitted
Caused by: java.net.UnknownHostException: db
	at java.base/sun.nio.ch.NioSocketImpl.connect(NioSocketImpl.java:572) ~[na:na]
	at java.base/java.net.SocksSocketImpl.connect(SocksSocketImpl.java:327) ~[na:na]
	at java.base/java.net.Socket.connect(Socket.java:633) ~[na:na]
	at org.postgresql.core.PGStream.createSocket(PGStream.java:261) ~[postgresql-42.7.9.jar:42.7.9]
	at org.postgresql.core.PGStream.<init>(PGStream.java:122) ~[postgresql-42.7.9.jar:42.7.9]
	at org.postgresql.core.v3.ConnectionFactoryImpl.tryConnect(ConnectionFactoryImpl.java:146) ~[postgresql-42.7.9.jar:42.7.9]
	at org.postgresql.core.v3.ConnectionFactoryImpl.openConnectionImpl(ConnectionFactoryImpl.java:289) ~[postgresql-42.7.9.jar:42.7.9]
	... 58 common frames omitted

2026-03-17T09:25:18.320-06:00  INFO 19760 --- [johnson-sistema] [restartedMain] c.j.practica.JohnsonSistemaApplication   : Starting JohnsonSistemaApplication using Java 17.0.12 with PID 19760 (C:\Users\User\OneDrive\Escritorio\Escuela\PRACTICAS\Sistema_Johnson\johnson-sistema\target\classes started by Franco in C:\Users\User\OneDrive\Escritorio\Escuela\PRACTICAS\Sistema_Johnson\johnson-sistema)
2026-03-17T09:25:18.322-06:00  INFO 19760 --- [johnson-sistema] [restartedMain] c.j.practica.JohnsonSistemaApplication   : No active profile set, falling back to 1 default profile: "default"
2026-03-17T09:25:19.061-06:00  INFO 19760 --- [johnson-sistema] [restartedMain] .s.d.r.c.RepositoryConfigurationDelegate : Bootstrapping Spring Data JPA repositories in DEFAULT mode.
2026-03-17T09:25:19.136-06:00  INFO 19760 --- [johnson-sistema] [restartedMain] .s.d.r.c.RepositoryConfigurationDelegate : Finished Spring Data repository scanning in 71 ms. Found 10 JPA repository interfaces.
2026-03-17T09:25:19.545-06:00  INFO 19760 --- [johnson-sistema] [restartedMain] o.s.b.w.embedded.tomcat.TomcatWebServer  : Tomcat initialized with port 8081 (http)
2026-03-17T09:25:19.549-06:00  INFO 19760 --- [johnson-sistema] [restartedMain] o.apache.catalina.core.StandardService   : Starting service [Tomcat]
2026-03-17T09:25:19.550-06:00  INFO 19760 --- [johnson-sistema] [restartedMain] o.apache.catalina.core.StandardEngine    : Starting Servlet engine: [Apache Tomcat/10.1.50]
2026-03-17T09:25:19.595-06:00  INFO 19760 --- [johnson-sistema] [restartedMain] o.a.c.c.C.[Tomcat-1].[localhost].[/]     : Initializing Spring embedded WebApplicationContext
2026-03-17T09:25:19.596-06:00  INFO 19760 --- [johnson-sistema] [restartedMain] w.s.c.ServletWebServerApplicationContext : Root WebApplicationContext: initialization completed in 1267 ms
2026-03-17T09:25:19.722-06:00  INFO 19760 --- [johnson-sistema] [restartedMain] o.hibernate.jpa.internal.util.LogHelper  : HHH000204: Processing PersistenceUnitInfo [name: default]
2026-03-17T09:25:19.730-06:00  INFO 19760 --- [johnson-sistema] [restartedMain] o.h.c.internal.RegionFactoryInitiator    : HHH000026: Second-level cache disabled
2026-03-17T09:25:19.754-06:00  INFO 19760 --- [johnson-sistema] [restartedMain] o.s.o.j.p.SpringPersistenceUnitInfo      : No LoadTimeWeaver setup: ignoring JPA class transformer
2026-03-17T09:25:19.757-06:00  INFO 19760 --- [johnson-sistema] [restartedMain] com.zaxxer.hikari.HikariDataSource       : HikariPool-23 - Starting...
2026-03-17T09:25:20.763-06:00  WARN 19760 --- [johnson-sistema] [restartedMain] o.h.engine.jdbc.spi.SqlExceptionHelper   : SQL Error: 0, SQLState: 08001
2026-03-17T09:25:20.766-06:00 ERROR 19760 --- [johnson-sistema] [restartedMain] o.h.engine.jdbc.spi.SqlExceptionHelper   : El intento de conexión falló.
2026-03-17T09:25:20.768-06:00  WARN 19760 --- [johnson-sistema] [restartedMain] o.h.e.j.e.i.JdbcEnvironmentInitiator     : HHH000342: Could not obtain connection to query metadata

org.hibernate.exception.JDBCConnectionException: unable to obtain isolated JDBC connection [El intento de conexión falló.] [n/a]
	at org.hibernate.exception.internal.SQLStateConversionDelegate.convert(SQLStateConversionDelegate.java:100) ~[hibernate-core-6.6.41.Final.jar:6.6.41.Final]
	at org.hibernate.exception.internal.StandardSQLExceptionConverter.convert(StandardSQLExceptionConverter.java:58) ~[hibernate-core-6.6.41.Final.jar:6.6.41.Final]
	at org.hibernate.engine.jdbc.spi.SqlExceptionHelper.convert(SqlExceptionHelper.java:108) ~[hibernate-core-6.6.41.Final.jar:6.6.41.Final]
	at org.hibernate.engine.jdbc.spi.SqlExceptionHelper.convert(SqlExceptionHelper.java:94) ~[hibernate-core-6.6.41.Final.jar:6.6.41.Final]
	at org.hibernate.resource.transaction.backend.jdbc.internal.JdbcIsolationDelegate.delegateWork(JdbcIsolationDelegate.java:116) ~[hibernate-core-6.6.41.Final.jar:6.6.41.Final]
	at org.hibernate.engine.jdbc.env.internal.JdbcEnvironmentInitiator.getJdbcEnvironmentUsingJdbcMetadata(JdbcEnvironmentInitiator.java:334) ~[hibernate-core-6.6.41.Final.jar:6.6.41.Final]
	at org.hibernate.engine.jdbc.env.internal.JdbcEnvironmentInitiator.initiateService(JdbcEnvironmentInitiator.java:129) ~[hibernate-core-6.6.41.Final.jar:6.6.41.Final]
	at org.hibernate.engine.jdbc.env.internal.JdbcEnvironmentInitiator.initiateService(JdbcEnvironmentInitiator.java:81) ~[hibernate-core-6.6.41.Final.jar:6.6.41.Final]
	at org.hibernate.boot.registry.internal.StandardServiceRegistryImpl.initiateService(StandardServiceRegistryImpl.java:130) ~[hibernate-core-6.6.41.Final.jar:6.6.41.Final]
	at org.hibernate.service.internal.AbstractServiceRegistryImpl.createService(AbstractServiceRegistryImpl.java:263) ~[hibernate-core-6.6.41.Final.jar:6.6.41.Final]
	at org.hibernate.service.internal.AbstractServiceRegistryImpl.initializeService(AbstractServiceRegistryImpl.java:238) ~[hibernate-core-6.6.41.Final.jar:6.6.41.Final]
	at org.hibernate.service.internal.AbstractServiceRegistryImpl.getService(AbstractServiceRegistryImpl.java:215) ~[hibernate-core-6.6.41.Final.jar:6.6.41.Final]
	at org.hibernate.boot.model.relational.Database.<init>(Database.java:45) ~[hibernate-core-6.6.41.Final.jar:6.6.41.Final]
	at org.hibernate.boot.internal.InFlightMetadataCollectorImpl.getDatabase(InFlightMetadataCollectorImpl.java:226) ~[hibernate-core-6.6.41.Final.jar:6.6.41.Final]
	at org.hibernate.boot.internal.InFlightMetadataCollectorImpl.<init>(InFlightMetadataCollectorImpl.java:194) ~[hibernate-core-6.6.41.Final.jar:6.6.41.Final]
	at org.hibernate.boot.model.process.spi.MetadataBuildingProcess.complete(MetadataBuildingProcess.java:171) ~[hibernate-core-6.6.41.Final.jar:6.6.41.Final]
	at org.hibernate.jpa.boot.internal.EntityManagerFactoryBuilderImpl.metadata(EntityManagerFactoryBuilderImpl.java:1442) ~[hibernate-core-6.6.41.Final.jar:6.6.41.Final]
	at org.hibernate.jpa.boot.internal.EntityManagerFactoryBuilderImpl.build(EntityManagerFactoryBuilderImpl.java:1513) ~[hibernate-core-6.6.41.Final.jar:6.6.41.Final]
	at org.springframework.orm.jpa.vendor.SpringHibernateJpaPersistenceProvider.createContainerEntityManagerFactory(SpringHibernateJpaPersistenceProvider.java:66) ~[spring-orm-6.2.15.jar:6.2.15]
	at org.springframework.orm.jpa.LocalContainerEntityManagerFactoryBean.createNativeEntityManagerFactory(LocalContainerEntityManagerFactoryBean.java:390) ~[spring-orm-6.2.15.jar:6.2.15]
	at org.springframework.orm.jpa.AbstractEntityManagerFactoryBean.buildNativeEntityManagerFactory(AbstractEntityManagerFactoryBean.java:419) ~[spring-orm-6.2.15.jar:6.2.15]
	at org.springframework.orm.jpa.AbstractEntityManagerFactoryBean.afterPropertiesSet(AbstractEntityManagerFactoryBean.java:400) ~[spring-orm-6.2.15.jar:6.2.15]
	at org.springframework.orm.jpa.LocalContainerEntityManagerFactoryBean.afterPropertiesSet(LocalContainerEntityManagerFactoryBean.java:366) ~[spring-orm-6.2.15.jar:6.2.15]
	at org.springframework.beans.factory.support.AbstractAutowireCapableBeanFactory.invokeInitMethods(AbstractAutowireCapableBeanFactory.java:1873) ~[spring-beans-6.2.15.jar:6.2.15]
	at org.springframework.beans.factory.support.AbstractAutowireCapableBeanFactory.initializeBean(AbstractAutowireCapableBeanFactory.java:1822) ~[spring-beans-6.2.15.jar:6.2.15]
	at org.springframework.beans.factory.support.AbstractAutowireCapableBeanFactory.doCreateBean(AbstractAutowireCapableBeanFactory.java:607) ~[spring-beans-6.2.15.jar:6.2.15]
	at org.springframework.beans.factory.support.AbstractAutowireCapableBeanFactory.createBean(AbstractAutowireCapableBeanFactory.java:529) ~[spring-beans-6.2.15.jar:6.2.15]
	at org.springframework.beans.factory.support.AbstractBeanFactory.lambda$doGetBean$0(AbstractBeanFactory.java:339) ~[spring-beans-6.2.15.jar:6.2.15]
	at org.springframework.beans.factory.support.DefaultSingletonBeanRegistry.getSingleton(DefaultSingletonBeanRegistry.java:373) ~[spring-beans-6.2.15.jar:6.2.15]
	at org.springframework.beans.factory.support.AbstractBeanFactory.doGetBean(AbstractBeanFactory.java:337) ~[spring-beans-6.2.15.jar:6.2.15]
	at org.springframework.beans.factory.support.AbstractBeanFactory.getBean(AbstractBeanFactory.java:207) ~[spring-beans-6.2.15.jar:6.2.15]
	at org.springframework.context.support.AbstractApplicationContext.finishBeanFactoryInitialization(AbstractApplicationContext.java:973) ~[spring-context-6.2.15.jar:6.2.15]
	at org.springframework.context.support.AbstractApplicationContext.refresh(AbstractApplicationContext.java:627) ~[spring-context-6.2.15.jar:6.2.15]
	at org.springframework.boot.web.servlet.context.ServletWebServerApplicationContext.refresh(ServletWebServerApplicationContext.java:146) ~[spring-boot-3.5.10.jar:3.5.10]
	at org.springframework.boot.SpringApplication.refresh(SpringApplication.java:752) ~[spring-boot-3.5.10.jar:3.5.10]
	at org.springframework.boot.SpringApplication.refreshContext(SpringApplication.java:439) ~[spring-boot-3.5.10.jar:3.5.10]
	at org.springframework.boot.SpringApplication.run(SpringApplication.java:318) ~[spring-boot-3.5.10.jar:3.5.10]
	at org.springframework.boot.SpringApplication.run(SpringApplication.java:1361) ~[spring-boot-3.5.10.jar:3.5.10]
	at org.springframework.boot.SpringApplication.run(SpringApplication.java:1350) ~[spring-boot-3.5.10.jar:3.5.10]
	at com.johnson.practica.JohnsonSistemaApplication.main(JohnsonSistemaApplication.java:16) ~[classes/:na]
	at java.base/jdk.internal.reflect.NativeMethodAccessorImpl.invoke0(Native Method) ~[na:na]
	at java.base/jdk.internal.reflect.NativeMethodAccessorImpl.invoke(NativeMethodAccessorImpl.java:77) ~[na:na]
	at java.base/jdk.internal.reflect.DelegatingMethodAccessorImpl.invoke(DelegatingMethodAccessorImpl.java:43) ~[na:na]
	at java.base/java.lang.reflect.Method.invoke(Method.java:568) ~[na:na]
	at org.springframework.boot.devtools.restart.RestartLauncher.run(RestartLauncher.java:50) ~[spring-boot-devtools-3.5.10.jar:3.5.10]
Caused by: org.postgresql.util.PSQLException: El intento de conexión falló.
	at org.postgresql.core.v3.ConnectionFactoryImpl.openConnectionImpl(ConnectionFactoryImpl.java:385) ~[postgresql-42.7.9.jar:42.7.9]
	at org.postgresql.core.ConnectionFactory.openConnection(ConnectionFactory.java:57) ~[postgresql-42.7.9.jar:42.7.9]
	at org.postgresql.jdbc.PgConnection.<init>(PgConnection.java:290) ~[postgresql-42.7.9.jar:42.7.9]
	at org.postgresql.Driver.makeConnection(Driver.java:448) ~[postgresql-42.7.9.jar:42.7.9]
	at org.postgresql.Driver.connect(Driver.java:298) ~[postgresql-42.7.9.jar:42.7.9]
	at com.zaxxer.hikari.util.DriverDataSource.getConnection(DriverDataSource.java:144) ~[HikariCP-6.3.3.jar:na]
	at com.zaxxer.hikari.pool.PoolBase.newConnection(PoolBase.java:370) ~[HikariCP-6.3.3.jar:na]
	at com.zaxxer.hikari.pool.PoolBase.newPoolEntry(PoolBase.java:207) ~[HikariCP-6.3.3.jar:na]
	at com.zaxxer.hikari.pool.HikariPool.createPoolEntry(HikariPool.java:488) ~[HikariCP-6.3.3.jar:na]
	at com.zaxxer.hikari.pool.HikariPool.checkFailFast(HikariPool.java:576) ~[HikariCP-6.3.3.jar:na]
	at com.zaxxer.hikari.pool.HikariPool.<init>(HikariPool.java:97) ~[HikariCP-6.3.3.jar:na]
	at com.zaxxer.hikari.HikariDataSource.getConnection(HikariDataSource.java:111) ~[HikariCP-6.3.3.jar:na]
	at org.hibernate.engine.jdbc.connections.internal.DatasourceConnectionProviderImpl.getConnection(DatasourceConnectionProviderImpl.java:126) ~[hibernate-core-6.6.41.Final.jar:6.6.41.Final]
	at org.hibernate.engine.jdbc.env.internal.JdbcEnvironmentInitiator$ConnectionProviderJdbcConnectionAccess.obtainConnection(JdbcEnvironmentInitiator.java:485) ~[hibernate-core-6.6.41.Final.jar:6.6.41.Final]
	at org.hibernate.resource.transaction.backend.jdbc.internal.JdbcIsolationDelegate.delegateWork(JdbcIsolationDelegate.java:61) ~[hibernate-core-6.6.41.Final.jar:6.6.41.Final]
	... 40 common frames omitted
Caused by: java.net.UnknownHostException: db
	at java.base/sun.nio.ch.NioSocketImpl.connect(NioSocketImpl.java:572) ~[na:na]
	at java.base/java.net.SocksSocketImpl.connect(SocksSocketImpl.java:327) ~[na:na]
	at java.base/java.net.Socket.connect(Socket.java:633) ~[na:na]
	at org.postgresql.core.PGStream.createSocket(PGStream.java:261) ~[postgresql-42.7.9.jar:42.7.9]
	at org.postgresql.core.PGStream.<init>(PGStream.java:122) ~[postgresql-42.7.9.jar:42.7.9]
	at org.postgresql.core.v3.ConnectionFactoryImpl.tryConnect(ConnectionFactoryImpl.java:146) ~[postgresql-42.7.9.jar:42.7.9]
	at org.postgresql.core.v3.ConnectionFactoryImpl.openConnectionImpl(ConnectionFactoryImpl.java:289) ~[postgresql-42.7.9.jar:42.7.9]
	... 54 common frames omitted

2026-03-17T09:25:20.837-06:00  WARN 19760 --- [johnson-sistema] [restartedMain] org.hibernate.orm.deprecation            : HHH90000025: PostgreSQLDialect does not need to be specified explicitly using 'hibernate.dialect' (remove the property setting and it will be selected by default)
2026-03-17T09:25:20.838-06:00  INFO 19760 --- [johnson-sistema] [restartedMain] org.hibernate.orm.connections.pooling    : HHH10001005: Database info:
	Database JDBC URL [Connecting through datasource 'HikariDataSource (null)']
	Database driver: undefined/unknown
	Database version: 12.0
	Autocommit mode: undefined/unknown
	Isolation level: undefined/unknown
	Minimum pool size: undefined/unknown
	Maximum pool size: undefined/unknown
2026-03-17T09:25:21.210-06:00  INFO 19760 --- [johnson-sistema] [restartedMain] o.h.e.t.j.p.i.JtaPlatformInitiator       : HHH000489: No JTA platform available (set 'hibernate.transaction.jta.platform' to enable JTA platform integration)
2026-03-17T09:25:21.212-06:00  INFO 19760 --- [johnson-sistema] [restartedMain] com.zaxxer.hikari.HikariDataSource       : HikariPool-23 - Starting...
2026-03-17T09:25:22.251-06:00  WARN 19760 --- [johnson-sistema] [restartedMain] o.h.engine.jdbc.spi.SqlExceptionHelper   : SQL Error: 0, SQLState: 08001
2026-03-17T09:25:22.337-06:00 ERROR 19760 --- [johnson-sistema] [restartedMain] o.h.engine.jdbc.spi.SqlExceptionHelper   : El intento de conexión falló.
2026-03-17T09:25:22.350-06:00 ERROR 19760 --- [johnson-sistema] [restartedMain] j.LocalContainerEntityManagerFactoryBean : Failed to initialize JPA EntityManagerFactory: [PersistenceUnit: default] Unable to build Hibernate SessionFactory; nested exception is org.hibernate.exception.JDBCConnectionException: Unable to open JDBC Connection for DDL execution [El intento de conexión falló.] [n/a]
2026-03-17T09:25:22.403-06:00  WARN 19760 --- [johnson-sistema] [restartedMain] ConfigServletWebServerApplicationContext : Exception encountered during context initialization - cancelling refresh attempt: org.springframework.beans.factory.BeanCreationException: Error creating bean with name 'entityManagerFactory' defined in class path resource [org/springframework/boot/autoconfigure/orm/jpa/HibernateJpaConfiguration.class]: [PersistenceUnit: default] Unable to build Hibernate SessionFactory; nested exception is org.hibernate.exception.JDBCConnectionException: Unable to open JDBC Connection for DDL execution [El intento de conexión falló.] [n/a]
2026-03-17T09:25:22.430-06:00  INFO 19760 --- [johnson-sistema] [restartedMain] o.apache.catalina.core.StandardService   : Stopping service [Tomcat]
2026-03-17T09:25:22.447-06:00  INFO 19760 --- [johnson-sistema] [restartedMain] .s.b.a.l.ConditionEvaluationReportLogger : 

Error starting ApplicationContext. To display the condition evaluation report re-run your application with 'debug' enabled.
2026-03-17T09:25:22.455-06:00 ERROR 19760 --- [johnson-sistema] [restartedMain] o.s.boot.SpringApplication               : Application run failed

org.springframework.beans.factory.BeanCreationException: Error creating bean with name 'entityManagerFactory' defined in class path resource [org/springframework/boot/autoconfigure/orm/jpa/HibernateJpaConfiguration.class]: [PersistenceUnit: default] Unable to build Hibernate SessionFactory; nested exception is org.hibernate.exception.JDBCConnectionException: Unable to open JDBC Connection for DDL execution [El intento de conexión falló.] [n/a]
	at org.springframework.beans.factory.support.AbstractAutowireCapableBeanFactory.initializeBean(AbstractAutowireCapableBeanFactory.java:1826) ~[spring-beans-6.2.15.jar:6.2.15]
	at org.springframework.beans.factory.support.AbstractAutowireCapableBeanFactory.doCreateBean(AbstractAutowireCapableBeanFactory.java:607) ~[spring-beans-6.2.15.jar:6.2.15]
	at org.springframework.beans.factory.support.AbstractAutowireCapableBeanFactory.createBean(AbstractAutowireCapableBeanFactory.java:529) ~[spring-beans-6.2.15.jar:6.2.15]
	at org.springframework.beans.factory.support.AbstractBeanFactory.lambda$doGetBean$0(AbstractBeanFactory.java:339) ~[spring-beans-6.2.15.jar:6.2.15]
	at org.springframework.beans.factory.support.DefaultSingletonBeanRegistry.getSingleton(DefaultSingletonBeanRegistry.java:373) ~[spring-beans-6.2.15.jar:6.2.15]
	at org.springframework.beans.factory.support.AbstractBeanFactory.doGetBean(AbstractBeanFactory.java:337) ~[spring-beans-6.2.15.jar:6.2.15]
	at org.springframework.beans.factory.support.AbstractBeanFactory.getBean(AbstractBeanFactory.java:207) ~[spring-beans-6.2.15.jar:6.2.15]
	at org.springframework.context.support.AbstractApplicationContext.finishBeanFactoryInitialization(AbstractApplicationContext.java:973) ~[spring-context-6.2.15.jar:6.2.15]
	at org.springframework.context.support.AbstractApplicationContext.refresh(AbstractApplicationContext.java:627) ~[spring-context-6.2.15.jar:6.2.15]
	at org.springframework.boot.web.servlet.context.ServletWebServerApplicationContext.refresh(ServletWebServerApplicationContext.java:146) ~[spring-boot-3.5.10.jar:3.5.10]
	at org.springframework.boot.SpringApplication.refresh(SpringApplication.java:752) ~[spring-boot-3.5.10.jar:3.5.10]
	at org.springframework.boot.SpringApplication.refreshContext(SpringApplication.java:439) ~[spring-boot-3.5.10.jar:3.5.10]
	at org.springframework.boot.SpringApplication.run(SpringApplication.java:318) ~[spring-boot-3.5.10.jar:3.5.10]
	at org.springframework.boot.SpringApplication.run(SpringApplication.java:1361) ~[spring-boot-3.5.10.jar:3.5.10]
	at org.springframework.boot.SpringApplication.run(SpringApplication.java:1350) ~[spring-boot-3.5.10.jar:3.5.10]
	at com.johnson.practica.JohnsonSistemaApplication.main(JohnsonSistemaApplication.java:16) ~[classes/:na]
	at java.base/jdk.internal.reflect.NativeMethodAccessorImpl.invoke0(Native Method) ~[na:na]
	at java.base/jdk.internal.reflect.NativeMethodAccessorImpl.invoke(NativeMethodAccessorImpl.java:77) ~[na:na]
	at java.base/jdk.internal.reflect.DelegatingMethodAccessorImpl.invoke(DelegatingMethodAccessorImpl.java:43) ~[na:na]
	at java.base/java.lang.reflect.Method.invoke(Method.java:568) ~[na:na]
	at org.springframework.boot.devtools.restart.RestartLauncher.run(RestartLauncher.java:50) ~[spring-boot-devtools-3.5.10.jar:3.5.10]
Caused by: jakarta.persistence.PersistenceException: [PersistenceUnit: default] Unable to build Hibernate SessionFactory; nested exception is org.hibernate.exception.JDBCConnectionException: Unable to open JDBC Connection for DDL execution [El intento de conexión falló.] [n/a]
	at org.springframework.orm.jpa.AbstractEntityManagerFactoryBean.buildNativeEntityManagerFactory(AbstractEntityManagerFactoryBean.java:431) ~[spring-orm-6.2.15.jar:6.2.15]
	at org.springframework.orm.jpa.AbstractEntityManagerFactoryBean.afterPropertiesSet(AbstractEntityManagerFactoryBean.java:400) ~[spring-orm-6.2.15.jar:6.2.15]
	at org.springframework.orm.jpa.LocalContainerEntityManagerFactoryBean.afterPropertiesSet(LocalContainerEntityManagerFactoryBean.java:366) ~[spring-orm-6.2.15.jar:6.2.15]
	at org.springframework.beans.factory.support.AbstractAutowireCapableBeanFactory.invokeInitMethods(AbstractAutowireCapableBeanFactory.java:1873) ~[spring-beans-6.2.15.jar:6.2.15]
	at org.springframework.beans.factory.support.AbstractAutowireCapableBeanFactory.initializeBean(AbstractAutowireCapableBeanFactory.java:1822) ~[spring-beans-6.2.15.jar:6.2.15]
	... 20 common frames omitted
Caused by: org.hibernate.exception.JDBCConnectionException: Unable to open JDBC Connection for DDL execution [El intento de conexión falló.] [n/a]
	at org.hibernate.exception.internal.SQLStateConversionDelegate.convert(SQLStateConversionDelegate.java:100) ~[hibernate-core-6.6.41.Final.jar:6.6.41.Final]
	at org.hibernate.exception.internal.StandardSQLExceptionConverter.convert(StandardSQLExceptionConverter.java:58) ~[hibernate-core-6.6.41.Final.jar:6.6.41.Final]
	at org.hibernate.engine.jdbc.spi.SqlExceptionHelper.convert(SqlExceptionHelper.java:108) ~[hibernate-core-6.6.41.Final.jar:6.6.41.Final]
	at org.hibernate.engine.jdbc.spi.SqlExceptionHelper.convert(SqlExceptionHelper.java:94) ~[hibernate-core-6.6.41.Final.jar:6.6.41.Final]
	at org.hibernate.resource.transaction.backend.jdbc.internal.DdlTransactionIsolatorNonJtaImpl.getIsolatedConnection(DdlTransactionIsolatorNonJtaImpl.java:74) ~[hibernate-core-6.6.41.Final.jar:6.6.41.Final]
	at org.hibernate.resource.transaction.backend.jdbc.internal.DdlTransactionIsolatorNonJtaImpl.getIsolatedConnection(DdlTransactionIsolatorNonJtaImpl.java:39) ~[hibernate-core-6.6.41.Final.jar:6.6.41.Final]
	at org.hibernate.tool.schema.internal.exec.ImprovedExtractionContextImpl.getJdbcConnection(ImprovedExtractionContextImpl.java:63) ~[hibernate-core-6.6.41.Final.jar:6.6.41.Final]
	at org.hibernate.tool.schema.extract.spi.ExtractionContext.getQueryResults(ExtractionContext.java:43) ~[hibernate-core-6.6.41.Final.jar:6.6.41.Final]
	at org.hibernate.tool.schema.extract.internal.SequenceInformationExtractorLegacyImpl.extractMetadata(SequenceInformationExtractorLegacyImpl.java:39) ~[hibernate-core-6.6.41.Final.jar:6.6.41.Final]
	at org.hibernate.tool.schema.extract.internal.DatabaseInformationImpl.initializeSequences(DatabaseInformationImpl.java:66) ~[hibernate-core-6.6.41.Final.jar:6.6.41.Final]
	at org.hibernate.tool.schema.extract.internal.DatabaseInformationImpl.<init>(DatabaseInformationImpl.java:60) ~[hibernate-core-6.6.41.Final.jar:6.6.41.Final]
	at org.hibernate.tool.schema.internal.Helper.buildDatabaseInformation(Helper.java:185) ~[hibernate-core-6.6.41.Final.jar:6.6.41.Final]
	at org.hibernate.tool.schema.internal.AbstractSchemaValidator.doValidation(AbstractSchemaValidator.java:69) ~[hibernate-core-6.6.41.Final.jar:6.6.41.Final]
	at org.hibernate.tool.schema.spi.SchemaManagementToolCoordinator.performDatabaseAction(SchemaManagementToolCoordinator.java:289) ~[hibernate-core-6.6.41.Final.jar:6.6.41.Final]
	at org.hibernate.tool.schema.spi.SchemaManagementToolCoordinator.lambda$process$5(SchemaManagementToolCoordinator.java:144) ~[hibernate-core-6.6.41.Final.jar:6.6.41.Final]
	at java.base/java.util.HashMap.forEach(HashMap.java:1421) ~[na:na]
	at org.hibernate.tool.schema.spi.SchemaManagementToolCoordinator.process(SchemaManagementToolCoordinator.java:141) ~[hibernate-core-6.6.41.Final.jar:6.6.41.Final]
	at org.hibernate.boot.internal.SessionFactoryObserverForSchemaExport.sessionFactoryCreated(SessionFactoryObserverForSchemaExport.java:37) ~[hibernate-core-6.6.41.Final.jar:6.6.41.Final]
	at org.hibernate.internal.SessionFactoryObserverChain.sessionFactoryCreated(SessionFactoryObserverChain.java:35) ~[hibernate-core-6.6.41.Final.jar:6.6.41.Final]
	at org.hibernate.internal.SessionFactoryImpl.<init>(SessionFactoryImpl.java:324) ~[hibernate-core-6.6.41.Final.jar:6.6.41.Final]
	at org.hibernate.boot.internal.SessionFactoryBuilderImpl.build(SessionFactoryBuilderImpl.java:463) ~[hibernate-core-6.6.41.Final.jar:6.6.41.Final]
	at org.hibernate.jpa.boot.internal.EntityManagerFactoryBuilderImpl.build(EntityManagerFactoryBuilderImpl.java:1517) ~[hibernate-core-6.6.41.Final.jar:6.6.41.Final]
	at org.springframework.orm.jpa.vendor.SpringHibernateJpaPersistenceProvider.createContainerEntityManagerFactory(SpringHibernateJpaPersistenceProvider.java:66) ~[spring-orm-6.2.15.jar:6.2.15]
	at org.springframework.orm.jpa.LocalContainerEntityManagerFactoryBean.createNativeEntityManagerFactory(LocalContainerEntityManagerFactoryBean.java:390) ~[spring-orm-6.2.15.jar:6.2.15]
	at org.springframework.orm.jpa.AbstractEntityManagerFactoryBean.buildNativeEntityManagerFactory(AbstractEntityManagerFactoryBean.java:419) ~[spring-orm-6.2.15.jar:6.2.15]
	... 24 common frames omitted
Caused by: org.postgresql.util.PSQLException: El intento de conexión falló.
	at org.postgresql.core.v3.ConnectionFactoryImpl.openConnectionImpl(ConnectionFactoryImpl.java:385) ~[postgresql-42.7.9.jar:42.7.9]
	at org.postgresql.core.ConnectionFactory.openConnection(ConnectionFactory.java:57) ~[postgresql-42.7.9.jar:42.7.9]
	at org.postgresql.jdbc.PgConnection.<init>(PgConnection.java:290) ~[postgresql-42.7.9.jar:42.7.9]
	at org.postgresql.Driver.makeConnection(Driver.java:448) ~[postgresql-42.7.9.jar:42.7.9]
	at org.postgresql.Driver.connect(Driver.java:298) ~[postgresql-42.7.9.jar:42.7.9]
	at com.zaxxer.hikari.util.DriverDataSource.getConnection(DriverDataSource.java:144) ~[HikariCP-6.3.3.jar:na]
	at com.zaxxer.hikari.pool.PoolBase.newConnection(PoolBase.java:370) ~[HikariCP-6.3.3.jar:na]
	at com.zaxxer.hikari.pool.PoolBase.newPoolEntry(PoolBase.java:207) ~[HikariCP-6.3.3.jar:na]
	at com.zaxxer.hikari.pool.HikariPool.createPoolEntry(HikariPool.java:488) ~[HikariCP-6.3.3.jar:na]
	at com.zaxxer.hikari.pool.HikariPool.checkFailFast(HikariPool.java:576) ~[HikariCP-6.3.3.jar:na]
	at com.zaxxer.hikari.pool.HikariPool.<init>(HikariPool.java:97) ~[HikariCP-6.3.3.jar:na]
	at com.zaxxer.hikari.HikariDataSource.getConnection(HikariDataSource.java:111) ~[HikariCP-6.3.3.jar:na]
	at org.hibernate.engine.jdbc.connections.internal.DatasourceConnectionProviderImpl.getConnection(DatasourceConnectionProviderImpl.java:126) ~[hibernate-core-6.6.41.Final.jar:6.6.41.Final]
	at org.hibernate.engine.jdbc.env.internal.JdbcEnvironmentInitiator$ConnectionProviderJdbcConnectionAccess.obtainConnection(JdbcEnvironmentInitiator.java:485) ~[hibernate-core-6.6.41.Final.jar:6.6.41.Final]
	at org.hibernate.resource.transaction.backend.jdbc.internal.DdlTransactionIsolatorNonJtaImpl.getIsolatedConnection(DdlTransactionIsolatorNonJtaImpl.java:46) ~[hibernate-core-6.6.41.Final.jar:6.6.41.Final]
	... 44 common frames omitted
Caused by: java.net.UnknownHostException: db
	at java.base/sun.nio.ch.NioSocketImpl.connect(NioSocketImpl.java:572) ~[na:na]
	at java.base/java.net.SocksSocketImpl.connect(SocksSocketImpl.java:327) ~[na:na]
	at java.base/java.net.Socket.connect(Socket.java:633) ~[na:na]
	at org.postgresql.core.PGStream.createSocket(PGStream.java:261) ~[postgresql-42.7.9.jar:42.7.9]
	at org.postgresql.core.PGStream.<init>(PGStream.java:122) ~[postgresql-42.7.9.jar:42.7.9]
	at org.postgresql.core.v3.ConnectionFactoryImpl.tryConnect(ConnectionFactoryImpl.java:146) ~[postgresql-42.7.9.jar:42.7.9]
	at org.postgresql.core.v3.ConnectionFactoryImpl.openConnectionImpl(ConnectionFactoryImpl.java:289) ~[postgresql-42.7.9.jar:42.7.9]
	... 58 common frames omitted

2026-03-17T09:25:28.762-06:00  INFO 19760 --- [johnson-sistema] [restartedMain] c.j.practica.JohnsonSistemaApplication   : Starting JohnsonSistemaApplication using Java 17.0.12 with PID 19760 (C:\Users\User\OneDrive\Escritorio\Escuela\PRACTICAS\Sistema_Johnson\johnson-sistema\target\classes started by Franco in C:\Users\User\OneDrive\Escritorio\Escuela\PRACTICAS\Sistema_Johnson\johnson-sistema)
2026-03-17T09:25:28.762-06:00  INFO 19760 --- [johnson-sistema] [restartedMain] c.j.practica.JohnsonSistemaApplication   : No active profile set, falling back to 1 default profile: "default"
2026-03-17T09:25:29.395-06:00  INFO 19760 --- [johnson-sistema] [restartedMain] .s.d.r.c.RepositoryConfigurationDelegate : Bootstrapping Spring Data JPA repositories in DEFAULT mode.
2026-03-17T09:25:29.486-06:00  INFO 19760 --- [johnson-sistema] [restartedMain] .s.d.r.c.RepositoryConfigurationDelegate : Finished Spring Data repository scanning in 76 ms. Found 10 JPA repository interfaces.
2026-03-17T09:25:29.790-06:00  INFO 19760 --- [johnson-sistema] [restartedMain] o.s.b.w.embedded.tomcat.TomcatWebServer  : Tomcat initialized with port 8081 (http)
2026-03-17T09:25:29.794-06:00  INFO 19760 --- [johnson-sistema] [restartedMain] o.apache.catalina.core.StandardService   : Starting service [Tomcat]
2026-03-17T09:25:29.795-06:00  INFO 19760 --- [johnson-sistema] [restartedMain] o.apache.catalina.core.StandardEngine    : Starting Servlet engine: [Apache Tomcat/10.1.50]
2026-03-17T09:25:29.836-06:00  INFO 19760 --- [johnson-sistema] [restartedMain] o.a.c.c.C.[Tomcat-2].[localhost].[/]     : Initializing Spring embedded WebApplicationContext
2026-03-17T09:25:29.836-06:00  INFO 19760 --- [johnson-sistema] [restartedMain] w.s.c.ServletWebServerApplicationContext : Root WebApplicationContext: initialization completed in 1070 ms
2026-03-17T09:25:30.156-06:00  INFO 19760 --- [johnson-sistema] [restartedMain] o.hibernate.jpa.internal.util.LogHelper  : HHH000204: Processing PersistenceUnitInfo [name: default]
2026-03-17T09:25:30.164-06:00  INFO 19760 --- [johnson-sistema] [restartedMain] o.h.c.internal.RegionFactoryInitiator    : HHH000026: Second-level cache disabled
2026-03-17T09:25:30.175-06:00  INFO 19760 --- [johnson-sistema] [restartedMain] o.s.o.j.p.SpringPersistenceUnitInfo      : No LoadTimeWeaver setup: ignoring JPA class transformer
2026-03-17T09:25:30.177-06:00  INFO 19760 --- [johnson-sistema] [restartedMain] com.zaxxer.hikari.HikariDataSource       : HikariPool-24 - Starting...
2026-03-17T09:25:33.483-06:00  WARN 19760 --- [johnson-sistema] [restartedMain] o.h.engine.jdbc.spi.SqlExceptionHelper   : SQL Error: 0, SQLState: 08001
2026-03-17T09:25:33.484-06:00 ERROR 19760 --- [johnson-sistema] [restartedMain] o.h.engine.jdbc.spi.SqlExceptionHelper   : El intento de conexión falló.
2026-03-17T09:25:33.486-06:00  WARN 19760 --- [johnson-sistema] [restartedMain] o.h.e.j.e.i.JdbcEnvironmentInitiator     : HHH000342: Could not obtain connection to query metadata

org.hibernate.exception.JDBCConnectionException: unable to obtain isolated JDBC connection [El intento de conexión falló.] [n/a]
	at org.hibernate.exception.internal.SQLStateConversionDelegate.convert(SQLStateConversionDelegate.java:100) ~[hibernate-core-6.6.41.Final.jar:6.6.41.Final]
	at org.hibernate.exception.internal.StandardSQLExceptionConverter.convert(StandardSQLExceptionConverter.java:58) ~[hibernate-core-6.6.41.Final.jar:6.6.41.Final]
	at org.hibernate.engine.jdbc.spi.SqlExceptionHelper.convert(SqlExceptionHelper.java:108) ~[hibernate-core-6.6.41.Final.jar:6.6.41.Final]
	at org.hibernate.engine.jdbc.spi.SqlExceptionHelper.convert(SqlExceptionHelper.java:94) ~[hibernate-core-6.6.41.Final.jar:6.6.41.Final]
	at org.hibernate.resource.transaction.backend.jdbc.internal.JdbcIsolationDelegate.delegateWork(JdbcIsolationDelegate.java:116) ~[hibernate-core-6.6.41.Final.jar:6.6.41.Final]
	at org.hibernate.engine.jdbc.env.internal.JdbcEnvironmentInitiator.getJdbcEnvironmentUsingJdbcMetadata(JdbcEnvironmentInitiator.java:334) ~[hibernate-core-6.6.41.Final.jar:6.6.41.Final]
	at org.hibernate.engine.jdbc.env.internal.JdbcEnvironmentInitiator.initiateService(JdbcEnvironmentInitiator.java:129) ~[hibernate-core-6.6.41.Final.jar:6.6.41.Final]
	at org.hibernate.engine.jdbc.env.internal.JdbcEnvironmentInitiator.initiateService(JdbcEnvironmentInitiator.java:81) ~[hibernate-core-6.6.41.Final.jar:6.6.41.Final]
	at org.hibernate.boot.registry.internal.StandardServiceRegistryImpl.initiateService(StandardServiceRegistryImpl.java:130) ~[hibernate-core-6.6.41.Final.jar:6.6.41.Final]
	at org.hibernate.service.internal.AbstractServiceRegistryImpl.createService(AbstractServiceRegistryImpl.java:263) ~[hibernate-core-6.6.41.Final.jar:6.6.41.Final]
	at org.hibernate.service.internal.AbstractServiceRegistryImpl.initializeService(AbstractServiceRegistryImpl.java:238) ~[hibernate-core-6.6.41.Final.jar:6.6.41.Final]
	at org.hibernate.service.internal.AbstractServiceRegistryImpl.getService(AbstractServiceRegistryImpl.java:215) ~[hibernate-core-6.6.41.Final.jar:6.6.41.Final]
	at org.hibernate.boot.model.relational.Database.<init>(Database.java:45) ~[hibernate-core-6.6.41.Final.jar:6.6.41.Final]
	at org.hibernate.boot.internal.InFlightMetadataCollectorImpl.getDatabase(InFlightMetadataCollectorImpl.java:226) ~[hibernate-core-6.6.41.Final.jar:6.6.41.Final]
	at org.hibernate.boot.internal.InFlightMetadataCollectorImpl.<init>(InFlightMetadataCollectorImpl.java:194) ~[hibernate-core-6.6.41.Final.jar:6.6.41.Final]
	at org.hibernate.boot.model.process.spi.MetadataBuildingProcess.complete(MetadataBuildingProcess.java:171) ~[hibernate-core-6.6.41.Final.jar:6.6.41.Final]
	at org.hibernate.jpa.boot.internal.EntityManagerFactoryBuilderImpl.metadata(EntityManagerFactoryBuilderImpl.java:1442) ~[hibernate-core-6.6.41.Final.jar:6.6.41.Final]
	at org.hibernate.jpa.boot.internal.EntityManagerFactoryBuilderImpl.build(EntityManagerFactoryBuilderImpl.java:1513) ~[hibernate-core-6.6.41.Final.jar:6.6.41.Final]
	at org.springframework.orm.jpa.vendor.SpringHibernateJpaPersistenceProvider.createContainerEntityManagerFactory(SpringHibernateJpaPersistenceProvider.java:66) ~[spring-orm-6.2.15.jar:6.2.15]
	at org.springframework.orm.jpa.LocalContainerEntityManagerFactoryBean.createNativeEntityManagerFactory(LocalContainerEntityManagerFactoryBean.java:390) ~[spring-orm-6.2.15.jar:6.2.15]
	at org.springframework.orm.jpa.AbstractEntityManagerFactoryBean.buildNativeEntityManagerFactory(AbstractEntityManagerFactoryBean.java:419) ~[spring-orm-6.2.15.jar:6.2.15]
	at org.springframework.orm.jpa.AbstractEntityManagerFactoryBean.afterPropertiesSet(AbstractEntityManagerFactoryBean.java:400) ~[spring-orm-6.2.15.jar:6.2.15]
	at org.springframework.orm.jpa.LocalContainerEntityManagerFactoryBean.afterPropertiesSet(LocalContainerEntityManagerFactoryBean.java:366) ~[spring-orm-6.2.15.jar:6.2.15]
	at org.springframework.beans.factory.support.AbstractAutowireCapableBeanFactory.invokeInitMethods(AbstractAutowireCapableBeanFactory.java:1873) ~[spring-beans-6.2.15.jar:6.2.15]
	at org.springframework.beans.factory.support.AbstractAutowireCapableBeanFactory.initializeBean(AbstractAutowireCapableBeanFactory.java:1822) ~[spring-beans-6.2.15.jar:6.2.15]
	at org.springframework.beans.factory.support.AbstractAutowireCapableBeanFactory.doCreateBean(AbstractAutowireCapableBeanFactory.java:607) ~[spring-beans-6.2.15.jar:6.2.15]
	at org.springframework.beans.factory.support.AbstractAutowireCapableBeanFactory.createBean(AbstractAutowireCapableBeanFactory.java:529) ~[spring-beans-6.2.15.jar:6.2.15]
	at org.springframework.beans.factory.support.AbstractBeanFactory.lambda$doGetBean$0(AbstractBeanFactory.java:339) ~[spring-beans-6.2.15.jar:6.2.15]
	at org.springframework.beans.factory.support.DefaultSingletonBeanRegistry.getSingleton(DefaultSingletonBeanRegistry.java:373) ~[spring-beans-6.2.15.jar:6.2.15]
	at org.springframework.beans.factory.support.AbstractBeanFactory.doGetBean(AbstractBeanFactory.java:337) ~[spring-beans-6.2.15.jar:6.2.15]
	at org.springframework.beans.factory.support.AbstractBeanFactory.getBean(AbstractBeanFactory.java:207) ~[spring-beans-6.2.15.jar:6.2.15]
	at org.springframework.context.support.AbstractApplicationContext.finishBeanFactoryInitialization(AbstractApplicationContext.java:973) ~[spring-context-6.2.15.jar:6.2.15]
	at org.springframework.context.support.AbstractApplicationContext.refresh(AbstractApplicationContext.java:627) ~[spring-context-6.2.15.jar:6.2.15]
	at org.springframework.boot.web.servlet.context.ServletWebServerApplicationContext.refresh(ServletWebServerApplicationContext.java:146) ~[spring-boot-3.5.10.jar:3.5.10]
	at org.springframework.boot.SpringApplication.refresh(SpringApplication.java:752) ~[spring-boot-3.5.10.jar:3.5.10]
	at org.springframework.boot.SpringApplication.refreshContext(SpringApplication.java:439) ~[spring-boot-3.5.10.jar:3.5.10]
	at org.springframework.boot.SpringApplication.run(SpringApplication.java:318) ~[spring-boot-3.5.10.jar:3.5.10]
	at org.springframework.boot.SpringApplication.run(SpringApplication.java:1361) ~[spring-boot-3.5.10.jar:3.5.10]
	at org.springframework.boot.SpringApplication.run(SpringApplication.java:1350) ~[spring-boot-3.5.10.jar:3.5.10]
	at com.johnson.practica.JohnsonSistemaApplication.main(JohnsonSistemaApplication.java:16) ~[classes/:na]
	at java.base/jdk.internal.reflect.NativeMethodAccessorImpl.invoke0(Native Method) ~[na:na]
	at java.base/jdk.internal.reflect.NativeMethodAccessorImpl.invoke(NativeMethodAccessorImpl.java:77) ~[na:na]
	at java.base/jdk.internal.reflect.DelegatingMethodAccessorImpl.invoke(DelegatingMethodAccessorImpl.java:43) ~[na:na]
	at java.base/java.lang.reflect.Method.invoke(Method.java:568) ~[na:na]
	at org.springframework.boot.devtools.restart.RestartLauncher.run(RestartLauncher.java:50) ~[spring-boot-devtools-3.5.10.jar:3.5.10]
Caused by: org.postgresql.util.PSQLException: El intento de conexión falló.
	at org.postgresql.core.v3.ConnectionFactoryImpl.openConnectionImpl(ConnectionFactoryImpl.java:385) ~[postgresql-42.7.9.jar:42.7.9]
	at org.postgresql.core.ConnectionFactory.openConnection(ConnectionFactory.java:57) ~[postgresql-42.7.9.jar:42.7.9]
	at org.postgresql.jdbc.PgConnection.<init>(PgConnection.java:290) ~[postgresql-42.7.9.jar:42.7.9]
	at org.postgresql.Driver.makeConnection(Driver.java:448) ~[postgresql-42.7.9.jar:42.7.9]
	at org.postgresql.Driver.connect(Driver.java:298) ~[postgresql-42.7.9.jar:42.7.9]
	at com.zaxxer.hikari.util.DriverDataSource.getConnection(DriverDataSource.java:144) ~[HikariCP-6.3.3.jar:na]
	at com.zaxxer.hikari.pool.PoolBase.newConnection(PoolBase.java:370) ~[HikariCP-6.3.3.jar:na]
	at com.zaxxer.hikari.pool.PoolBase.newPoolEntry(PoolBase.java:207) ~[HikariCP-6.3.3.jar:na]
	at com.zaxxer.hikari.pool.HikariPool.createPoolEntry(HikariPool.java:488) ~[HikariCP-6.3.3.jar:na]
	at com.zaxxer.hikari.pool.HikariPool.checkFailFast(HikariPool.java:576) ~[HikariCP-6.3.3.jar:na]
	at com.zaxxer.hikari.pool.HikariPool.<init>(HikariPool.java:97) ~[HikariCP-6.3.3.jar:na]
	at com.zaxxer.hikari.HikariDataSource.getConnection(HikariDataSource.java:111) ~[HikariCP-6.3.3.jar:na]
	at org.hibernate.engine.jdbc.connections.internal.DatasourceConnectionProviderImpl.getConnection(DatasourceConnectionProviderImpl.java:126) ~[hibernate-core-6.6.41.Final.jar:6.6.41.Final]
	at org.hibernate.engine.jdbc.env.internal.JdbcEnvironmentInitiator$ConnectionProviderJdbcConnectionAccess.obtainConnection(JdbcEnvironmentInitiator.java:485) ~[hibernate-core-6.6.41.Final.jar:6.6.41.Final]
	at org.hibernate.resource.transaction.backend.jdbc.internal.JdbcIsolationDelegate.delegateWork(JdbcIsolationDelegate.java:61) ~[hibernate-core-6.6.41.Final.jar:6.6.41.Final]
	... 40 common frames omitted
Caused by: java.net.UnknownHostException: db
	at java.base/sun.nio.ch.NioSocketImpl.connect(NioSocketImpl.java:572) ~[na:na]
	at java.base/java.net.SocksSocketImpl.connect(SocksSocketImpl.java:327) ~[na:na]
	at java.base/java.net.Socket.connect(Socket.java:633) ~[na:na]
	at org.postgresql.core.PGStream.createSocket(PGStream.java:261) ~[postgresql-42.7.9.jar:42.7.9]
	at org.postgresql.core.PGStream.<init>(PGStream.java:122) ~[postgresql-42.7.9.jar:42.7.9]
	at org.postgresql.core.v3.ConnectionFactoryImpl.tryConnect(ConnectionFactoryImpl.java:146) ~[postgresql-42.7.9.jar:42.7.9]
	at org.postgresql.core.v3.ConnectionFactoryImpl.openConnectionImpl(ConnectionFactoryImpl.java:289) ~[postgresql-42.7.9.jar:42.7.9]
	... 54 common frames omitted

2026-03-17T09:25:33.526-06:00  WARN 19760 --- [johnson-sistema] [restartedMain] org.hibernate.orm.deprecation            : HHH90000025: PostgreSQLDialect does not need to be specified explicitly using 'hibernate.dialect' (remove the property setting and it will be selected by default)
2026-03-17T09:25:33.527-06:00  INFO 19760 --- [johnson-sistema] [restartedMain] org.hibernate.orm.connections.pooling    : HHH10001005: Database info:
	Database JDBC URL [Connecting through datasource 'HikariDataSource (null)']
	Database driver: undefined/unknown
	Database version: 12.0
	Autocommit mode: undefined/unknown
	Isolation level: undefined/unknown
	Minimum pool size: undefined/unknown
	Maximum pool size: undefined/unknown
2026-03-17T09:25:33.775-06:00  INFO 19760 --- [johnson-sistema] [restartedMain] o.h.e.t.j.p.i.JtaPlatformInitiator       : HHH000489: No JTA platform available (set 'hibernate.transaction.jta.platform' to enable JTA platform integration)
2026-03-17T09:25:33.776-06:00  INFO 19760 --- [johnson-sistema] [restartedMain] com.zaxxer.hikari.HikariDataSource       : HikariPool-24 - Starting...
2026-03-17T09:25:34.786-06:00  WARN 19760 --- [johnson-sistema] [restartedMain] o.h.engine.jdbc.spi.SqlExceptionHelper   : SQL Error: 0, SQLState: 08001
2026-03-17T09:25:34.787-06:00 ERROR 19760 --- [johnson-sistema] [restartedMain] o.h.engine.jdbc.spi.SqlExceptionHelper   : El intento de conexión falló.
2026-03-17T09:25:34.788-06:00 ERROR 19760 --- [johnson-sistema] [restartedMain] j.LocalContainerEntityManagerFactoryBean : Failed to initialize JPA EntityManagerFactory: [PersistenceUnit: default] Unable to build Hibernate SessionFactory; nested exception is org.hibernate.exception.JDBCConnectionException: Unable to open JDBC Connection for DDL execution [El intento de conexión falló.] [n/a]
2026-03-17T09:25:34.790-06:00  WARN 19760 --- [johnson-sistema] [restartedMain] ConfigServletWebServerApplicationContext : Exception encountered during context initialization - cancelling refresh attempt: org.springframework.beans.factory.BeanCreationException: Error creating bean with name 'entityManagerFactory' defined in class path resource [org/springframework/boot/autoconfigure/orm/jpa/HibernateJpaConfiguration.class]: [PersistenceUnit: default] Unable to build Hibernate SessionFactory; nested exception is org.hibernate.exception.JDBCConnectionException: Unable to open JDBC Connection for DDL execution [El intento de conexión falló.] [n/a]
2026-03-17T09:25:34.791-06:00  INFO 19760 --- [johnson-sistema] [restartedMain] o.apache.catalina.core.StandardService   : Stopping service [Tomcat]
2026-03-17T09:25:34.825-06:00  INFO 19760 --- [johnson-sistema] [restartedMain] .s.b.a.l.ConditionEvaluationReportLogger : 

Error starting ApplicationContext. To display the condition evaluation report re-run your application with 'debug' enabled.
2026-03-17T09:25:34.835-06:00 ERROR 19760 --- [johnson-sistema] [restartedMain] o.s.boot.SpringApplication               : Application run failed

org.springframework.beans.factory.BeanCreationException: Error creating bean with name 'entityManagerFactory' defined in class path resource [org/springframework/boot/autoconfigure/orm/jpa/HibernateJpaConfiguration.class]: [PersistenceUnit: default] Unable to build Hibernate SessionFactory; nested exception is org.hibernate.exception.JDBCConnectionException: Unable to open JDBC Connection for DDL execution [El intento de conexión falló.] [n/a]
	at org.springframework.beans.factory.support.AbstractAutowireCapableBeanFactory.initializeBean(AbstractAutowireCapableBeanFactory.java:1826) ~[spring-beans-6.2.15.jar:6.2.15]
	at org.springframework.beans.factory.support.AbstractAutowireCapableBeanFactory.doCreateBean(AbstractAutowireCapableBeanFactory.java:607) ~[spring-beans-6.2.15.jar:6.2.15]
	at org.springframework.beans.factory.support.AbstractAutowireCapableBeanFactory.createBean(AbstractAutowireCapableBeanFactory.java:529) ~[spring-beans-6.2.15.jar:6.2.15]
	at org.springframework.beans.factory.support.AbstractBeanFactory.lambda$doGetBean$0(AbstractBeanFactory.java:339) ~[spring-beans-6.2.15.jar:6.2.15]
	at org.springframework.beans.factory.support.DefaultSingletonBeanRegistry.getSingleton(DefaultSingletonBeanRegistry.java:373) ~[spring-beans-6.2.15.jar:6.2.15]
	at org.springframework.beans.factory.support.AbstractBeanFactory.doGetBean(AbstractBeanFactory.java:337) ~[spring-beans-6.2.15.jar:6.2.15]
	at org.springframework.beans.factory.support.AbstractBeanFactory.getBean(AbstractBeanFactory.java:207) ~[spring-beans-6.2.15.jar:6.2.15]
	at org.springframework.context.support.AbstractApplicationContext.finishBeanFactoryInitialization(AbstractApplicationContext.java:973) ~[spring-context-6.2.15.jar:6.2.15]
	at org.springframework.context.support.AbstractApplicationContext.refresh(AbstractApplicationContext.java:627) ~[spring-context-6.2.15.jar:6.2.15]
	at org.springframework.boot.web.servlet.context.ServletWebServerApplicationContext.refresh(ServletWebServerApplicationContext.java:146) ~[spring-boot-3.5.10.jar:3.5.10]
	at org.springframework.boot.SpringApplication.refresh(SpringApplication.java:752) ~[spring-boot-3.5.10.jar:3.5.10]
	at org.springframework.boot.SpringApplication.refreshContext(SpringApplication.java:439) ~[spring-boot-3.5.10.jar:3.5.10]
	at org.springframework.boot.SpringApplication.run(SpringApplication.java:318) ~[spring-boot-3.5.10.jar:3.5.10]
	at org.springframework.boot.SpringApplication.run(SpringApplication.java:1361) ~[spring-boot-3.5.10.jar:3.5.10]
	at org.springframework.boot.SpringApplication.run(SpringApplication.java:1350) ~[spring-boot-3.5.10.jar:3.5.10]
	at com.johnson.practica.JohnsonSistemaApplication.main(JohnsonSistemaApplication.java:16) ~[classes/:na]
	at java.base/jdk.internal.reflect.NativeMethodAccessorImpl.invoke0(Native Method) ~[na:na]
	at java.base/jdk.internal.reflect.NativeMethodAccessorImpl.invoke(NativeMethodAccessorImpl.java:77) ~[na:na]
	at java.base/jdk.internal.reflect.DelegatingMethodAccessorImpl.invoke(DelegatingMethodAccessorImpl.java:43) ~[na:na]
	at java.base/java.lang.reflect.Method.invoke(Method.java:568) ~[na:na]
	at org.springframework.boot.devtools.restart.RestartLauncher.run(RestartLauncher.java:50) ~[spring-boot-devtools-3.5.10.jar:3.5.10]
Caused by: jakarta.persistence.PersistenceException: [PersistenceUnit: default] Unable to build Hibernate SessionFactory; nested exception is org.hibernate.exception.JDBCConnectionException: Unable to open JDBC Connection for DDL execution [El intento de conexión falló.] [n/a]
	at org.springframework.orm.jpa.AbstractEntityManagerFactoryBean.buildNativeEntityManagerFactory(AbstractEntityManagerFactoryBean.java:431) ~[spring-orm-6.2.15.jar:6.2.15]
	at org.springframework.orm.jpa.AbstractEntityManagerFactoryBean.afterPropertiesSet(AbstractEntityManagerFactoryBean.java:400) ~[spring-orm-6.2.15.jar:6.2.15]
	at org.springframework.orm.jpa.LocalContainerEntityManagerFactoryBean.afterPropertiesSet(LocalContainerEntityManagerFactoryBean.java:366) ~[spring-orm-6.2.15.jar:6.2.15]
	at org.springframework.beans.factory.support.AbstractAutowireCapableBeanFactory.invokeInitMethods(AbstractAutowireCapableBeanFactory.java:1873) ~[spring-beans-6.2.15.jar:6.2.15]
	at org.springframework.beans.factory.support.AbstractAutowireCapableBeanFactory.initializeBean(AbstractAutowireCapableBeanFactory.java:1822) ~[spring-beans-6.2.15.jar:6.2.15]
	... 20 common frames omitted
Caused by: org.hibernate.exception.JDBCConnectionException: Unable to open JDBC Connection for DDL execution [El intento de conexión falló.] [n/a]
	at org.hibernate.exception.internal.SQLStateConversionDelegate.convert(SQLStateConversionDelegate.java:100) ~[hibernate-core-6.6.41.Final.jar:6.6.41.Final]
	at org.hibernate.exception.internal.StandardSQLExceptionConverter.convert(StandardSQLExceptionConverter.java:58) ~[hibernate-core-6.6.41.Final.jar:6.6.41.Final]
	at org.hibernate.engine.jdbc.spi.SqlExceptionHelper.convert(SqlExceptionHelper.java:108) ~[hibernate-core-6.6.41.Final.jar:6.6.41.Final]
	at org.hibernate.engine.jdbc.spi.SqlExceptionHelper.convert(SqlExceptionHelper.java:94) ~[hibernate-core-6.6.41.Final.jar:6.6.41.Final]
	at org.hibernate.resource.transaction.backend.jdbc.internal.DdlTransactionIsolatorNonJtaImpl.getIsolatedConnection(DdlTransactionIsolatorNonJtaImpl.java:74) ~[hibernate-core-6.6.41.Final.jar:6.6.41.Final]
	at org.hibernate.resource.transaction.backend.jdbc.internal.DdlTransactionIsolatorNonJtaImpl.getIsolatedConnection(DdlTransactionIsolatorNonJtaImpl.java:39) ~[hibernate-core-6.6.41.Final.jar:6.6.41.Final]
	at org.hibernate.tool.schema.internal.exec.ImprovedExtractionContextImpl.getJdbcConnection(ImprovedExtractionContextImpl.java:63) ~[hibernate-core-6.6.41.Final.jar:6.6.41.Final]
	at org.hibernate.tool.schema.extract.spi.ExtractionContext.getQueryResults(ExtractionContext.java:43) ~[hibernate-core-6.6.41.Final.jar:6.6.41.Final]
	at org.hibernate.tool.schema.extract.internal.SequenceInformationExtractorLegacyImpl.extractMetadata(SequenceInformationExtractorLegacyImpl.java:39) ~[hibernate-core-6.6.41.Final.jar:6.6.41.Final]
	at org.hibernate.tool.schema.extract.internal.DatabaseInformationImpl.initializeSequences(DatabaseInformationImpl.java:66) ~[hibernate-core-6.6.41.Final.jar:6.6.41.Final]
	at org.hibernate.tool.schema.extract.internal.DatabaseInformationImpl.<init>(DatabaseInformationImpl.java:60) ~[hibernate-core-6.6.41.Final.jar:6.6.41.Final]
	at org.hibernate.tool.schema.internal.Helper.buildDatabaseInformation(Helper.java:185) ~[hibernate-core-6.6.41.Final.jar:6.6.41.Final]
	at org.hibernate.tool.schema.internal.AbstractSchemaValidator.doValidation(AbstractSchemaValidator.java:69) ~[hibernate-core-6.6.41.Final.jar:6.6.41.Final]
	at org.hibernate.tool.schema.spi.SchemaManagementToolCoordinator.performDatabaseAction(SchemaManagementToolCoordinator.java:289) ~[hibernate-core-6.6.41.Final.jar:6.6.41.Final]
	at org.hibernate.tool.schema.spi.SchemaManagementToolCoordinator.lambda$process$5(SchemaManagementToolCoordinator.java:144) ~[hibernate-core-6.6.41.Final.jar:6.6.41.Final]
	at java.base/java.util.HashMap.forEach(HashMap.java:1421) ~[na:na]
	at org.hibernate.tool.schema.spi.SchemaManagementToolCoordinator.process(SchemaManagementToolCoordinator.java:141) ~[hibernate-core-6.6.41.Final.jar:6.6.41.Final]
	at org.hibernate.boot.internal.SessionFactoryObserverForSchemaExport.sessionFactoryCreated(SessionFactoryObserverForSchemaExport.java:37) ~[hibernate-core-6.6.41.Final.jar:6.6.41.Final]
	at org.hibernate.internal.SessionFactoryObserverChain.sessionFactoryCreated(SessionFactoryObserverChain.java:35) ~[hibernate-core-6.6.41.Final.jar:6.6.41.Final]
	at org.hibernate.internal.SessionFactoryImpl.<init>(SessionFactoryImpl.java:324) ~[hibernate-core-6.6.41.Final.jar:6.6.41.Final]
	at org.hibernate.boot.internal.SessionFactoryBuilderImpl.build(SessionFactoryBuilderImpl.java:463) ~[hibernate-core-6.6.41.Final.jar:6.6.41.Final]
	at org.hibernate.jpa.boot.internal.EntityManagerFactoryBuilderImpl.build(EntityManagerFactoryBuilderImpl.java:1517) ~[hibernate-core-6.6.41.Final.jar:6.6.41.Final]
	at org.springframework.orm.jpa.vendor.SpringHibernateJpaPersistenceProvider.createContainerEntityManagerFactory(SpringHibernateJpaPersistenceProvider.java:66) ~[spring-orm-6.2.15.jar:6.2.15]
	at org.springframework.orm.jpa.LocalContainerEntityManagerFactoryBean.createNativeEntityManagerFactory(LocalContainerEntityManagerFactoryBean.java:390) ~[spring-orm-6.2.15.jar:6.2.15]
	at org.springframework.orm.jpa.AbstractEntityManagerFactoryBean.buildNativeEntityManagerFactory(AbstractEntityManagerFactoryBean.java:419) ~[spring-orm-6.2.15.jar:6.2.15]
	... 24 common frames omitted
Caused by: org.postgresql.util.PSQLException: El intento de conexión falló.
	at org.postgresql.core.v3.ConnectionFactoryImpl.openConnectionImpl(ConnectionFactoryImpl.java:385) ~[postgresql-42.7.9.jar:42.7.9]
	at org.postgresql.core.ConnectionFactory.openConnection(ConnectionFactory.java:57) ~[postgresql-42.7.9.jar:42.7.9]
	at org.postgresql.jdbc.PgConnection.<init>(PgConnection.java:290) ~[postgresql-42.7.9.jar:42.7.9]
	at org.postgresql.Driver.makeConnection(Driver.java:448) ~[postgresql-42.7.9.jar:42.7.9]
	at org.postgresql.Driver.connect(Driver.java:298) ~[postgresql-42.7.9.jar:42.7.9]
	at com.zaxxer.hikari.util.DriverDataSource.getConnection(DriverDataSource.java:144) ~[HikariCP-6.3.3.jar:na]
	at com.zaxxer.hikari.pool.PoolBase.newConnection(PoolBase.java:370) ~[HikariCP-6.3.3.jar:na]
	at com.zaxxer.hikari.pool.PoolBase.newPoolEntry(PoolBase.java:207) ~[HikariCP-6.3.3.jar:na]
	at com.zaxxer.hikari.pool.HikariPool.createPoolEntry(HikariPool.java:488) ~[HikariCP-6.3.3.jar:na]
	at com.zaxxer.hikari.pool.HikariPool.checkFailFast(HikariPool.java:576) ~[HikariCP-6.3.3.jar:na]
	at com.zaxxer.hikari.pool.HikariPool.<init>(HikariPool.java:97) ~[HikariCP-6.3.3.jar:na]
	at com.zaxxer.hikari.HikariDataSource.getConnection(HikariDataSource.java:111) ~[HikariCP-6.3.3.jar:na]
	at org.hibernate.engine.jdbc.connections.internal.DatasourceConnectionProviderImpl.getConnection(DatasourceConnectionProviderImpl.java:126) ~[hibernate-core-6.6.41.Final.jar:6.6.41.Final]
	at org.hibernate.engine.jdbc.env.internal.JdbcEnvironmentInitiator$ConnectionProviderJdbcConnectionAccess.obtainConnection(JdbcEnvironmentInitiator.java:485) ~[hibernate-core-6.6.41.Final.jar:6.6.41.Final]
	at org.hibernate.resource.transaction.backend.jdbc.internal.DdlTransactionIsolatorNonJtaImpl.getIsolatedConnection(DdlTransactionIsolatorNonJtaImpl.java:46) ~[hibernate-core-6.6.41.Final.jar:6.6.41.Final]
	... 44 common frames omitted
Caused by: java.net.UnknownHostException: db
	at java.base/sun.nio.ch.NioSocketImpl.connect(NioSocketImpl.java:572) ~[na:na]
	at java.base/java.net.SocksSocketImpl.connect(SocksSocketImpl.java:327) ~[na:na]
	at java.base/java.net.Socket.connect(Socket.java:633) ~[na:na]
	at org.postgresql.core.PGStream.createSocket(PGStream.java:261) ~[postgresql-42.7.9.jar:42.7.9]
	at org.postgresql.core.PGStream.<init>(PGStream.java:122) ~[postgresql-42.7.9.jar:42.7.9]
	at org.postgresql.core.v3.ConnectionFactoryImpl.tryConnect(ConnectionFactoryImpl.java:146) ~[postgresql-42.7.9.jar:42.7.9]
	at org.postgresql.core.v3.ConnectionFactoryImpl.openConnectionImpl(ConnectionFactoryImpl.java:289) ~[postgresql-42.7.9.jar:42.7.9]
	... 58 common frames omitted

2026-03-17T09:29:28.821-06:00  INFO 19760 --- [johnson-sistema] [restartedMain] c.j.practica.JohnsonSistemaApplication   : Starting JohnsonSistemaApplication using Java 17.0.12 with PID 19760 (C:\Users\User\OneDrive\Escritorio\Escuela\PRACTICAS\Sistema_Johnson\johnson-sistema\target\classes started by Franco in C:\Users\User\OneDrive\Escritorio\Escuela\PRACTICAS\Sistema_Johnson\johnson-sistema)
2026-03-17T09:29:28.822-06:00  INFO 19760 --- [johnson-sistema] [restartedMain] c.j.practica.JohnsonSistemaApplication   : No active profile set, falling back to 1 default profile: "default"
2026-03-17T09:29:29.611-06:00  INFO 19760 --- [johnson-sistema] [restartedMain] .s.d.r.c.RepositoryConfigurationDelegate : Bootstrapping Spring Data JPA repositories in DEFAULT mode.
2026-03-17T09:29:29.669-06:00  INFO 19760 --- [johnson-sistema] [restartedMain] .s.d.r.c.RepositoryConfigurationDelegate : Finished Spring Data repository scanning in 55 ms. Found 10 JPA repository interfaces.
2026-03-17T09:29:30.199-06:00  INFO 19760 --- [johnson-sistema] [restartedMain] o.s.b.w.embedded.tomcat.TomcatWebServer  : Tomcat initialized with port 8081 (http)
2026-03-17T09:29:30.200-06:00  INFO 19760 --- [johnson-sistema] [restartedMain] o.apache.catalina.core.StandardService   : Starting service [Tomcat]
2026-03-17T09:29:30.201-06:00  INFO 19760 --- [johnson-sistema] [restartedMain] o.apache.catalina.core.StandardEngine    : Starting Servlet engine: [Apache Tomcat/10.1.50]
2026-03-17T09:29:30.243-06:00  INFO 19760 --- [johnson-sistema] [restartedMain] o.a.c.c.C.[Tomcat-3].[localhost].[/]     : Initializing Spring embedded WebApplicationContext
2026-03-17T09:29:30.243-06:00  INFO 19760 --- [johnson-sistema] [restartedMain] w.s.c.ServletWebServerApplicationContext : Root WebApplicationContext: initialization completed in 1415 ms
2026-03-17T09:29:30.432-06:00  INFO 19760 --- [johnson-sistema] [restartedMain] o.hibernate.jpa.internal.util.LogHelper  : HHH000204: Processing PersistenceUnitInfo [name: default]
2026-03-17T09:29:30.438-06:00  INFO 19760 --- [johnson-sistema] [restartedMain] o.h.c.internal.RegionFactoryInitiator    : HHH000026: Second-level cache disabled
2026-03-17T09:29:30.453-06:00  INFO 19760 --- [johnson-sistema] [restartedMain] o.s.o.j.p.SpringPersistenceUnitInfo      : No LoadTimeWeaver setup: ignoring JPA class transformer
2026-03-17T09:29:30.455-06:00  INFO 19760 --- [johnson-sistema] [restartedMain] com.zaxxer.hikari.HikariDataSource       : HikariPool-25 - Starting...
2026-03-17T09:29:33.796-06:00  WARN 19760 --- [johnson-sistema] [restartedMain] o.h.engine.jdbc.spi.SqlExceptionHelper   : SQL Error: 0, SQLState: 08001
2026-03-17T09:29:33.900-06:00 ERROR 19760 --- [johnson-sistema] [restartedMain] o.h.engine.jdbc.spi.SqlExceptionHelper   : El intento de conexión falló.
2026-03-17T09:29:33.958-06:00  WARN 19760 --- [johnson-sistema] [restartedMain] o.h.e.j.e.i.JdbcEnvironmentInitiator     : HHH000342: Could not obtain connection to query metadata

org.hibernate.exception.JDBCConnectionException: unable to obtain isolated JDBC connection [El intento de conexión falló.] [n/a]
	at org.hibernate.exception.internal.SQLStateConversionDelegate.convert(SQLStateConversionDelegate.java:100) ~[hibernate-core-6.6.41.Final.jar:6.6.41.Final]
	at org.hibernate.exception.internal.StandardSQLExceptionConverter.convert(StandardSQLExceptionConverter.java:58) ~[hibernate-core-6.6.41.Final.jar:6.6.41.Final]
	at org.hibernate.engine.jdbc.spi.SqlExceptionHelper.convert(SqlExceptionHelper.java:108) ~[hibernate-core-6.6.41.Final.jar:6.6.41.Final]
	at org.hibernate.engine.jdbc.spi.SqlExceptionHelper.convert(SqlExceptionHelper.java:94) ~[hibernate-core-6.6.41.Final.jar:6.6.41.Final]
	at org.hibernate.resource.transaction.backend.jdbc.internal.JdbcIsolationDelegate.delegateWork(JdbcIsolationDelegate.java:116) ~[hibernate-core-6.6.41.Final.jar:6.6.41.Final]
	at org.hibernate.engine.jdbc.env.internal.JdbcEnvironmentInitiator.getJdbcEnvironmentUsingJdbcMetadata(JdbcEnvironmentInitiator.java:334) ~[hibernate-core-6.6.41.Final.jar:6.6.41.Final]
	at org.hibernate.engine.jdbc.env.internal.JdbcEnvironmentInitiator.initiateService(JdbcEnvironmentInitiator.java:129) ~[hibernate-core-6.6.41.Final.jar:6.6.41.Final]
	at org.hibernate.engine.jdbc.env.internal.JdbcEnvironmentInitiator.initiateService(JdbcEnvironmentInitiator.java:81) ~[hibernate-core-6.6.41.Final.jar:6.6.41.Final]
	at org.hibernate.boot.registry.internal.StandardServiceRegistryImpl.initiateService(StandardServiceRegistryImpl.java:130) ~[hibernate-core-6.6.41.Final.jar:6.6.41.Final]
	at org.hibernate.service.internal.AbstractServiceRegistryImpl.createService(AbstractServiceRegistryImpl.java:263) ~[hibernate-core-6.6.41.Final.jar:6.6.41.Final]
	at org.hibernate.service.internal.AbstractServiceRegistryImpl.initializeService(AbstractServiceRegistryImpl.java:238) ~[hibernate-core-6.6.41.Final.jar:6.6.41.Final]
	at org.hibernate.service.internal.AbstractServiceRegistryImpl.getService(AbstractServiceRegistryImpl.java:215) ~[hibernate-core-6.6.41.Final.jar:6.6.41.Final]
	at org.hibernate.boot.model.relational.Database.<init>(Database.java:45) ~[hibernate-core-6.6.41.Final.jar:6.6.41.Final]
	at org.hibernate.boot.internal.InFlightMetadataCollectorImpl.getDatabase(InFlightMetadataCollectorImpl.java:226) ~[hibernate-core-6.6.41.Final.jar:6.6.41.Final]
	at org.hibernate.boot.internal.InFlightMetadataCollectorImpl.<init>(InFlightMetadataCollectorImpl.java:194) ~[hibernate-core-6.6.41.Final.jar:6.6.41.Final]
	at org.hibernate.boot.model.process.spi.MetadataBuildingProcess.complete(MetadataBuildingProcess.java:171) ~[hibernate-core-6.6.41.Final.jar:6.6.41.Final]
	at org.hibernate.jpa.boot.internal.EntityManagerFactoryBuilderImpl.metadata(EntityManagerFactoryBuilderImpl.java:1442) ~[hibernate-core-6.6.41.Final.jar:6.6.41.Final]
	at org.hibernate.jpa.boot.internal.EntityManagerFactoryBuilderImpl.build(EntityManagerFactoryBuilderImpl.java:1513) ~[hibernate-core-6.6.41.Final.jar:6.6.41.Final]
	at org.springframework.orm.jpa.vendor.SpringHibernateJpaPersistenceProvider.createContainerEntityManagerFactory(SpringHibernateJpaPersistenceProvider.java:66) ~[spring-orm-6.2.15.jar:6.2.15]
	at org.springframework.orm.jpa.LocalContainerEntityManagerFactoryBean.createNativeEntityManagerFactory(LocalContainerEntityManagerFactoryBean.java:390) ~[spring-orm-6.2.15.jar:6.2.15]
	at org.springframework.orm.jpa.AbstractEntityManagerFactoryBean.buildNativeEntityManagerFactory(AbstractEntityManagerFactoryBean.java:419) ~[spring-orm-6.2.15.jar:6.2.15]
	at org.springframework.orm.jpa.AbstractEntityManagerFactoryBean.afterPropertiesSet(AbstractEntityManagerFactoryBean.java:400) ~[spring-orm-6.2.15.jar:6.2.15]
	at org.springframework.orm.jpa.LocalContainerEntityManagerFactoryBean.afterPropertiesSet(LocalContainerEntityManagerFactoryBean.java:366) ~[spring-orm-6.2.15.jar:6.2.15]
	at org.springframework.beans.factory.support.AbstractAutowireCapableBeanFactory.invokeInitMethods(AbstractAutowireCapableBeanFactory.java:1873) ~[spring-beans-6.2.15.jar:6.2.15]
	at org.springframework.beans.factory.support.AbstractAutowireCapableBeanFactory.initializeBean(AbstractAutowireCapableBeanFactory.java:1822) ~[spring-beans-6.2.15.jar:6.2.15]
	at org.springframework.beans.factory.support.AbstractAutowireCapableBeanFactory.doCreateBean(AbstractAutowireCapableBeanFactory.java:607) ~[spring-beans-6.2.15.jar:6.2.15]
	at org.springframework.beans.factory.support.AbstractAutowireCapableBeanFactory.createBean(AbstractAutowireCapableBeanFactory.java:529) ~[spring-beans-6.2.15.jar:6.2.15]
	at org.springframework.beans.factory.support.AbstractBeanFactory.lambda$doGetBean$0(AbstractBeanFactory.java:339) ~[spring-beans-6.2.15.jar:6.2.15]
	at org.springframework.beans.factory.support.DefaultSingletonBeanRegistry.getSingleton(DefaultSingletonBeanRegistry.java:373) ~[spring-beans-6.2.15.jar:6.2.15]
	at org.springframework.beans.factory.support.AbstractBeanFactory.doGetBean(AbstractBeanFactory.java:337) ~[spring-beans-6.2.15.jar:6.2.15]
	at org.springframework.beans.factory.support.AbstractBeanFactory.getBean(AbstractBeanFactory.java:207) ~[spring-beans-6.2.15.jar:6.2.15]
	at org.springframework.context.support.AbstractApplicationContext.finishBeanFactoryInitialization(AbstractApplicationContext.java:973) ~[spring-context-6.2.15.jar:6.2.15]
	at org.springframework.context.support.AbstractApplicationContext.refresh(AbstractApplicationContext.java:627) ~[spring-context-6.2.15.jar:6.2.15]
	at org.springframework.boot.web.servlet.context.ServletWebServerApplicationContext.refresh(ServletWebServerApplicationContext.java:146) ~[spring-boot-3.5.10.jar:3.5.10]
	at org.springframework.boot.SpringApplication.refresh(SpringApplication.java:752) ~[spring-boot-3.5.10.jar:3.5.10]
	at org.springframework.boot.SpringApplication.refreshContext(SpringApplication.java:439) ~[spring-boot-3.5.10.jar:3.5.10]
	at org.springframework.boot.SpringApplication.run(SpringApplication.java:318) ~[spring-boot-3.5.10.jar:3.5.10]
	at org.springframework.boot.SpringApplication.run(SpringApplication.java:1361) ~[spring-boot-3.5.10.jar:3.5.10]
	at org.springframework.boot.SpringApplication.run(SpringApplication.java:1350) ~[spring-boot-3.5.10.jar:3.5.10]
	at com.johnson.practica.JohnsonSistemaApplication.main(JohnsonSistemaApplication.java:16) ~[classes/:na]
	at java.base/jdk.internal.reflect.NativeMethodAccessorImpl.invoke0(Native Method) ~[na:na]
	at java.base/jdk.internal.reflect.NativeMethodAccessorImpl.invoke(NativeMethodAccessorImpl.java:77) ~[na:na]
	at java.base/jdk.internal.reflect.DelegatingMethodAccessorImpl.invoke(DelegatingMethodAccessorImpl.java:43) ~[na:na]
	at java.base/java.lang.reflect.Method.invoke(Method.java:568) ~[na:na]
	at org.springframework.boot.devtools.restart.RestartLauncher.run(RestartLauncher.java:50) ~[spring-boot-devtools-3.5.10.jar:3.5.10]
Caused by: org.postgresql.util.PSQLException: El intento de conexión falló.
	at org.postgresql.core.v3.ConnectionFactoryImpl.openConnectionImpl(ConnectionFactoryImpl.java:385) ~[postgresql-42.7.9.jar:42.7.9]
	at org.postgresql.core.ConnectionFactory.openConnection(ConnectionFactory.java:57) ~[postgresql-42.7.9.jar:42.7.9]
	at org.postgresql.jdbc.PgConnection.<init>(PgConnection.java:290) ~[postgresql-42.7.9.jar:42.7.9]
	at org.postgresql.Driver.makeConnection(Driver.java:448) ~[postgresql-42.7.9.jar:42.7.9]
	at org.postgresql.Driver.connect(Driver.java:298) ~[postgresql-42.7.9.jar:42.7.9]
	at com.zaxxer.hikari.util.DriverDataSource.getConnection(DriverDataSource.java:144) ~[HikariCP-6.3.3.jar:na]
	at com.zaxxer.hikari.pool.PoolBase.newConnection(PoolBase.java:370) ~[HikariCP-6.3.3.jar:na]
	at com.zaxxer.hikari.pool.PoolBase.newPoolEntry(PoolBase.java:207) ~[HikariCP-6.3.3.jar:na]
	at com.zaxxer.hikari.pool.HikariPool.createPoolEntry(HikariPool.java:488) ~[HikariCP-6.3.3.jar:na]
	at com.zaxxer.hikari.pool.HikariPool.checkFailFast(HikariPool.java:576) ~[HikariCP-6.3.3.jar:na]
	at com.zaxxer.hikari.pool.HikariPool.<init>(HikariPool.java:97) ~[HikariCP-6.3.3.jar:na]
	at com.zaxxer.hikari.HikariDataSource.getConnection(HikariDataSource.java:111) ~[HikariCP-6.3.3.jar:na]
	at org.hibernate.engine.jdbc.connections.internal.DatasourceConnectionProviderImpl.getConnection(DatasourceConnectionProviderImpl.java:126) ~[hibernate-core-6.6.41.Final.jar:6.6.41.Final]
	at org.hibernate.engine.jdbc.env.internal.JdbcEnvironmentInitiator$ConnectionProviderJdbcConnectionAccess.obtainConnection(JdbcEnvironmentInitiator.java:485) ~[hibernate-core-6.6.41.Final.jar:6.6.41.Final]
	at org.hibernate.resource.transaction.backend.jdbc.internal.JdbcIsolationDelegate.delegateWork(JdbcIsolationDelegate.java:61) ~[hibernate-core-6.6.41.Final.jar:6.6.41.Final]
	... 40 common frames omitted
Caused by: java.net.UnknownHostException: db
	at java.base/sun.nio.ch.NioSocketImpl.connect(NioSocketImpl.java:572) ~[na:na]
	at java.base/java.net.SocksSocketImpl.connect(SocksSocketImpl.java:327) ~[na:na]
	at java.base/java.net.Socket.connect(Socket.java:633) ~[na:na]
	at org.postgresql.core.PGStream.createSocket(PGStream.java:261) ~[postgresql-42.7.9.jar:42.7.9]
	at org.postgresql.core.PGStream.<init>(PGStream.java:122) ~[postgresql-42.7.9.jar:42.7.9]
	at org.postgresql.core.v3.ConnectionFactoryImpl.tryConnect(ConnectionFactoryImpl.java:146) ~[postgresql-42.7.9.jar:42.7.9]
	at org.postgresql.core.v3.ConnectionFactoryImpl.openConnectionImpl(ConnectionFactoryImpl.java:289) ~[postgresql-42.7.9.jar:42.7.9]
	... 54 common frames omitted

2026-03-17T09:29:34.079-06:00  WARN 19760 --- [johnson-sistema] [restartedMain] org.hibernate.orm.deprecation            : HHH90000025: PostgreSQLDialect does not need to be specified explicitly using 'hibernate.dialect' (remove the property setting and it will be selected by default)
2026-03-17T09:29:34.136-06:00  INFO 19760 --- [johnson-sistema] [restartedMain] org.hibernate.orm.connections.pooling    : HHH10001005: Database info:
	Database JDBC URL [Connecting through datasource 'HikariDataSource (null)']
	Database driver: undefined/unknown
	Database version: 12.0
	Autocommit mode: undefined/unknown
	Isolation level: undefined/unknown
	Minimum pool size: undefined/unknown
	Maximum pool size: undefined/unknown
2026-03-17T09:29:34.743-06:00  INFO 19760 --- [johnson-sistema] [restartedMain] o.h.e.t.j.p.i.JtaPlatformInitiator       : HHH000489: No JTA platform available (set 'hibernate.transaction.jta.platform' to enable JTA platform integration)
2026-03-17T09:29:34.747-06:00  INFO 19760 --- [johnson-sistema] [restartedMain] com.zaxxer.hikari.HikariDataSource       : HikariPool-25 - Starting...
2026-03-17T09:29:35.765-06:00  WARN 19760 --- [johnson-sistema] [restartedMain] o.h.engine.jdbc.spi.SqlExceptionHelper   : SQL Error: 0, SQLState: 08001
2026-03-17T09:29:35.767-06:00 ERROR 19760 --- [johnson-sistema] [restartedMain] o.h.engine.jdbc.spi.SqlExceptionHelper   : El intento de conexión falló.
2026-03-17T09:29:35.769-06:00 ERROR 19760 --- [johnson-sistema] [restartedMain] j.LocalContainerEntityManagerFactoryBean : Failed to initialize JPA EntityManagerFactory: [PersistenceUnit: default] Unable to build Hibernate SessionFactory; nested exception is org.hibernate.exception.JDBCConnectionException: Unable to open JDBC Connection for DDL execution [El intento de conexión falló.] [n/a]
2026-03-17T09:29:35.775-06:00  WARN 19760 --- [johnson-sistema] [restartedMain] ConfigServletWebServerApplicationContext : Exception encountered during context initialization - cancelling refresh attempt: org.springframework.beans.factory.BeanCreationException: Error creating bean with name 'entityManagerFactory' defined in class path resource [org/springframework/boot/autoconfigure/orm/jpa/HibernateJpaConfiguration.class]: [PersistenceUnit: default] Unable to build Hibernate SessionFactory; nested exception is org.hibernate.exception.JDBCConnectionException: Unable to open JDBC Connection for DDL execution [El intento de conexión falló.] [n/a]
2026-03-17T09:29:35.778-06:00  INFO 19760 --- [johnson-sistema] [restartedMain] o.apache.catalina.core.StandardService   : Stopping service [Tomcat]
2026-03-17T09:29:35.801-06:00  INFO 19760 --- [johnson-sistema] [restartedMain] .s.b.a.l.ConditionEvaluationReportLogger : 

Error starting ApplicationContext. To display the condition evaluation report re-run your application with 'debug' enabled.
2026-03-17T09:29:35.808-06:00 ERROR 19760 --- [johnson-sistema] [restartedMain] o.s.boot.SpringApplication               : Application run failed

org.springframework.beans.factory.BeanCreationException: Error creating bean with name 'entityManagerFactory' defined in class path resource [org/springframework/boot/autoconfigure/orm/jpa/HibernateJpaConfiguration.class]: [PersistenceUnit: default] Unable to build Hibernate SessionFactory; nested exception is org.hibernate.exception.JDBCConnectionException: Unable to open JDBC Connection for DDL execution [El intento de conexión falló.] [n/a]
	at org.springframework.beans.factory.support.AbstractAutowireCapableBeanFactory.initializeBean(AbstractAutowireCapableBeanFactory.java:1826) ~[spring-beans-6.2.15.jar:6.2.15]
	at org.springframework.beans.factory.support.AbstractAutowireCapableBeanFactory.doCreateBean(AbstractAutowireCapableBeanFactory.java:607) ~[spring-beans-6.2.15.jar:6.2.15]
	at org.springframework.beans.factory.support.AbstractAutowireCapableBeanFactory.createBean(AbstractAutowireCapableBeanFactory.java:529) ~[spring-beans-6.2.15.jar:6.2.15]
	at org.springframework.beans.factory.support.AbstractBeanFactory.lambda$doGetBean$0(AbstractBeanFactory.java:339) ~[spring-beans-6.2.15.jar:6.2.15]
	at org.springframework.beans.factory.support.DefaultSingletonBeanRegistry.getSingleton(DefaultSingletonBeanRegistry.java:373) ~[spring-beans-6.2.15.jar:6.2.15]
	at org.springframework.beans.factory.support.AbstractBeanFactory.doGetBean(AbstractBeanFactory.java:337) ~[spring-beans-6.2.15.jar:6.2.15]
	at org.springframework.beans.factory.support.AbstractBeanFactory.getBean(AbstractBeanFactory.java:207) ~[spring-beans-6.2.15.jar:6.2.15]
	at org.springframework.context.support.AbstractApplicationContext.finishBeanFactoryInitialization(AbstractApplicationContext.java:973) ~[spring-context-6.2.15.jar:6.2.15]
	at org.springframework.context.support.AbstractApplicationContext.refresh(AbstractApplicationContext.java:627) ~[spring-context-6.2.15.jar:6.2.15]
	at org.springframework.boot.web.servlet.context.ServletWebServerApplicationContext.refresh(ServletWebServerApplicationContext.java:146) ~[spring-boot-3.5.10.jar:3.5.10]
	at org.springframework.boot.SpringApplication.refresh(SpringApplication.java:752) ~[spring-boot-3.5.10.jar:3.5.10]
	at org.springframework.boot.SpringApplication.refreshContext(SpringApplication.java:439) ~[spring-boot-3.5.10.jar:3.5.10]
	at org.springframework.boot.SpringApplication.run(SpringApplication.java:318) ~[spring-boot-3.5.10.jar:3.5.10]
	at org.springframework.boot.SpringApplication.run(SpringApplication.java:1361) ~[spring-boot-3.5.10.jar:3.5.10]
	at org.springframework.boot.SpringApplication.run(SpringApplication.java:1350) ~[spring-boot-3.5.10.jar:3.5.10]
	at com.johnson.practica.JohnsonSistemaApplication.main(JohnsonSistemaApplication.java:16) ~[classes/:na]
	at java.base/jdk.internal.reflect.NativeMethodAccessorImpl.invoke0(Native Method) ~[na:na]
	at java.base/jdk.internal.reflect.NativeMethodAccessorImpl.invoke(NativeMethodAccessorImpl.java:77) ~[na:na]
	at java.base/jdk.internal.reflect.DelegatingMethodAccessorImpl.invoke(DelegatingMethodAccessorImpl.java:43) ~[na:na]
	at java.base/java.lang.reflect.Method.invoke(Method.java:568) ~[na:na]
	at org.springframework.boot.devtools.restart.RestartLauncher.run(RestartLauncher.java:50) ~[spring-boot-devtools-3.5.10.jar:3.5.10]
Caused by: jakarta.persistence.PersistenceException: [PersistenceUnit: default] Unable to build Hibernate SessionFactory; nested exception is org.hibernate.exception.JDBCConnectionException: Unable to open JDBC Connection for DDL execution [El intento de conexión falló.] [n/a]
	at org.springframework.orm.jpa.AbstractEntityManagerFactoryBean.buildNativeEntityManagerFactory(AbstractEntityManagerFactoryBean.java:431) ~[spring-orm-6.2.15.jar:6.2.15]
	at org.springframework.orm.jpa.AbstractEntityManagerFactoryBean.afterPropertiesSet(AbstractEntityManagerFactoryBean.java:400) ~[spring-orm-6.2.15.jar:6.2.15]
	at org.springframework.orm.jpa.LocalContainerEntityManagerFactoryBean.afterPropertiesSet(LocalContainerEntityManagerFactoryBean.java:366) ~[spring-orm-6.2.15.jar:6.2.15]
	at org.springframework.beans.factory.support.AbstractAutowireCapableBeanFactory.invokeInitMethods(AbstractAutowireCapableBeanFactory.java:1873) ~[spring-beans-6.2.15.jar:6.2.15]
	at org.springframework.beans.factory.support.AbstractAutowireCapableBeanFactory.initializeBean(AbstractAutowireCapableBeanFactory.java:1822) ~[spring-beans-6.2.15.jar:6.2.15]
	... 20 common frames omitted
Caused by: org.hibernate.exception.JDBCConnectionException: Unable to open JDBC Connection for DDL execution [El intento de conexión falló.] [n/a]
	at org.hibernate.exception.internal.SQLStateConversionDelegate.convert(SQLStateConversionDelegate.java:100) ~[hibernate-core-6.6.41.Final.jar:6.6.41.Final]
	at org.hibernate.exception.internal.StandardSQLExceptionConverter.convert(StandardSQLExceptionConverter.java:58) ~[hibernate-core-6.6.41.Final.jar:6.6.41.Final]
	at org.hibernate.engine.jdbc.spi.SqlExceptionHelper.convert(SqlExceptionHelper.java:108) ~[hibernate-core-6.6.41.Final.jar:6.6.41.Final]
	at org.hibernate.engine.jdbc.spi.SqlExceptionHelper.convert(SqlExceptionHelper.java:94) ~[hibernate-core-6.6.41.Final.jar:6.6.41.Final]
	at org.hibernate.resource.transaction.backend.jdbc.internal.DdlTransactionIsolatorNonJtaImpl.getIsolatedConnection(DdlTransactionIsolatorNonJtaImpl.java:74) ~[hibernate-core-6.6.41.Final.jar:6.6.41.Final]
	at org.hibernate.resource.transaction.backend.jdbc.internal.DdlTransactionIsolatorNonJtaImpl.getIsolatedConnection(DdlTransactionIsolatorNonJtaImpl.java:39) ~[hibernate-core-6.6.41.Final.jar:6.6.41.Final]
	at org.hibernate.tool.schema.internal.exec.ImprovedExtractionContextImpl.getJdbcConnection(ImprovedExtractionContextImpl.java:63) ~[hibernate-core-6.6.41.Final.jar:6.6.41.Final]
	at org.hibernate.tool.schema.extract.spi.ExtractionContext.getQueryResults(ExtractionContext.java:43) ~[hibernate-core-6.6.41.Final.jar:6.6.41.Final]
	at org.hibernate.tool.schema.extract.internal.SequenceInformationExtractorLegacyImpl.extractMetadata(SequenceInformationExtractorLegacyImpl.java:39) ~[hibernate-core-6.6.41.Final.jar:6.6.41.Final]
	at org.hibernate.tool.schema.extract.internal.DatabaseInformationImpl.initializeSequences(DatabaseInformationImpl.java:66) ~[hibernate-core-6.6.41.Final.jar:6.6.41.Final]
	at org.hibernate.tool.schema.extract.internal.DatabaseInformationImpl.<init>(DatabaseInformationImpl.java:60) ~[hibernate-core-6.6.41.Final.jar:6.6.41.Final]
	at org.hibernate.tool.schema.internal.Helper.buildDatabaseInformation(Helper.java:185) ~[hibernate-core-6.6.41.Final.jar:6.6.41.Final]
	at org.hibernate.tool.schema.internal.AbstractSchemaValidator.doValidation(AbstractSchemaValidator.java:69) ~[hibernate-core-6.6.41.Final.jar:6.6.41.Final]
	at org.hibernate.tool.schema.spi.SchemaManagementToolCoordinator.performDatabaseAction(SchemaManagementToolCoordinator.java:289) ~[hibernate-core-6.6.41.Final.jar:6.6.41.Final]
	at org.hibernate.tool.schema.spi.SchemaManagementToolCoordinator.lambda$process$5(SchemaManagementToolCoordinator.java:144) ~[hibernate-core-6.6.41.Final.jar:6.6.41.Final]
	at java.base/java.util.HashMap.forEach(HashMap.java:1421) ~[na:na]
	at org.hibernate.tool.schema.spi.SchemaManagementToolCoordinator.process(SchemaManagementToolCoordinator.java:141) ~[hibernate-core-6.6.41.Final.jar:6.6.41.Final]
	at org.hibernate.boot.internal.SessionFactoryObserverForSchemaExport.sessionFactoryCreated(SessionFactoryObserverForSchemaExport.java:37) ~[hibernate-core-6.6.41.Final.jar:6.6.41.Final]
	at org.hibernate.internal.SessionFactoryObserverChain.sessionFactoryCreated(SessionFactoryObserverChain.java:35) ~[hibernate-core-6.6.41.Final.jar:6.6.41.Final]
	at org.hibernate.internal.SessionFactoryImpl.<init>(SessionFactoryImpl.java:324) ~[hibernate-core-6.6.41.Final.jar:6.6.41.Final]
	at org.hibernate.boot.internal.SessionFactoryBuilderImpl.build(SessionFactoryBuilderImpl.java:463) ~[hibernate-core-6.6.41.Final.jar:6.6.41.Final]
	at org.hibernate.jpa.boot.internal.EntityManagerFactoryBuilderImpl.build(EntityManagerFactoryBuilderImpl.java:1517) ~[hibernate-core-6.6.41.Final.jar:6.6.41.Final]
	at org.springframework.orm.jpa.vendor.SpringHibernateJpaPersistenceProvider.createContainerEntityManagerFactory(SpringHibernateJpaPersistenceProvider.java:66) ~[spring-orm-6.2.15.jar:6.2.15]
	at org.springframework.orm.jpa.LocalContainerEntityManagerFactoryBean.createNativeEntityManagerFactory(LocalContainerEntityManagerFactoryBean.java:390) ~[spring-orm-6.2.15.jar:6.2.15]
	at org.springframework.orm.jpa.AbstractEntityManagerFactoryBean.buildNativeEntityManagerFactory(AbstractEntityManagerFactoryBean.java:419) ~[spring-orm-6.2.15.jar:6.2.15]
	... 24 common frames omitted
Caused by: org.postgresql.util.PSQLException: El intento de conexión falló.
	at org.postgresql.core.v3.ConnectionFactoryImpl.openConnectionImpl(ConnectionFactoryImpl.java:385) ~[postgresql-42.7.9.jar:42.7.9]
	at org.postgresql.core.ConnectionFactory.openConnection(ConnectionFactory.java:57) ~[postgresql-42.7.9.jar:42.7.9]
	at org.postgresql.jdbc.PgConnection.<init>(PgConnection.java:290) ~[postgresql-42.7.9.jar:42.7.9]
	at org.postgresql.Driver.makeConnection(Driver.java:448) ~[postgresql-42.7.9.jar:42.7.9]
	at org.postgresql.Driver.connect(Driver.java:298) ~[postgresql-42.7.9.jar:42.7.9]
	at com.zaxxer.hikari.util.DriverDataSource.getConnection(DriverDataSource.java:144) ~[HikariCP-6.3.3.jar:na]
	at com.zaxxer.hikari.pool.PoolBase.newConnection(PoolBase.java:370) ~[HikariCP-6.3.3.jar:na]
	at com.zaxxer.hikari.pool.PoolBase.newPoolEntry(PoolBase.java:207) ~[HikariCP-6.3.3.jar:na]
	at com.zaxxer.hikari.pool.HikariPool.createPoolEntry(HikariPool.java:488) ~[HikariCP-6.3.3.jar:na]
	at com.zaxxer.hikari.pool.HikariPool.checkFailFast(HikariPool.java:576) ~[HikariCP-6.3.3.jar:na]
	at com.zaxxer.hikari.pool.HikariPool.<init>(HikariPool.java:97) ~[HikariCP-6.3.3.jar:na]
	at com.zaxxer.hikari.HikariDataSource.getConnection(HikariDataSource.java:111) ~[HikariCP-6.3.3.jar:na]
	at org.hibernate.engine.jdbc.connections.internal.DatasourceConnectionProviderImpl.getConnection(DatasourceConnectionProviderImpl.java:126) ~[hibernate-core-6.6.41.Final.jar:6.6.41.Final]
	at org.hibernate.engine.jdbc.env.internal.JdbcEnvironmentInitiator$ConnectionProviderJdbcConnectionAccess.obtainConnection(JdbcEnvironmentInitiator.java:485) ~[hibernate-core-6.6.41.Final.jar:6.6.41.Final]
	at org.hibernate.resource.transaction.backend.jdbc.internal.DdlTransactionIsolatorNonJtaImpl.getIsolatedConnection(DdlTransactionIsolatorNonJtaImpl.java:46) ~[hibernate-core-6.6.41.Final.jar:6.6.41.Final]
	... 44 common frames omitted
Caused by: java.net.UnknownHostException: db
	at java.base/sun.nio.ch.NioSocketImpl.connect(NioSocketImpl.java:572) ~[na:na]
	at java.base/java.net.SocksSocketImpl.connect(SocksSocketImpl.java:327) ~[na:na]
	at java.base/java.net.Socket.connect(Socket.java:633) ~[na:na]
	at org.postgresql.core.PGStream.createSocket(PGStream.java:261) ~[postgresql-42.7.9.jar:42.7.9]
	at org.postgresql.core.PGStream.<init>(PGStream.java:122) ~[postgresql-42.7.9.jar:42.7.9]
	at org.postgresql.core.v3.ConnectionFactoryImpl.tryConnect(ConnectionFactoryImpl.java:146) ~[postgresql-42.7.9.jar:42.7.9]
	at org.postgresql.core.v3.ConnectionFactoryImpl.openConnectionImpl(ConnectionFactoryImpl.java:289) ~[postgresql-42.7.9.jar:42.7.9]
	... 58 common frames omitted

2026-03-17T09:29:37.445-06:00  INFO 19760 --- [johnson-sistema] [restartedMain] c.j.practica.JohnsonSistemaApplication   : Starting JohnsonSistemaApplication using Java 17.0.12 with PID 19760 (C:\Users\User\OneDrive\Escritorio\Escuela\PRACTICAS\Sistema_Johnson\johnson-sistema\target\classes started by Franco in C:\Users\User\OneDrive\Escritorio\Escuela\PRACTICAS\Sistema_Johnson\johnson-sistema)
2026-03-17T09:29:37.448-06:00  INFO 19760 --- [johnson-sistema] [restartedMain] c.j.practica.JohnsonSistemaApplication   : No active profile set, falling back to 1 default profile: "default"
2026-03-17T09:29:37.955-06:00  INFO 19760 --- [johnson-sistema] [restartedMain] .s.d.r.c.RepositoryConfigurationDelegate : Bootstrapping Spring Data JPA repositories in DEFAULT mode.
2026-03-17T09:29:38.035-06:00  INFO 19760 --- [johnson-sistema] [restartedMain] .s.d.r.c.RepositoryConfigurationDelegate : Finished Spring Data repository scanning in 77 ms. Found 10 JPA repository interfaces.
2026-03-17T09:29:38.331-06:00  INFO 19760 --- [johnson-sistema] [restartedMain] o.s.b.w.embedded.tomcat.TomcatWebServer  : Tomcat initialized with port 8081 (http)
2026-03-17T09:29:38.332-06:00  INFO 19760 --- [johnson-sistema] [restartedMain] o.apache.catalina.core.StandardService   : Starting service [Tomcat]
2026-03-17T09:29:38.333-06:00  INFO 19760 --- [johnson-sistema] [restartedMain] o.apache.catalina.core.StandardEngine    : Starting Servlet engine: [Apache Tomcat/10.1.50]
2026-03-17T09:29:38.417-06:00  INFO 19760 --- [johnson-sistema] [restartedMain] o.a.c.c.C.[Tomcat-4].[localhost].[/]     : Initializing Spring embedded WebApplicationContext
2026-03-17T09:29:38.418-06:00  INFO 19760 --- [johnson-sistema] [restartedMain] w.s.c.ServletWebServerApplicationContext : Root WebApplicationContext: initialization completed in 965 ms
2026-03-17T09:29:38.665-06:00  INFO 19760 --- [johnson-sistema] [restartedMain] o.hibernate.jpa.internal.util.LogHelper  : HHH000204: Processing PersistenceUnitInfo [name: default]
2026-03-17T09:29:38.668-06:00  INFO 19760 --- [johnson-sistema] [restartedMain] o.h.c.internal.RegionFactoryInitiator    : HHH000026: Second-level cache disabled
2026-03-17T09:29:38.680-06:00  INFO 19760 --- [johnson-sistema] [restartedMain] o.s.o.j.p.SpringPersistenceUnitInfo      : No LoadTimeWeaver setup: ignoring JPA class transformer
2026-03-17T09:29:38.681-06:00  INFO 19760 --- [johnson-sistema] [restartedMain] com.zaxxer.hikari.HikariDataSource       : HikariPool-26 - Starting...
2026-03-17T09:29:39.684-06:00  WARN 19760 --- [johnson-sistema] [restartedMain] o.h.engine.jdbc.spi.SqlExceptionHelper   : SQL Error: 0, SQLState: 08001
2026-03-17T09:29:39.685-06:00 ERROR 19760 --- [johnson-sistema] [restartedMain] o.h.engine.jdbc.spi.SqlExceptionHelper   : El intento de conexión falló.
2026-03-17T09:29:39.686-06:00  WARN 19760 --- [johnson-sistema] [restartedMain] o.h.e.j.e.i.JdbcEnvironmentInitiator     : HHH000342: Could not obtain connection to query metadata

org.hibernate.exception.JDBCConnectionException: unable to obtain isolated JDBC connection [El intento de conexión falló.] [n/a]
	at org.hibernate.exception.internal.SQLStateConversionDelegate.convert(SQLStateConversionDelegate.java:100) ~[hibernate-core-6.6.41.Final.jar:6.6.41.Final]
	at org.hibernate.exception.internal.StandardSQLExceptionConverter.convert(StandardSQLExceptionConverter.java:58) ~[hibernate-core-6.6.41.Final.jar:6.6.41.Final]
	at org.hibernate.engine.jdbc.spi.SqlExceptionHelper.convert(SqlExceptionHelper.java:108) ~[hibernate-core-6.6.41.Final.jar:6.6.41.Final]
	at org.hibernate.engine.jdbc.spi.SqlExceptionHelper.convert(SqlExceptionHelper.java:94) ~[hibernate-core-6.6.41.Final.jar:6.6.41.Final]
	at org.hibernate.resource.transaction.backend.jdbc.internal.JdbcIsolationDelegate.delegateWork(JdbcIsolationDelegate.java:116) ~[hibernate-core-6.6.41.Final.jar:6.6.41.Final]
	at org.hibernate.engine.jdbc.env.internal.JdbcEnvironmentInitiator.getJdbcEnvironmentUsingJdbcMetadata(JdbcEnvironmentInitiator.java:334) ~[hibernate-core-6.6.41.Final.jar:6.6.41.Final]
	at org.hibernate.engine.jdbc.env.internal.JdbcEnvironmentInitiator.initiateService(JdbcEnvironmentInitiator.java:129) ~[hibernate-core-6.6.41.Final.jar:6.6.41.Final]
	at org.hibernate.engine.jdbc.env.internal.JdbcEnvironmentInitiator.initiateService(JdbcEnvironmentInitiator.java:81) ~[hibernate-core-6.6.41.Final.jar:6.6.41.Final]
	at org.hibernate.boot.registry.internal.StandardServiceRegistryImpl.initiateService(StandardServiceRegistryImpl.java:130) ~[hibernate-core-6.6.41.Final.jar:6.6.41.Final]
	at org.hibernate.service.internal.AbstractServiceRegistryImpl.createService(AbstractServiceRegistryImpl.java:263) ~[hibernate-core-6.6.41.Final.jar:6.6.41.Final]
	at org.hibernate.service.internal.AbstractServiceRegistryImpl.initializeService(AbstractServiceRegistryImpl.java:238) ~[hibernate-core-6.6.41.Final.jar:6.6.41.Final]
	at org.hibernate.service.internal.AbstractServiceRegistryImpl.getService(AbstractServiceRegistryImpl.java:215) ~[hibernate-core-6.6.41.Final.jar:6.6.41.Final]
	at org.hibernate.boot.model.relational.Database.<init>(Database.java:45) ~[hibernate-core-6.6.41.Final.jar:6.6.41.Final]
	at org.hibernate.boot.internal.InFlightMetadataCollectorImpl.getDatabase(InFlightMetadataCollectorImpl.java:226) ~[hibernate-core-6.6.41.Final.jar:6.6.41.Final]
	at org.hibernate.boot.internal.InFlightMetadataCollectorImpl.<init>(InFlightMetadataCollectorImpl.java:194) ~[hibernate-core-6.6.41.Final.jar:6.6.41.Final]
	at org.hibernate.boot.model.process.spi.MetadataBuildingProcess.complete(MetadataBuildingProcess.java:171) ~[hibernate-core-6.6.41.Final.jar:6.6.41.Final]
	at org.hibernate.jpa.boot.internal.EntityManagerFactoryBuilderImpl.metadata(EntityManagerFactoryBuilderImpl.java:1442) ~[hibernate-core-6.6.41.Final.jar:6.6.41.Final]
	at org.hibernate.jpa.boot.internal.EntityManagerFactoryBuilderImpl.build(EntityManagerFactoryBuilderImpl.java:1513) ~[hibernate-core-6.6.41.Final.jar:6.6.41.Final]
	at org.springframework.orm.jpa.vendor.SpringHibernateJpaPersistenceProvider.createContainerEntityManagerFactory(SpringHibernateJpaPersistenceProvider.java:66) ~[spring-orm-6.2.15.jar:6.2.15]
	at org.springframework.orm.jpa.LocalContainerEntityManagerFactoryBean.createNativeEntityManagerFactory(LocalContainerEntityManagerFactoryBean.java:390) ~[spring-orm-6.2.15.jar:6.2.15]
	at org.springframework.orm.jpa.AbstractEntityManagerFactoryBean.buildNativeEntityManagerFactory(AbstractEntityManagerFactoryBean.java:419) ~[spring-orm-6.2.15.jar:6.2.15]
	at org.springframework.orm.jpa.AbstractEntityManagerFactoryBean.afterPropertiesSet(AbstractEntityManagerFactoryBean.java:400) ~[spring-orm-6.2.15.jar:6.2.15]
	at org.springframework.orm.jpa.LocalContainerEntityManagerFactoryBean.afterPropertiesSet(LocalContainerEntityManagerFactoryBean.java:366) ~[spring-orm-6.2.15.jar:6.2.15]
	at org.springframework.beans.factory.support.AbstractAutowireCapableBeanFactory.invokeInitMethods(AbstractAutowireCapableBeanFactory.java:1873) ~[spring-beans-6.2.15.jar:6.2.15]
	at org.springframework.beans.factory.support.AbstractAutowireCapableBeanFactory.initializeBean(AbstractAutowireCapableBeanFactory.java:1822) ~[spring-beans-6.2.15.jar:6.2.15]
	at org.springframework.beans.factory.support.AbstractAutowireCapableBeanFactory.doCreateBean(AbstractAutowireCapableBeanFactory.java:607) ~[spring-beans-6.2.15.jar:6.2.15]
	at org.springframework.beans.factory.support.AbstractAutowireCapableBeanFactory.createBean(AbstractAutowireCapableBeanFactory.java:529) ~[spring-beans-6.2.15.jar:6.2.15]
	at org.springframework.beans.factory.support.AbstractBeanFactory.lambda$doGetBean$0(AbstractBeanFactory.java:339) ~[spring-beans-6.2.15.jar:6.2.15]
	at org.springframework.beans.factory.support.DefaultSingletonBeanRegistry.getSingleton(DefaultSingletonBeanRegistry.java:373) ~[spring-beans-6.2.15.jar:6.2.15]
	at org.springframework.beans.factory.support.AbstractBeanFactory.doGetBean(AbstractBeanFactory.java:337) ~[spring-beans-6.2.15.jar:6.2.15]
	at org.springframework.beans.factory.support.AbstractBeanFactory.getBean(AbstractBeanFactory.java:207) ~[spring-beans-6.2.15.jar:6.2.15]
	at org.springframework.context.support.AbstractApplicationContext.finishBeanFactoryInitialization(AbstractApplicationContext.java:973) ~[spring-context-6.2.15.jar:6.2.15]
	at org.springframework.context.support.AbstractApplicationContext.refresh(AbstractApplicationContext.java:627) ~[spring-context-6.2.15.jar:6.2.15]
	at org.springframework.boot.web.servlet.context.ServletWebServerApplicationContext.refresh(ServletWebServerApplicationContext.java:146) ~[spring-boot-3.5.10.jar:3.5.10]
	at org.springframework.boot.SpringApplication.refresh(SpringApplication.java:752) ~[spring-boot-3.5.10.jar:3.5.10]
	at org.springframework.boot.SpringApplication.refreshContext(SpringApplication.java:439) ~[spring-boot-3.5.10.jar:3.5.10]
	at org.springframework.boot.SpringApplication.run(SpringApplication.java:318) ~[spring-boot-3.5.10.jar:3.5.10]
	at org.springframework.boot.SpringApplication.run(SpringApplication.java:1361) ~[spring-boot-3.5.10.jar:3.5.10]
	at org.springframework.boot.SpringApplication.run(SpringApplication.java:1350) ~[spring-boot-3.5.10.jar:3.5.10]
	at com.johnson.practica.JohnsonSistemaApplication.main(JohnsonSistemaApplication.java:16) ~[classes/:na]
	at java.base/jdk.internal.reflect.NativeMethodAccessorImpl.invoke0(Native Method) ~[na:na]
	at java.base/jdk.internal.reflect.NativeMethodAccessorImpl.invoke(NativeMethodAccessorImpl.java:77) ~[na:na]
	at java.base/jdk.internal.reflect.DelegatingMethodAccessorImpl.invoke(DelegatingMethodAccessorImpl.java:43) ~[na:na]
	at java.base/java.lang.reflect.Method.invoke(Method.java:568) ~[na:na]
	at org.springframework.boot.devtools.restart.RestartLauncher.run(RestartLauncher.java:50) ~[spring-boot-devtools-3.5.10.jar:3.5.10]
Caused by: org.postgresql.util.PSQLException: El intento de conexión falló.
	at org.postgresql.core.v3.ConnectionFactoryImpl.openConnectionImpl(ConnectionFactoryImpl.java:385) ~[postgresql-42.7.9.jar:42.7.9]
	at org.postgresql.core.ConnectionFactory.openConnection(ConnectionFactory.java:57) ~[postgresql-42.7.9.jar:42.7.9]
	at org.postgresql.jdbc.PgConnection.<init>(PgConnection.java:290) ~[postgresql-42.7.9.jar:42.7.9]
	at org.postgresql.Driver.makeConnection(Driver.java:448) ~[postgresql-42.7.9.jar:42.7.9]
	at org.postgresql.Driver.connect(Driver.java:298) ~[postgresql-42.7.9.jar:42.7.9]
	at com.zaxxer.hikari.util.DriverDataSource.getConnection(DriverDataSource.java:144) ~[HikariCP-6.3.3.jar:na]
	at com.zaxxer.hikari.pool.PoolBase.newConnection(PoolBase.java:370) ~[HikariCP-6.3.3.jar:na]
	at com.zaxxer.hikari.pool.PoolBase.newPoolEntry(PoolBase.java:207) ~[HikariCP-6.3.3.jar:na]
	at com.zaxxer.hikari.pool.HikariPool.createPoolEntry(HikariPool.java:488) ~[HikariCP-6.3.3.jar:na]
	at com.zaxxer.hikari.pool.HikariPool.checkFailFast(HikariPool.java:576) ~[HikariCP-6.3.3.jar:na]
	at com.zaxxer.hikari.pool.HikariPool.<init>(HikariPool.java:97) ~[HikariCP-6.3.3.jar:na]
	at com.zaxxer.hikari.HikariDataSource.getConnection(HikariDataSource.java:111) ~[HikariCP-6.3.3.jar:na]
	at org.hibernate.engine.jdbc.connections.internal.DatasourceConnectionProviderImpl.getConnection(DatasourceConnectionProviderImpl.java:126) ~[hibernate-core-6.6.41.Final.jar:6.6.41.Final]
	at org.hibernate.engine.jdbc.env.internal.JdbcEnvironmentInitiator$ConnectionProviderJdbcConnectionAccess.obtainConnection(JdbcEnvironmentInitiator.java:485) ~[hibernate-core-6.6.41.Final.jar:6.6.41.Final]
	at org.hibernate.resource.transaction.backend.jdbc.internal.JdbcIsolationDelegate.delegateWork(JdbcIsolationDelegate.java:61) ~[hibernate-core-6.6.41.Final.jar:6.6.41.Final]
	... 40 common frames omitted
Caused by: java.net.UnknownHostException: db
	at java.base/sun.nio.ch.NioSocketImpl.connect(NioSocketImpl.java:572) ~[na:na]
	at java.base/java.net.SocksSocketImpl.connect(SocksSocketImpl.java:327) ~[na:na]
	at java.base/java.net.Socket.connect(Socket.java:633) ~[na:na]
	at org.postgresql.core.PGStream.createSocket(PGStream.java:261) ~[postgresql-42.7.9.jar:42.7.9]
	at org.postgresql.core.PGStream.<init>(PGStream.java:122) ~[postgresql-42.7.9.jar:42.7.9]
	at org.postgresql.core.v3.ConnectionFactoryImpl.tryConnect(ConnectionFactoryImpl.java:146) ~[postgresql-42.7.9.jar:42.7.9]
	at org.postgresql.core.v3.ConnectionFactoryImpl.openConnectionImpl(ConnectionFactoryImpl.java:289) ~[postgresql-42.7.9.jar:42.7.9]
	... 54 common frames omitted

2026-03-17T09:29:39.722-06:00  WARN 19760 --- [johnson-sistema] [restartedMain] org.hibernate.orm.deprecation            : HHH90000025: PostgreSQLDialect does not need to be specified explicitly using 'hibernate.dialect' (remove the property setting and it will be selected by default)
2026-03-17T09:29:39.722-06:00  INFO 19760 --- [johnson-sistema] [restartedMain] org.hibernate.orm.connections.pooling    : HHH10001005: Database info:
	Database JDBC URL [Connecting through datasource 'HikariDataSource (null)']
	Database driver: undefined/unknown
	Database version: 12.0
	Autocommit mode: undefined/unknown
	Isolation level: undefined/unknown
	Minimum pool size: undefined/unknown
	Maximum pool size: undefined/unknown
2026-03-17T09:29:40.086-06:00  INFO 19760 --- [johnson-sistema] [restartedMain] o.h.e.t.j.p.i.JtaPlatformInitiator       : HHH000489: No JTA platform available (set 'hibernate.transaction.jta.platform' to enable JTA platform integration)
2026-03-17T09:29:40.087-06:00  INFO 19760 --- [johnson-sistema] [restartedMain] com.zaxxer.hikari.HikariDataSource       : HikariPool-26 - Starting...
2026-03-17T09:29:41.090-06:00  WARN 19760 --- [johnson-sistema] [restartedMain] o.h.engine.jdbc.spi.SqlExceptionHelper   : SQL Error: 0, SQLState: 08001
2026-03-17T09:29:41.091-06:00 ERROR 19760 --- [johnson-sistema] [restartedMain] o.h.engine.jdbc.spi.SqlExceptionHelper   : El intento de conexión falló.
2026-03-17T09:29:41.093-06:00 ERROR 19760 --- [johnson-sistema] [restartedMain] j.LocalContainerEntityManagerFactoryBean : Failed to initialize JPA EntityManagerFactory: [PersistenceUnit: default] Unable to build Hibernate SessionFactory; nested exception is org.hibernate.exception.JDBCConnectionException: Unable to open JDBC Connection for DDL execution [El intento de conexión falló.] [n/a]
2026-03-17T09:29:41.094-06:00  WARN 19760 --- [johnson-sistema] [restartedMain] ConfigServletWebServerApplicationContext : Exception encountered during context initialization - cancelling refresh attempt: org.springframework.beans.factory.BeanCreationException: Error creating bean with name 'entityManagerFactory' defined in class path resource [org/springframework/boot/autoconfigure/orm/jpa/HibernateJpaConfiguration.class]: [PersistenceUnit: default] Unable to build Hibernate SessionFactory; nested exception is org.hibernate.exception.JDBCConnectionException: Unable to open JDBC Connection for DDL execution [El intento de conexión falló.] [n/a]
2026-03-17T09:29:41.096-06:00  INFO 19760 --- [johnson-sistema] [restartedMain] o.apache.catalina.core.StandardService   : Stopping service [Tomcat]
2026-03-17T09:29:41.120-06:00  INFO 19760 --- [johnson-sistema] [restartedMain] .s.b.a.l.ConditionEvaluationReportLogger : 

Error starting ApplicationContext. To display the condition evaluation report re-run your application with 'debug' enabled.
2026-03-17T09:29:41.132-06:00 ERROR 19760 --- [johnson-sistema] [restartedMain] o.s.boot.SpringApplication               : Application run failed

org.springframework.beans.factory.BeanCreationException: Error creating bean with name 'entityManagerFactory' defined in class path resource [org/springframework/boot/autoconfigure/orm/jpa/HibernateJpaConfiguration.class]: [PersistenceUnit: default] Unable to build Hibernate SessionFactory; nested exception is org.hibernate.exception.JDBCConnectionException: Unable to open JDBC Connection for DDL execution [El intento de conexión falló.] [n/a]
	at org.springframework.beans.factory.support.AbstractAutowireCapableBeanFactory.initializeBean(AbstractAutowireCapableBeanFactory.java:1826) ~[spring-beans-6.2.15.jar:6.2.15]
	at org.springframework.beans.factory.support.AbstractAutowireCapableBeanFactory.doCreateBean(AbstractAutowireCapableBeanFactory.java:607) ~[spring-beans-6.2.15.jar:6.2.15]
	at org.springframework.beans.factory.support.AbstractAutowireCapableBeanFactory.createBean(AbstractAutowireCapableBeanFactory.java:529) ~[spring-beans-6.2.15.jar:6.2.15]
	at org.springframework.beans.factory.support.AbstractBeanFactory.lambda$doGetBean$0(AbstractBeanFactory.java:339) ~[spring-beans-6.2.15.jar:6.2.15]
	at org.springframework.beans.factory.support.DefaultSingletonBeanRegistry.getSingleton(DefaultSingletonBeanRegistry.java:373) ~[spring-beans-6.2.15.jar:6.2.15]
	at org.springframework.beans.factory.support.AbstractBeanFactory.doGetBean(AbstractBeanFactory.java:337) ~[spring-beans-6.2.15.jar:6.2.15]
	at org.springframework.beans.factory.support.AbstractBeanFactory.getBean(AbstractBeanFactory.java:207) ~[spring-beans-6.2.15.jar:6.2.15]
	at org.springframework.context.support.AbstractApplicationContext.finishBeanFactoryInitialization(AbstractApplicationContext.java:973) ~[spring-context-6.2.15.jar:6.2.15]
	at org.springframework.context.support.AbstractApplicationContext.refresh(AbstractApplicationContext.java:627) ~[spring-context-6.2.15.jar:6.2.15]
	at org.springframework.boot.web.servlet.context.ServletWebServerApplicationContext.refresh(ServletWebServerApplicationContext.java:146) ~[spring-boot-3.5.10.jar:3.5.10]
	at org.springframework.boot.SpringApplication.refresh(SpringApplication.java:752) ~[spring-boot-3.5.10.jar:3.5.10]
	at org.springframework.boot.SpringApplication.refreshContext(SpringApplication.java:439) ~[spring-boot-3.5.10.jar:3.5.10]
	at org.springframework.boot.SpringApplication.run(SpringApplication.java:318) ~[spring-boot-3.5.10.jar:3.5.10]
	at org.springframework.boot.SpringApplication.run(SpringApplication.java:1361) ~[spring-boot-3.5.10.jar:3.5.10]
	at org.springframework.boot.SpringApplication.run(SpringApplication.java:1350) ~[spring-boot-3.5.10.jar:3.5.10]
	at com.johnson.practica.JohnsonSistemaApplication.main(JohnsonSistemaApplication.java:16) ~[classes/:na]
	at java.base/jdk.internal.reflect.NativeMethodAccessorImpl.invoke0(Native Method) ~[na:na]
	at java.base/jdk.internal.reflect.NativeMethodAccessorImpl.invoke(NativeMethodAccessorImpl.java:77) ~[na:na]
	at java.base/jdk.internal.reflect.DelegatingMethodAccessorImpl.invoke(DelegatingMethodAccessorImpl.java:43) ~[na:na]
	at java.base/java.lang.reflect.Method.invoke(Method.java:568) ~[na:na]
	at org.springframework.boot.devtools.restart.RestartLauncher.run(RestartLauncher.java:50) ~[spring-boot-devtools-3.5.10.jar:3.5.10]
Caused by: jakarta.persistence.PersistenceException: [PersistenceUnit: default] Unable to build Hibernate SessionFactory; nested exception is org.hibernate.exception.JDBCConnectionException: Unable to open JDBC Connection for DDL execution [El intento de conexión falló.] [n/a]
	at org.springframework.orm.jpa.AbstractEntityManagerFactoryBean.buildNativeEntityManagerFactory(AbstractEntityManagerFactoryBean.java:431) ~[spring-orm-6.2.15.jar:6.2.15]
	at org.springframework.orm.jpa.AbstractEntityManagerFactoryBean.afterPropertiesSet(AbstractEntityManagerFactoryBean.java:400) ~[spring-orm-6.2.15.jar:6.2.15]
	at org.springframework.orm.jpa.LocalContainerEntityManagerFactoryBean.afterPropertiesSet(LocalContainerEntityManagerFactoryBean.java:366) ~[spring-orm-6.2.15.jar:6.2.15]
	at org.springframework.beans.factory.support.AbstractAutowireCapableBeanFactory.invokeInitMethods(AbstractAutowireCapableBeanFactory.java:1873) ~[spring-beans-6.2.15.jar:6.2.15]
	at org.springframework.beans.factory.support.AbstractAutowireCapableBeanFactory.initializeBean(AbstractAutowireCapableBeanFactory.java:1822) ~[spring-beans-6.2.15.jar:6.2.15]
	... 20 common frames omitted
Caused by: org.hibernate.exception.JDBCConnectionException: Unable to open JDBC Connection for DDL execution [El intento de conexión falló.] [n/a]
	at org.hibernate.exception.internal.SQLStateConversionDelegate.convert(SQLStateConversionDelegate.java:100) ~[hibernate-core-6.6.41.Final.jar:6.6.41.Final]
	at org.hibernate.exception.internal.StandardSQLExceptionConverter.convert(StandardSQLExceptionConverter.java:58) ~[hibernate-core-6.6.41.Final.jar:6.6.41.Final]
	at org.hibernate.engine.jdbc.spi.SqlExceptionHelper.convert(SqlExceptionHelper.java:108) ~[hibernate-core-6.6.41.Final.jar:6.6.41.Final]
	at org.hibernate.engine.jdbc.spi.SqlExceptionHelper.convert(SqlExceptionHelper.java:94) ~[hibernate-core-6.6.41.Final.jar:6.6.41.Final]
	at org.hibernate.resource.transaction.backend.jdbc.internal.DdlTransactionIsolatorNonJtaImpl.getIsolatedConnection(DdlTransactionIsolatorNonJtaImpl.java:74) ~[hibernate-core-6.6.41.Final.jar:6.6.41.Final]
	at org.hibernate.resource.transaction.backend.jdbc.internal.DdlTransactionIsolatorNonJtaImpl.getIsolatedConnection(DdlTransactionIsolatorNonJtaImpl.java:39) ~[hibernate-core-6.6.41.Final.jar:6.6.41.Final]
	at org.hibernate.tool.schema.internal.exec.ImprovedExtractionContextImpl.getJdbcConnection(ImprovedExtractionContextImpl.java:63) ~[hibernate-core-6.6.41.Final.jar:6.6.41.Final]
	at org.hibernate.tool.schema.extract.spi.ExtractionContext.getQueryResults(ExtractionContext.java:43) ~[hibernate-core-6.6.41.Final.jar:6.6.41.Final]
	at org.hibernate.tool.schema.extract.internal.SequenceInformationExtractorLegacyImpl.extractMetadata(SequenceInformationExtractorLegacyImpl.java:39) ~[hibernate-core-6.6.41.Final.jar:6.6.41.Final]
	at org.hibernate.tool.schema.extract.internal.DatabaseInformationImpl.initializeSequences(DatabaseInformationImpl.java:66) ~[hibernate-core-6.6.41.Final.jar:6.6.41.Final]
	at org.hibernate.tool.schema.extract.internal.DatabaseInformationImpl.<init>(DatabaseInformationImpl.java:60) ~[hibernate-core-6.6.41.Final.jar:6.6.41.Final]
	at org.hibernate.tool.schema.internal.Helper.buildDatabaseInformation(Helper.java:185) ~[hibernate-core-6.6.41.Final.jar:6.6.41.Final]
	at org.hibernate.tool.schema.internal.AbstractSchemaValidator.doValidation(AbstractSchemaValidator.java:69) ~[hibernate-core-6.6.41.Final.jar:6.6.41.Final]
	at org.hibernate.tool.schema.spi.SchemaManagementToolCoordinator.performDatabaseAction(SchemaManagementToolCoordinator.java:289) ~[hibernate-core-6.6.41.Final.jar:6.6.41.Final]
	at org.hibernate.tool.schema.spi.SchemaManagementToolCoordinator.lambda$process$5(SchemaManagementToolCoordinator.java:144) ~[hibernate-core-6.6.41.Final.jar:6.6.41.Final]
	at java.base/java.util.HashMap.forEach(HashMap.java:1421) ~[na:na]
	at org.hibernate.tool.schema.spi.SchemaManagementToolCoordinator.process(SchemaManagementToolCoordinator.java:141) ~[hibernate-core-6.6.41.Final.jar:6.6.41.Final]
	at org.hibernate.boot.internal.SessionFactoryObserverForSchemaExport.sessionFactoryCreated(SessionFactoryObserverForSchemaExport.java:37) ~[hibernate-core-6.6.41.Final.jar:6.6.41.Final]
	at org.hibernate.internal.SessionFactoryObserverChain.sessionFactoryCreated(SessionFactoryObserverChain.java:35) ~[hibernate-core-6.6.41.Final.jar:6.6.41.Final]
	at org.hibernate.internal.SessionFactoryImpl.<init>(SessionFactoryImpl.java:324) ~[hibernate-core-6.6.41.Final.jar:6.6.41.Final]
	at org.hibernate.boot.internal.SessionFactoryBuilderImpl.build(SessionFactoryBuilderImpl.java:463) ~[hibernate-core-6.6.41.Final.jar:6.6.41.Final]
	at org.hibernate.jpa.boot.internal.EntityManagerFactoryBuilderImpl.build(EntityManagerFactoryBuilderImpl.java:1517) ~[hibernate-core-6.6.41.Final.jar:6.6.41.Final]
	at org.springframework.orm.jpa.vendor.SpringHibernateJpaPersistenceProvider.createContainerEntityManagerFactory(SpringHibernateJpaPersistenceProvider.java:66) ~[spring-orm-6.2.15.jar:6.2.15]
	at org.springframework.orm.jpa.LocalContainerEntityManagerFactoryBean.createNativeEntityManagerFactory(LocalContainerEntityManagerFactoryBean.java:390) ~[spring-orm-6.2.15.jar:6.2.15]
	at org.springframework.orm.jpa.AbstractEntityManagerFactoryBean.buildNativeEntityManagerFactory(AbstractEntityManagerFactoryBean.java:419) ~[spring-orm-6.2.15.jar:6.2.15]
	... 24 common frames omitted
Caused by: org.postgresql.util.PSQLException: El intento de conexión falló.
	at org.postgresql.core.v3.ConnectionFactoryImpl.openConnectionImpl(ConnectionFactoryImpl.java:385) ~[postgresql-42.7.9.jar:42.7.9]
	at org.postgresql.core.ConnectionFactory.openConnection(ConnectionFactory.java:57) ~[postgresql-42.7.9.jar:42.7.9]
	at org.postgresql.jdbc.PgConnection.<init>(PgConnection.java:290) ~[postgresql-42.7.9.jar:42.7.9]
	at org.postgresql.Driver.makeConnection(Driver.java:448) ~[postgresql-42.7.9.jar:42.7.9]
	at org.postgresql.Driver.connect(Driver.java:298) ~[postgresql-42.7.9.jar:42.7.9]
	at com.zaxxer.hikari.util.DriverDataSource.getConnection(DriverDataSource.java:144) ~[HikariCP-6.3.3.jar:na]
	at com.zaxxer.hikari.pool.PoolBase.newConnection(PoolBase.java:370) ~[HikariCP-6.3.3.jar:na]
	at com.zaxxer.hikari.pool.PoolBase.newPoolEntry(PoolBase.java:207) ~[HikariCP-6.3.3.jar:na]
	at com.zaxxer.hikari.pool.HikariPool.createPoolEntry(HikariPool.java:488) ~[HikariCP-6.3.3.jar:na]
	at com.zaxxer.hikari.pool.HikariPool.checkFailFast(HikariPool.java:576) ~[HikariCP-6.3.3.jar:na]
	at com.zaxxer.hikari.pool.HikariPool.<init>(HikariPool.java:97) ~[HikariCP-6.3.3.jar:na]
	at com.zaxxer.hikari.HikariDataSource.getConnection(HikariDataSource.java:111) ~[HikariCP-6.3.3.jar:na]
	at org.hibernate.engine.jdbc.connections.internal.DatasourceConnectionProviderImpl.getConnection(DatasourceConnectionProviderImpl.java:126) ~[hibernate-core-6.6.41.Final.jar:6.6.41.Final]
	at org.hibernate.engine.jdbc.env.internal.JdbcEnvironmentInitiator$ConnectionProviderJdbcConnectionAccess.obtainConnection(JdbcEnvironmentInitiator.java:485) ~[hibernate-core-6.6.41.Final.jar:6.6.41.Final]
	at org.hibernate.resource.transaction.backend.jdbc.internal.DdlTransactionIsolatorNonJtaImpl.getIsolatedConnection(DdlTransactionIsolatorNonJtaImpl.java:46) ~[hibernate-core-6.6.41.Final.jar:6.6.41.Final]
	... 44 common frames omitted
Caused by: java.net.UnknownHostException: db
	at java.base/sun.nio.ch.NioSocketImpl.connect(NioSocketImpl.java:572) ~[na:na]
	at java.base/java.net.SocksSocketImpl.connect(SocksSocketImpl.java:327) ~[na:na]
	at java.base/java.net.Socket.connect(Socket.java:633) ~[na:na]
	at org.postgresql.core.PGStream.createSocket(PGStream.java:261) ~[postgresql-42.7.9.jar:42.7.9]
	at org.postgresql.core.PGStream.<init>(PGStream.java:122) ~[postgresql-42.7.9.jar:42.7.9]
	at org.postgresql.core.v3.ConnectionFactoryImpl.tryConnect(ConnectionFactoryImpl.java:146) ~[postgresql-42.7.9.jar:42.7.9]
	at org.postgresql.core.v3.ConnectionFactoryImpl.openConnectionImpl(ConnectionFactoryImpl.java:289) ~[postgresql-42.7.9.jar:42.7.9]
	... 58 common frames omitted

2026-03-17T09:33:14.360-06:00  INFO 10708 --- [johnson-sistema] [restartedMain] c.j.practica.JohnsonSistemaApplication   : Starting JohnsonSistemaApplication using Java 17.0.12 with PID 10708 (C:\Users\User\OneDrive\Escritorio\Escuela\PRACTICAS\Sistema_Johnson\johnson-sistema\target\classes started by Franco in C:\Users\User\OneDrive\Escritorio\Escuela\PRACTICAS\Sistema_Johnson\johnson-sistema)
2026-03-17T09:33:14.365-06:00  INFO 10708 --- [johnson-sistema] [restartedMain] c.j.practica.JohnsonSistemaApplication   : No active profile set, falling back to 1 default profile: "default"
2026-03-17T09:33:14.489-06:00  INFO 10708 --- [johnson-sistema] [restartedMain] .e.DevToolsPropertyDefaultsPostProcessor : Devtools property defaults active! Set 'spring.devtools.add-properties' to 'false' to disable
2026-03-17T09:33:14.490-06:00  INFO 10708 --- [johnson-sistema] [restartedMain] .e.DevToolsPropertyDefaultsPostProcessor : For additional web related logging consider setting the 'logging.level.web' property to 'DEBUG'
2026-03-17T09:33:16.727-06:00  INFO 10708 --- [johnson-sistema] [restartedMain] .s.d.r.c.RepositoryConfigurationDelegate : Bootstrapping Spring Data JPA repositories in DEFAULT mode.
2026-03-17T09:33:17.008-06:00  INFO 10708 --- [johnson-sistema] [restartedMain] .s.d.r.c.RepositoryConfigurationDelegate : Finished Spring Data repository scanning in 247 ms. Found 10 JPA repository interfaces.
2026-03-17T09:33:18.868-06:00  INFO 10708 --- [johnson-sistema] [restartedMain] o.s.b.w.embedded.tomcat.TomcatWebServer  : Tomcat initialized with port 8081 (http)
2026-03-17T09:33:18.925-06:00  INFO 10708 --- [johnson-sistema] [restartedMain] o.apache.catalina.core.StandardService   : Starting service [Tomcat]
2026-03-17T09:33:18.929-06:00  INFO 10708 --- [johnson-sistema] [restartedMain] o.apache.catalina.core.StandardEngine    : Starting Servlet engine: [Apache Tomcat/10.1.50]
2026-03-17T09:33:19.209-06:00  INFO 10708 --- [johnson-sistema] [restartedMain] o.a.c.c.C.[Tomcat].[localhost].[/]       : Initializing Spring embedded WebApplicationContext
2026-03-17T09:33:19.218-06:00  INFO 10708 --- [johnson-sistema] [restartedMain] w.s.c.ServletWebServerApplicationContext : Root WebApplicationContext: initialization completed in 4719 ms
2026-03-17T09:33:19.944-06:00  INFO 10708 --- [johnson-sistema] [restartedMain] o.hibernate.jpa.internal.util.LogHelper  : HHH000204: Processing PersistenceUnitInfo [name: default]
2026-03-17T09:33:20.126-06:00  INFO 10708 --- [johnson-sistema] [restartedMain] org.hibernate.Version                    : HHH000412: Hibernate ORM core version 6.6.41.Final
2026-03-17T09:33:20.224-06:00  INFO 10708 --- [johnson-sistema] [restartedMain] o.h.c.internal.RegionFactoryInitiator    : HHH000026: Second-level cache disabled
2026-03-17T09:33:20.970-06:00  INFO 10708 --- [johnson-sistema] [restartedMain] o.s.o.j.p.SpringPersistenceUnitInfo      : No LoadTimeWeaver setup: ignoring JPA class transformer
2026-03-17T09:33:21.051-06:00  INFO 10708 --- [johnson-sistema] [restartedMain] com.zaxxer.hikari.HikariDataSource       : HikariPool-1 - Starting...
2026-03-17T09:33:24.510-06:00  WARN 10708 --- [johnson-sistema] [restartedMain] o.h.engine.jdbc.spi.SqlExceptionHelper   : SQL Error: 0, SQLState: 08001
2026-03-17T09:33:24.521-06:00 ERROR 10708 --- [johnson-sistema] [restartedMain] o.h.engine.jdbc.spi.SqlExceptionHelper   : El intento de conexión falló.
2026-03-17T09:33:24.541-06:00  WARN 10708 --- [johnson-sistema] [restartedMain] o.h.e.j.e.i.JdbcEnvironmentInitiator     : HHH000342: Could not obtain connection to query metadata

org.hibernate.exception.JDBCConnectionException: unable to obtain isolated JDBC connection [El intento de conexión falló.] [n/a]
	at org.hibernate.exception.internal.SQLStateConversionDelegate.convert(SQLStateConversionDelegate.java:100) ~[hibernate-core-6.6.41.Final.jar:6.6.41.Final]
	at org.hibernate.exception.internal.StandardSQLExceptionConverter.convert(StandardSQLExceptionConverter.java:58) ~[hibernate-core-6.6.41.Final.jar:6.6.41.Final]
	at org.hibernate.engine.jdbc.spi.SqlExceptionHelper.convert(SqlExceptionHelper.java:108) ~[hibernate-core-6.6.41.Final.jar:6.6.41.Final]
	at org.hibernate.engine.jdbc.spi.SqlExceptionHelper.convert(SqlExceptionHelper.java:94) ~[hibernate-core-6.6.41.Final.jar:6.6.41.Final]
	at org.hibernate.resource.transaction.backend.jdbc.internal.JdbcIsolationDelegate.delegateWork(JdbcIsolationDelegate.java:116) ~[hibernate-core-6.6.41.Final.jar:6.6.41.Final]
	at org.hibernate.engine.jdbc.env.internal.JdbcEnvironmentInitiator.getJdbcEnvironmentUsingJdbcMetadata(JdbcEnvironmentInitiator.java:334) ~[hibernate-core-6.6.41.Final.jar:6.6.41.Final]
	at org.hibernate.engine.jdbc.env.internal.JdbcEnvironmentInitiator.initiateService(JdbcEnvironmentInitiator.java:129) ~[hibernate-core-6.6.41.Final.jar:6.6.41.Final]
	at org.hibernate.engine.jdbc.env.internal.JdbcEnvironmentInitiator.initiateService(JdbcEnvironmentInitiator.java:81) ~[hibernate-core-6.6.41.Final.jar:6.6.41.Final]
	at org.hibernate.boot.registry.internal.StandardServiceRegistryImpl.initiateService(StandardServiceRegistryImpl.java:130) ~[hibernate-core-6.6.41.Final.jar:6.6.41.Final]
	at org.hibernate.service.internal.AbstractServiceRegistryImpl.createService(AbstractServiceRegistryImpl.java:263) ~[hibernate-core-6.6.41.Final.jar:6.6.41.Final]
	at org.hibernate.service.internal.AbstractServiceRegistryImpl.initializeService(AbstractServiceRegistryImpl.java:238) ~[hibernate-core-6.6.41.Final.jar:6.6.41.Final]
	at org.hibernate.service.internal.AbstractServiceRegistryImpl.getService(AbstractServiceRegistryImpl.java:215) ~[hibernate-core-6.6.41.Final.jar:6.6.41.Final]
	at org.hibernate.boot.model.relational.Database.<init>(Database.java:45) ~[hibernate-core-6.6.41.Final.jar:6.6.41.Final]
	at org.hibernate.boot.internal.InFlightMetadataCollectorImpl.getDatabase(InFlightMetadataCollectorImpl.java:226) ~[hibernate-core-6.6.41.Final.jar:6.6.41.Final]
	at org.hibernate.boot.internal.InFlightMetadataCollectorImpl.<init>(InFlightMetadataCollectorImpl.java:194) ~[hibernate-core-6.6.41.Final.jar:6.6.41.Final]
	at org.hibernate.boot.model.process.spi.MetadataBuildingProcess.complete(MetadataBuildingProcess.java:171) ~[hibernate-core-6.6.41.Final.jar:6.6.41.Final]
	at org.hibernate.jpa.boot.internal.EntityManagerFactoryBuilderImpl.metadata(EntityManagerFactoryBuilderImpl.java:1442) ~[hibernate-core-6.6.41.Final.jar:6.6.41.Final]
	at org.hibernate.jpa.boot.internal.EntityManagerFactoryBuilderImpl.build(EntityManagerFactoryBuilderImpl.java:1513) ~[hibernate-core-6.6.41.Final.jar:6.6.41.Final]
	at org.springframework.orm.jpa.vendor.SpringHibernateJpaPersistenceProvider.createContainerEntityManagerFactory(SpringHibernateJpaPersistenceProvider.java:66) ~[spring-orm-6.2.15.jar:6.2.15]
	at org.springframework.orm.jpa.LocalContainerEntityManagerFactoryBean.createNativeEntityManagerFactory(LocalContainerEntityManagerFactoryBean.java:390) ~[spring-orm-6.2.15.jar:6.2.15]
	at org.springframework.orm.jpa.AbstractEntityManagerFactoryBean.buildNativeEntityManagerFactory(AbstractEntityManagerFactoryBean.java:419) ~[spring-orm-6.2.15.jar:6.2.15]
	at org.springframework.orm.jpa.AbstractEntityManagerFactoryBean.afterPropertiesSet(AbstractEntityManagerFactoryBean.java:400) ~[spring-orm-6.2.15.jar:6.2.15]
	at org.springframework.orm.jpa.LocalContainerEntityManagerFactoryBean.afterPropertiesSet(LocalContainerEntityManagerFactoryBean.java:366) ~[spring-orm-6.2.15.jar:6.2.15]
	at org.springframework.beans.factory.support.AbstractAutowireCapableBeanFactory.invokeInitMethods(AbstractAutowireCapableBeanFactory.java:1873) ~[spring-beans-6.2.15.jar:6.2.15]
	at org.springframework.beans.factory.support.AbstractAutowireCapableBeanFactory.initializeBean(AbstractAutowireCapableBeanFactory.java:1822) ~[spring-beans-6.2.15.jar:6.2.15]
	at org.springframework.beans.factory.support.AbstractAutowireCapableBeanFactory.doCreateBean(AbstractAutowireCapableBeanFactory.java:607) ~[spring-beans-6.2.15.jar:6.2.15]
	at org.springframework.beans.factory.support.AbstractAutowireCapableBeanFactory.createBean(AbstractAutowireCapableBeanFactory.java:529) ~[spring-beans-6.2.15.jar:6.2.15]
	at org.springframework.beans.factory.support.AbstractBeanFactory.lambda$doGetBean$0(AbstractBeanFactory.java:339) ~[spring-beans-6.2.15.jar:6.2.15]
	at org.springframework.beans.factory.support.DefaultSingletonBeanRegistry.getSingleton(DefaultSingletonBeanRegistry.java:373) ~[spring-beans-6.2.15.jar:6.2.15]
	at org.springframework.beans.factory.support.AbstractBeanFactory.doGetBean(AbstractBeanFactory.java:337) ~[spring-beans-6.2.15.jar:6.2.15]
	at org.springframework.beans.factory.support.AbstractBeanFactory.getBean(AbstractBeanFactory.java:207) ~[spring-beans-6.2.15.jar:6.2.15]
	at org.springframework.context.support.AbstractApplicationContext.finishBeanFactoryInitialization(AbstractApplicationContext.java:973) ~[spring-context-6.2.15.jar:6.2.15]
	at org.springframework.context.support.AbstractApplicationContext.refresh(AbstractApplicationContext.java:627) ~[spring-context-6.2.15.jar:6.2.15]
	at org.springframework.boot.web.servlet.context.ServletWebServerApplicationContext.refresh(ServletWebServerApplicationContext.java:146) ~[spring-boot-3.5.10.jar:3.5.10]
	at org.springframework.boot.SpringApplication.refresh(SpringApplication.java:752) ~[spring-boot-3.5.10.jar:3.5.10]
	at org.springframework.boot.SpringApplication.refreshContext(SpringApplication.java:439) ~[spring-boot-3.5.10.jar:3.5.10]
	at org.springframework.boot.SpringApplication.run(SpringApplication.java:318) ~[spring-boot-3.5.10.jar:3.5.10]
	at org.springframework.boot.SpringApplication.run(SpringApplication.java:1361) ~[spring-boot-3.5.10.jar:3.5.10]
	at org.springframework.boot.SpringApplication.run(SpringApplication.java:1350) ~[spring-boot-3.5.10.jar:3.5.10]
	at com.johnson.practica.JohnsonSistemaApplication.main(JohnsonSistemaApplication.java:16) ~[classes/:na]
	at java.base/jdk.internal.reflect.NativeMethodAccessorImpl.invoke0(Native Method) ~[na:na]
	at java.base/jdk.internal.reflect.NativeMethodAccessorImpl.invoke(NativeMethodAccessorImpl.java:77) ~[na:na]
	at java.base/jdk.internal.reflect.DelegatingMethodAccessorImpl.invoke(DelegatingMethodAccessorImpl.java:43) ~[na:na]
	at java.base/java.lang.reflect.Method.invoke(Method.java:568) ~[na:na]
	at org.springframework.boot.devtools.restart.RestartLauncher.run(RestartLauncher.java:50) ~[spring-boot-devtools-3.5.10.jar:3.5.10]
Caused by: org.postgresql.util.PSQLException: El intento de conexión falló.
	at org.postgresql.core.v3.ConnectionFactoryImpl.openConnectionImpl(ConnectionFactoryImpl.java:385) ~[postgresql-42.7.9.jar:42.7.9]
	at org.postgresql.core.ConnectionFactory.openConnection(ConnectionFactory.java:57) ~[postgresql-42.7.9.jar:42.7.9]
	at org.postgresql.jdbc.PgConnection.<init>(PgConnection.java:290) ~[postgresql-42.7.9.jar:42.7.9]
	at org.postgresql.Driver.makeConnection(Driver.java:448) ~[postgresql-42.7.9.jar:42.7.9]
	at org.postgresql.Driver.connect(Driver.java:298) ~[postgresql-42.7.9.jar:42.7.9]
	at com.zaxxer.hikari.util.DriverDataSource.getConnection(DriverDataSource.java:144) ~[HikariCP-6.3.3.jar:na]
	at com.zaxxer.hikari.pool.PoolBase.newConnection(PoolBase.java:370) ~[HikariCP-6.3.3.jar:na]
	at com.zaxxer.hikari.pool.PoolBase.newPoolEntry(PoolBase.java:207) ~[HikariCP-6.3.3.jar:na]
	at com.zaxxer.hikari.pool.HikariPool.createPoolEntry(HikariPool.java:488) ~[HikariCP-6.3.3.jar:na]
	at com.zaxxer.hikari.pool.HikariPool.checkFailFast(HikariPool.java:576) ~[HikariCP-6.3.3.jar:na]
	at com.zaxxer.hikari.pool.HikariPool.<init>(HikariPool.java:97) ~[HikariCP-6.3.3.jar:na]
	at com.zaxxer.hikari.HikariDataSource.getConnection(HikariDataSource.java:111) ~[HikariCP-6.3.3.jar:na]
	at org.hibernate.engine.jdbc.connections.internal.DatasourceConnectionProviderImpl.getConnection(DatasourceConnectionProviderImpl.java:126) ~[hibernate-core-6.6.41.Final.jar:6.6.41.Final]
	at org.hibernate.engine.jdbc.env.internal.JdbcEnvironmentInitiator$ConnectionProviderJdbcConnectionAccess.obtainConnection(JdbcEnvironmentInitiator.java:485) ~[hibernate-core-6.6.41.Final.jar:6.6.41.Final]
	at org.hibernate.resource.transaction.backend.jdbc.internal.JdbcIsolationDelegate.delegateWork(JdbcIsolationDelegate.java:61) ~[hibernate-core-6.6.41.Final.jar:6.6.41.Final]
	... 40 common frames omitted
Caused by: java.net.UnknownHostException: db
	at java.base/sun.nio.ch.NioSocketImpl.connect(NioSocketImpl.java:572) ~[na:na]
	at java.base/java.net.SocksSocketImpl.connect(SocksSocketImpl.java:327) ~[na:na]
	at java.base/java.net.Socket.connect(Socket.java:633) ~[na:na]
	at org.postgresql.core.PGStream.createSocket(PGStream.java:261) ~[postgresql-42.7.9.jar:42.7.9]
	at org.postgresql.core.PGStream.<init>(PGStream.java:122) ~[postgresql-42.7.9.jar:42.7.9]
	at org.postgresql.core.v3.ConnectionFactoryImpl.tryConnect(ConnectionFactoryImpl.java:146) ~[postgresql-42.7.9.jar:42.7.9]
	at org.postgresql.core.v3.ConnectionFactoryImpl.openConnectionImpl(ConnectionFactoryImpl.java:289) ~[postgresql-42.7.9.jar:42.7.9]
	... 54 common frames omitted

2026-03-17T09:33:24.694-06:00  WARN 10708 --- [johnson-sistema] [restartedMain] org.hibernate.orm.deprecation            : HHH90000025: PostgreSQLDialect does not need to be specified explicitly using 'hibernate.dialect' (remove the property setting and it will be selected by default)
2026-03-17T09:33:24.748-06:00  INFO 10708 --- [johnson-sistema] [restartedMain] org.hibernate.orm.connections.pooling    : HHH10001005: Database info:
	Database JDBC URL [Connecting through datasource 'HikariDataSource (null)']
	Database driver: undefined/unknown
	Database version: 12.0
	Autocommit mode: undefined/unknown
	Isolation level: undefined/unknown
	Minimum pool size: undefined/unknown
	Maximum pool size: undefined/unknown
2026-03-17T09:33:27.443-06:00  INFO 10708 --- [johnson-sistema] [restartedMain] o.h.e.t.j.p.i.JtaPlatformInitiator       : HHH000489: No JTA platform available (set 'hibernate.transaction.jta.platform' to enable JTA platform integration)
2026-03-17T09:33:27.497-06:00  INFO 10708 --- [johnson-sistema] [restartedMain] com.zaxxer.hikari.HikariDataSource       : HikariPool-1 - Starting...
2026-03-17T09:33:28.518-06:00  WARN 10708 --- [johnson-sistema] [restartedMain] o.h.engine.jdbc.spi.SqlExceptionHelper   : SQL Error: 0, SQLState: 08001
2026-03-17T09:33:28.523-06:00 ERROR 10708 --- [johnson-sistema] [restartedMain] o.h.engine.jdbc.spi.SqlExceptionHelper   : El intento de conexión falló.
2026-03-17T09:33:28.577-06:00 ERROR 10708 --- [johnson-sistema] [restartedMain] j.LocalContainerEntityManagerFactoryBean : Failed to initialize JPA EntityManagerFactory: [PersistenceUnit: default] Unable to build Hibernate SessionFactory; nested exception is org.hibernate.exception.JDBCConnectionException: Unable to open JDBC Connection for DDL execution [El intento de conexión falló.] [n/a]
2026-03-17T09:33:28.583-06:00  WARN 10708 --- [johnson-sistema] [restartedMain] ConfigServletWebServerApplicationContext : Exception encountered during context initialization - cancelling refresh attempt: org.springframework.beans.factory.BeanCreationException: Error creating bean with name 'entityManagerFactory' defined in class path resource [org/springframework/boot/autoconfigure/orm/jpa/HibernateJpaConfiguration.class]: [PersistenceUnit: default] Unable to build Hibernate SessionFactory; nested exception is org.hibernate.exception.JDBCConnectionException: Unable to open JDBC Connection for DDL execution [El intento de conexión falló.] [n/a]
2026-03-17T09:33:28.597-06:00  INFO 10708 --- [johnson-sistema] [restartedMain] o.apache.catalina.core.StandardService   : Stopping service [Tomcat]
2026-03-17T09:33:28.637-06:00  INFO 10708 --- [johnson-sistema] [restartedMain] .s.b.a.l.ConditionEvaluationReportLogger : 

Error starting ApplicationContext. To display the condition evaluation report re-run your application with 'debug' enabled.
2026-03-17T09:33:28.683-06:00 ERROR 10708 --- [johnson-sistema] [restartedMain] o.s.boot.SpringApplication               : Application run failed

org.springframework.beans.factory.BeanCreationException: Error creating bean with name 'entityManagerFactory' defined in class path resource [org/springframework/boot/autoconfigure/orm/jpa/HibernateJpaConfiguration.class]: [PersistenceUnit: default] Unable to build Hibernate SessionFactory; nested exception is org.hibernate.exception.JDBCConnectionException: Unable to open JDBC Connection for DDL execution [El intento de conexión falló.] [n/a]
	at org.springframework.beans.factory.support.AbstractAutowireCapableBeanFactory.initializeBean(AbstractAutowireCapableBeanFactory.java:1826) ~[spring-beans-6.2.15.jar:6.2.15]
	at org.springframework.beans.factory.support.AbstractAutowireCapableBeanFactory.doCreateBean(AbstractAutowireCapableBeanFactory.java:607) ~[spring-beans-6.2.15.jar:6.2.15]
	at org.springframework.beans.factory.support.AbstractAutowireCapableBeanFactory.createBean(AbstractAutowireCapableBeanFactory.java:529) ~[spring-beans-6.2.15.jar:6.2.15]
	at org.springframework.beans.factory.support.AbstractBeanFactory.lambda$doGetBean$0(AbstractBeanFactory.java:339) ~[spring-beans-6.2.15.jar:6.2.15]
	at org.springframework.beans.factory.support.DefaultSingletonBeanRegistry.getSingleton(DefaultSingletonBeanRegistry.java:373) ~[spring-beans-6.2.15.jar:6.2.15]
	at org.springframework.beans.factory.support.AbstractBeanFactory.doGetBean(AbstractBeanFactory.java:337) ~[spring-beans-6.2.15.jar:6.2.15]
	at org.springframework.beans.factory.support.AbstractBeanFactory.getBean(AbstractBeanFactory.java:207) ~[spring-beans-6.2.15.jar:6.2.15]
	at org.springframework.context.support.AbstractApplicationContext.finishBeanFactoryInitialization(AbstractApplicationContext.java:973) ~[spring-context-6.2.15.jar:6.2.15]
	at org.springframework.context.support.AbstractApplicationContext.refresh(AbstractApplicationContext.java:627) ~[spring-context-6.2.15.jar:6.2.15]
	at org.springframework.boot.web.servlet.context.ServletWebServerApplicationContext.refresh(ServletWebServerApplicationContext.java:146) ~[spring-boot-3.5.10.jar:3.5.10]
	at org.springframework.boot.SpringApplication.refresh(SpringApplication.java:752) ~[spring-boot-3.5.10.jar:3.5.10]
	at org.springframework.boot.SpringApplication.refreshContext(SpringApplication.java:439) ~[spring-boot-3.5.10.jar:3.5.10]
	at org.springframework.boot.SpringApplication.run(SpringApplication.java:318) ~[spring-boot-3.5.10.jar:3.5.10]
	at org.springframework.boot.SpringApplication.run(SpringApplication.java:1361) ~[spring-boot-3.5.10.jar:3.5.10]
	at org.springframework.boot.SpringApplication.run(SpringApplication.java:1350) ~[spring-boot-3.5.10.jar:3.5.10]
	at com.johnson.practica.JohnsonSistemaApplication.main(JohnsonSistemaApplication.java:16) ~[classes/:na]
	at java.base/jdk.internal.reflect.NativeMethodAccessorImpl.invoke0(Native Method) ~[na:na]
	at java.base/jdk.internal.reflect.NativeMethodAccessorImpl.invoke(NativeMethodAccessorImpl.java:77) ~[na:na]
	at java.base/jdk.internal.reflect.DelegatingMethodAccessorImpl.invoke(DelegatingMethodAccessorImpl.java:43) ~[na:na]
	at java.base/java.lang.reflect.Method.invoke(Method.java:568) ~[na:na]
	at org.springframework.boot.devtools.restart.RestartLauncher.run(RestartLauncher.java:50) ~[spring-boot-devtools-3.5.10.jar:3.5.10]
Caused by: jakarta.persistence.PersistenceException: [PersistenceUnit: default] Unable to build Hibernate SessionFactory; nested exception is org.hibernate.exception.JDBCConnectionException: Unable to open JDBC Connection for DDL execution [El intento de conexión falló.] [n/a]
	at org.springframework.orm.jpa.AbstractEntityManagerFactoryBean.buildNativeEntityManagerFactory(AbstractEntityManagerFactoryBean.java:431) ~[spring-orm-6.2.15.jar:6.2.15]
	at org.springframework.orm.jpa.AbstractEntityManagerFactoryBean.afterPropertiesSet(AbstractEntityManagerFactoryBean.java:400) ~[spring-orm-6.2.15.jar:6.2.15]
	at org.springframework.orm.jpa.LocalContainerEntityManagerFactoryBean.afterPropertiesSet(LocalContainerEntityManagerFactoryBean.java:366) ~[spring-orm-6.2.15.jar:6.2.15]
	at org.springframework.beans.factory.support.AbstractAutowireCapableBeanFactory.invokeInitMethods(AbstractAutowireCapableBeanFactory.java:1873) ~[spring-beans-6.2.15.jar:6.2.15]
	at org.springframework.beans.factory.support.AbstractAutowireCapableBeanFactory.initializeBean(AbstractAutowireCapableBeanFactory.java:1822) ~[spring-beans-6.2.15.jar:6.2.15]
	... 20 common frames omitted
Caused by: org.hibernate.exception.JDBCConnectionException: Unable to open JDBC Connection for DDL execution [El intento de conexión falló.] [n/a]
	at org.hibernate.exception.internal.SQLStateConversionDelegate.convert(SQLStateConversionDelegate.java:100) ~[hibernate-core-6.6.41.Final.jar:6.6.41.Final]
	at org.hibernate.exception.internal.StandardSQLExceptionConverter.convert(StandardSQLExceptionConverter.java:58) ~[hibernate-core-6.6.41.Final.jar:6.6.41.Final]
	at org.hibernate.engine.jdbc.spi.SqlExceptionHelper.convert(SqlExceptionHelper.java:108) ~[hibernate-core-6.6.41.Final.jar:6.6.41.Final]
	at org.hibernate.engine.jdbc.spi.SqlExceptionHelper.convert(SqlExceptionHelper.java:94) ~[hibernate-core-6.6.41.Final.jar:6.6.41.Final]
	at org.hibernate.resource.transaction.backend.jdbc.internal.DdlTransactionIsolatorNonJtaImpl.getIsolatedConnection(DdlTransactionIsolatorNonJtaImpl.java:74) ~[hibernate-core-6.6.41.Final.jar:6.6.41.Final]
	at org.hibernate.resource.transaction.backend.jdbc.internal.DdlTransactionIsolatorNonJtaImpl.getIsolatedConnection(DdlTransactionIsolatorNonJtaImpl.java:39) ~[hibernate-core-6.6.41.Final.jar:6.6.41.Final]
	at org.hibernate.tool.schema.internal.exec.ImprovedExtractionContextImpl.getJdbcConnection(ImprovedExtractionContextImpl.java:63) ~[hibernate-core-6.6.41.Final.jar:6.6.41.Final]
	at org.hibernate.tool.schema.extract.spi.ExtractionContext.getQueryResults(ExtractionContext.java:43) ~[hibernate-core-6.6.41.Final.jar:6.6.41.Final]
	at org.hibernate.tool.schema.extract.internal.SequenceInformationExtractorLegacyImpl.extractMetadata(SequenceInformationExtractorLegacyImpl.java:39) ~[hibernate-core-6.6.41.Final.jar:6.6.41.Final]
	at org.hibernate.tool.schema.extract.internal.DatabaseInformationImpl.initializeSequences(DatabaseInformationImpl.java:66) ~[hibernate-core-6.6.41.Final.jar:6.6.41.Final]
	at org.hibernate.tool.schema.extract.internal.DatabaseInformationImpl.<init>(DatabaseInformationImpl.java:60) ~[hibernate-core-6.6.41.Final.jar:6.6.41.Final]
	at org.hibernate.tool.schema.internal.Helper.buildDatabaseInformation(Helper.java:185) ~[hibernate-core-6.6.41.Final.jar:6.6.41.Final]
	at org.hibernate.tool.schema.internal.AbstractSchemaValidator.doValidation(AbstractSchemaValidator.java:69) ~[hibernate-core-6.6.41.Final.jar:6.6.41.Final]
	at org.hibernate.tool.schema.spi.SchemaManagementToolCoordinator.performDatabaseAction(SchemaManagementToolCoordinator.java:289) ~[hibernate-core-6.6.41.Final.jar:6.6.41.Final]
	at org.hibernate.tool.schema.spi.SchemaManagementToolCoordinator.lambda$process$5(SchemaManagementToolCoordinator.java:144) ~[hibernate-core-6.6.41.Final.jar:6.6.41.Final]
	at java.base/java.util.HashMap.forEach(HashMap.java:1421) ~[na:na]
	at org.hibernate.tool.schema.spi.SchemaManagementToolCoordinator.process(SchemaManagementToolCoordinator.java:141) ~[hibernate-core-6.6.41.Final.jar:6.6.41.Final]
	at org.hibernate.boot.internal.SessionFactoryObserverForSchemaExport.sessionFactoryCreated(SessionFactoryObserverForSchemaExport.java:37) ~[hibernate-core-6.6.41.Final.jar:6.6.41.Final]
	at org.hibernate.internal.SessionFactoryObserverChain.sessionFactoryCreated(SessionFactoryObserverChain.java:35) ~[hibernate-core-6.6.41.Final.jar:6.6.41.Final]
	at org.hibernate.internal.SessionFactoryImpl.<init>(SessionFactoryImpl.java:324) ~[hibernate-core-6.6.41.Final.jar:6.6.41.Final]
	at org.hibernate.boot.internal.SessionFactoryBuilderImpl.build(SessionFactoryBuilderImpl.java:463) ~[hibernate-core-6.6.41.Final.jar:6.6.41.Final]
	at org.hibernate.jpa.boot.internal.EntityManagerFactoryBuilderImpl.build(EntityManagerFactoryBuilderImpl.java:1517) ~[hibernate-core-6.6.41.Final.jar:6.6.41.Final]
	at org.springframework.orm.jpa.vendor.SpringHibernateJpaPersistenceProvider.createContainerEntityManagerFactory(SpringHibernateJpaPersistenceProvider.java:66) ~[spring-orm-6.2.15.jar:6.2.15]
	at org.springframework.orm.jpa.LocalContainerEntityManagerFactoryBean.createNativeEntityManagerFactory(LocalContainerEntityManagerFactoryBean.java:390) ~[spring-orm-6.2.15.jar:6.2.15]
	at org.springframework.orm.jpa.AbstractEntityManagerFactoryBean.buildNativeEntityManagerFactory(AbstractEntityManagerFactoryBean.java:419) ~[spring-orm-6.2.15.jar:6.2.15]
	... 24 common frames omitted
Caused by: org.postgresql.util.PSQLException: El intento de conexión falló.
	at org.postgresql.core.v3.ConnectionFactoryImpl.openConnectionImpl(ConnectionFactoryImpl.java:385) ~[postgresql-42.7.9.jar:42.7.9]
	at org.postgresql.core.ConnectionFactory.openConnection(ConnectionFactory.java:57) ~[postgresql-42.7.9.jar:42.7.9]
	at org.postgresql.jdbc.PgConnection.<init>(PgConnection.java:290) ~[postgresql-42.7.9.jar:42.7.9]
	at org.postgresql.Driver.makeConnection(Driver.java:448) ~[postgresql-42.7.9.jar:42.7.9]
	at org.postgresql.Driver.connect(Driver.java:298) ~[postgresql-42.7.9.jar:42.7.9]
	at com.zaxxer.hikari.util.DriverDataSource.getConnection(DriverDataSource.java:144) ~[HikariCP-6.3.3.jar:na]
	at com.zaxxer.hikari.pool.PoolBase.newConnection(PoolBase.java:370) ~[HikariCP-6.3.3.jar:na]
	at com.zaxxer.hikari.pool.PoolBase.newPoolEntry(PoolBase.java:207) ~[HikariCP-6.3.3.jar:na]
	at com.zaxxer.hikari.pool.HikariPool.createPoolEntry(HikariPool.java:488) ~[HikariCP-6.3.3.jar:na]
	at com.zaxxer.hikari.pool.HikariPool.checkFailFast(HikariPool.java:576) ~[HikariCP-6.3.3.jar:na]
	at com.zaxxer.hikari.pool.HikariPool.<init>(HikariPool.java:97) ~[HikariCP-6.3.3.jar:na]
	at com.zaxxer.hikari.HikariDataSource.getConnection(HikariDataSource.java:111) ~[HikariCP-6.3.3.jar:na]
	at org.hibernate.engine.jdbc.connections.internal.DatasourceConnectionProviderImpl.getConnection(DatasourceConnectionProviderImpl.java:126) ~[hibernate-core-6.6.41.Final.jar:6.6.41.Final]
	at org.hibernate.engine.jdbc.env.internal.JdbcEnvironmentInitiator$ConnectionProviderJdbcConnectionAccess.obtainConnection(JdbcEnvironmentInitiator.java:485) ~[hibernate-core-6.6.41.Final.jar:6.6.41.Final]
	at org.hibernate.resource.transaction.backend.jdbc.internal.DdlTransactionIsolatorNonJtaImpl.getIsolatedConnection(DdlTransactionIsolatorNonJtaImpl.java:46) ~[hibernate-core-6.6.41.Final.jar:6.6.41.Final]
	... 44 common frames omitted
Caused by: java.net.UnknownHostException: db
	at java.base/sun.nio.ch.NioSocketImpl.connect(NioSocketImpl.java:572) ~[na:na]
	at java.base/java.net.SocksSocketImpl.connect(SocksSocketImpl.java:327) ~[na:na]
	at java.base/java.net.Socket.connect(Socket.java:633) ~[na:na]
	at org.postgresql.core.PGStream.createSocket(PGStream.java:261) ~[postgresql-42.7.9.jar:42.7.9]
	at org.postgresql.core.PGStream.<init>(PGStream.java:122) ~[postgresql-42.7.9.jar:42.7.9]
	at org.postgresql.core.v3.ConnectionFactoryImpl.tryConnect(ConnectionFactoryImpl.java:146) ~[postgresql-42.7.9.jar:42.7.9]
	at org.postgresql.core.v3.ConnectionFactoryImpl.openConnectionImpl(ConnectionFactoryImpl.java:289) ~[postgresql-42.7.9.jar:42.7.9]
	... 58 common frames omitted

2026-03-17T09:38:01.397-06:00  INFO 19556 --- [johnson-sistema] [restartedMain] c.j.practica.JohnsonSistemaApplication   : Starting JohnsonSistemaApplication using Java 17.0.12 with PID 19556 (C:\Users\User\OneDrive\Escritorio\Escuela\PRACTICAS\Sistema_Johnson\johnson-sistema\target\classes started by Franco in C:\Users\User\OneDrive\Escritorio\Escuela\PRACTICAS\Sistema_Johnson\johnson-sistema)
2026-03-17T09:38:01.410-06:00  INFO 19556 --- [johnson-sistema] [restartedMain] c.j.practica.JohnsonSistemaApplication   : No active profile set, falling back to 1 default profile: "default"
2026-03-17T09:38:01.600-06:00  INFO 19556 --- [johnson-sistema] [restartedMain] .e.DevToolsPropertyDefaultsPostProcessor : Devtools property defaults active! Set 'spring.devtools.add-properties' to 'false' to disable
2026-03-17T09:38:01.601-06:00  INFO 19556 --- [johnson-sistema] [restartedMain] .e.DevToolsPropertyDefaultsPostProcessor : For additional web related logging consider setting the 'logging.level.web' property to 'DEBUG'
2026-03-17T09:38:04.693-06:00  INFO 19556 --- [johnson-sistema] [restartedMain] .s.d.r.c.RepositoryConfigurationDelegate : Bootstrapping Spring Data JPA repositories in DEFAULT mode.
2026-03-17T09:38:04.998-06:00  INFO 19556 --- [johnson-sistema] [restartedMain] .s.d.r.c.RepositoryConfigurationDelegate : Finished Spring Data repository scanning in 272 ms. Found 10 JPA repository interfaces.
2026-03-17T09:38:07.797-06:00  INFO 19556 --- [johnson-sistema] [restartedMain] o.s.b.w.embedded.tomcat.TomcatWebServer  : Tomcat initialized with port 8081 (http)
2026-03-17T09:38:07.835-06:00  INFO 19556 --- [johnson-sistema] [restartedMain] o.apache.catalina.core.StandardService   : Starting service [Tomcat]
2026-03-17T09:38:07.841-06:00  INFO 19556 --- [johnson-sistema] [restartedMain] o.apache.catalina.core.StandardEngine    : Starting Servlet engine: [Apache Tomcat/10.1.50]
2026-03-17T09:38:07.987-06:00  INFO 19556 --- [johnson-sistema] [restartedMain] o.a.c.c.C.[Tomcat].[localhost].[/]       : Initializing Spring embedded WebApplicationContext
2026-03-17T09:38:07.991-06:00  INFO 19556 --- [johnson-sistema] [restartedMain] w.s.c.ServletWebServerApplicationContext : Root WebApplicationContext: initialization completed in 6386 ms
2026-03-17T09:38:09.612-06:00  INFO 19556 --- [johnson-sistema] [restartedMain] o.hibernate.jpa.internal.util.LogHelper  : HHH000204: Processing PersistenceUnitInfo [name: default]
2026-03-17T09:38:09.735-06:00  INFO 19556 --- [johnson-sistema] [restartedMain] org.hibernate.Version                    : HHH000412: Hibernate ORM core version 6.6.41.Final
2026-03-17T09:38:09.813-06:00  INFO 19556 --- [johnson-sistema] [restartedMain] o.h.c.internal.RegionFactoryInitiator    : HHH000026: Second-level cache disabled
2026-03-17T09:38:10.616-06:00  INFO 19556 --- [johnson-sistema] [restartedMain] o.s.o.j.p.SpringPersistenceUnitInfo      : No LoadTimeWeaver setup: ignoring JPA class transformer
2026-03-17T09:38:10.664-06:00  INFO 19556 --- [johnson-sistema] [restartedMain] com.zaxxer.hikari.HikariDataSource       : HikariPool-1 - Starting...
2026-03-17T09:38:11.329-06:00  INFO 19556 --- [johnson-sistema] [restartedMain] com.zaxxer.hikari.pool.HikariPool        : HikariPool-1 - Added connection org.postgresql.jdbc.PgConnection@7b20d754
2026-03-17T09:38:11.334-06:00  INFO 19556 --- [johnson-sistema] [restartedMain] com.zaxxer.hikari.HikariDataSource       : HikariPool-1 - Start completed.
2026-03-17T09:38:11.482-06:00  WARN 19556 --- [johnson-sistema] [restartedMain] org.hibernate.orm.deprecation            : HHH90000025: PostgreSQLDialect does not need to be specified explicitly using 'hibernate.dialect' (remove the property setting and it will be selected by default)
2026-03-17T09:38:11.573-06:00  INFO 19556 --- [johnson-sistema] [restartedMain] org.hibernate.orm.connections.pooling    : HHH10001005: Database info:
	Database JDBC URL [Connecting through datasource 'HikariDataSource (HikariPool-1)']
	Database driver: undefined/unknown
	Database version: 15.17
	Autocommit mode: undefined/unknown
	Isolation level: undefined/unknown
	Minimum pool size: undefined/unknown
	Maximum pool size: undefined/unknown
2026-03-17T09:38:14.406-06:00  INFO 19556 --- [johnson-sistema] [restartedMain] o.h.e.t.j.p.i.JtaPlatformInitiator       : HHH000489: No JTA platform available (set 'hibernate.transaction.jta.platform' to enable JTA platform integration)
2026-03-17T09:38:14.703-06:00 ERROR 19556 --- [johnson-sistema] [restartedMain] j.LocalContainerEntityManagerFactoryBean : Failed to initialize JPA EntityManagerFactory: [PersistenceUnit: default] Unable to build Hibernate SessionFactory; nested exception is org.hibernate.tool.schema.spi.SchemaManagementException: Schema-validation: missing table [adjuntos]
2026-03-17T09:38:14.706-06:00  WARN 19556 --- [johnson-sistema] [restartedMain] ConfigServletWebServerApplicationContext : Exception encountered during context initialization - cancelling refresh attempt: org.springframework.beans.factory.BeanCreationException: Error creating bean with name 'entityManagerFactory' defined in class path resource [org/springframework/boot/autoconfigure/orm/jpa/HibernateJpaConfiguration.class]: [PersistenceUnit: default] Unable to build Hibernate SessionFactory; nested exception is org.hibernate.tool.schema.spi.SchemaManagementException: Schema-validation: missing table [adjuntos]
2026-03-17T09:38:14.711-06:00  INFO 19556 --- [johnson-sistema] [restartedMain] com.zaxxer.hikari.HikariDataSource       : HikariPool-1 - Shutdown initiated...
2026-03-17T09:38:14.718-06:00  INFO 19556 --- [johnson-sistema] [restartedMain] com.zaxxer.hikari.HikariDataSource       : HikariPool-1 - Shutdown completed.
2026-03-17T09:38:14.724-06:00  INFO 19556 --- [johnson-sistema] [restartedMain] o.apache.catalina.core.StandardService   : Stopping service [Tomcat]
2026-03-17T09:38:14.776-06:00  INFO 19556 --- [johnson-sistema] [restartedMain] .s.b.a.l.ConditionEvaluationReportLogger : 

Error starting ApplicationContext. To display the condition evaluation report re-run your application with 'debug' enabled.
2026-03-17T09:38:14.825-06:00 ERROR 19556 --- [johnson-sistema] [restartedMain] o.s.boot.SpringApplication               : Application run failed

org.springframework.beans.factory.BeanCreationException: Error creating bean with name 'entityManagerFactory' defined in class path resource [org/springframework/boot/autoconfigure/orm/jpa/HibernateJpaConfiguration.class]: [PersistenceUnit: default] Unable to build Hibernate SessionFactory; nested exception is org.hibernate.tool.schema.spi.SchemaManagementException: Schema-validation: missing table [adjuntos]
	at org.springframework.beans.factory.support.AbstractAutowireCapableBeanFactory.initializeBean(AbstractAutowireCapableBeanFactory.java:1826) ~[spring-beans-6.2.15.jar:6.2.15]
	at org.springframework.beans.factory.support.AbstractAutowireCapableBeanFactory.doCreateBean(AbstractAutowireCapableBeanFactory.java:607) ~[spring-beans-6.2.15.jar:6.2.15]
	at org.springframework.beans.factory.support.AbstractAutowireCapableBeanFactory.createBean(AbstractAutowireCapableBeanFactory.java:529) ~[spring-beans-6.2.15.jar:6.2.15]
	at org.springframework.beans.factory.support.AbstractBeanFactory.lambda$doGetBean$0(AbstractBeanFactory.java:339) ~[spring-beans-6.2.15.jar:6.2.15]
	at org.springframework.beans.factory.support.DefaultSingletonBeanRegistry.getSingleton(DefaultSingletonBeanRegistry.java:373) ~[spring-beans-6.2.15.jar:6.2.15]
	at org.springframework.beans.factory.support.AbstractBeanFactory.doGetBean(AbstractBeanFactory.java:337) ~[spring-beans-6.2.15.jar:6.2.15]
	at org.springframework.beans.factory.support.AbstractBeanFactory.getBean(AbstractBeanFactory.java:207) ~[spring-beans-6.2.15.jar:6.2.15]
	at org.springframework.context.support.AbstractApplicationContext.finishBeanFactoryInitialization(AbstractApplicationContext.java:973) ~[spring-context-6.2.15.jar:6.2.15]
	at org.springframework.context.support.AbstractApplicationContext.refresh(AbstractApplicationContext.java:627) ~[spring-context-6.2.15.jar:6.2.15]
	at org.springframework.boot.web.servlet.context.ServletWebServerApplicationContext.refresh(ServletWebServerApplicationContext.java:146) ~[spring-boot-3.5.10.jar:3.5.10]
	at org.springframework.boot.SpringApplication.refresh(SpringApplication.java:752) ~[spring-boot-3.5.10.jar:3.5.10]
	at org.springframework.boot.SpringApplication.refreshContext(SpringApplication.java:439) ~[spring-boot-3.5.10.jar:3.5.10]
	at org.springframework.boot.SpringApplication.run(SpringApplication.java:318) ~[spring-boot-3.5.10.jar:3.5.10]
	at org.springframework.boot.SpringApplication.run(SpringApplication.java:1361) ~[spring-boot-3.5.10.jar:3.5.10]
	at org.springframework.boot.SpringApplication.run(SpringApplication.java:1350) ~[spring-boot-3.5.10.jar:3.5.10]
	at com.johnson.practica.JohnsonSistemaApplication.main(JohnsonSistemaApplication.java:16) ~[classes/:na]
	at java.base/jdk.internal.reflect.NativeMethodAccessorImpl.invoke0(Native Method) ~[na:na]
	at java.base/jdk.internal.reflect.NativeMethodAccessorImpl.invoke(NativeMethodAccessorImpl.java:77) ~[na:na]
	at java.base/jdk.internal.reflect.DelegatingMethodAccessorImpl.invoke(DelegatingMethodAccessorImpl.java:43) ~[na:na]
	at java.base/java.lang.reflect.Method.invoke(Method.java:568) ~[na:na]
	at org.springframework.boot.devtools.restart.RestartLauncher.run(RestartLauncher.java:50) ~[spring-boot-devtools-3.5.10.jar:3.5.10]
Caused by: jakarta.persistence.PersistenceException: [PersistenceUnit: default] Unable to build Hibernate SessionFactory; nested exception is org.hibernate.tool.schema.spi.SchemaManagementException: Schema-validation: missing table [adjuntos]
	at org.springframework.orm.jpa.AbstractEntityManagerFactoryBean.buildNativeEntityManagerFactory(AbstractEntityManagerFactoryBean.java:431) ~[spring-orm-6.2.15.jar:6.2.15]
	at org.springframework.orm.jpa.AbstractEntityManagerFactoryBean.afterPropertiesSet(AbstractEntityManagerFactoryBean.java:400) ~[spring-orm-6.2.15.jar:6.2.15]
	at org.springframework.orm.jpa.LocalContainerEntityManagerFactoryBean.afterPropertiesSet(LocalContainerEntityManagerFactoryBean.java:366) ~[spring-orm-6.2.15.jar:6.2.15]
	at org.springframework.beans.factory.support.AbstractAutowireCapableBeanFactory.invokeInitMethods(AbstractAutowireCapableBeanFactory.java:1873) ~[spring-beans-6.2.15.jar:6.2.15]
	at org.springframework.beans.factory.support.AbstractAutowireCapableBeanFactory.initializeBean(AbstractAutowireCapableBeanFactory.java:1822) ~[spring-beans-6.2.15.jar:6.2.15]
	... 20 common frames omitted
Caused by: org.hibernate.tool.schema.spi.SchemaManagementException: Schema-validation: missing table [adjuntos]
	at org.hibernate.tool.schema.internal.AbstractSchemaValidator.validateTable(AbstractSchemaValidator.java:136) ~[hibernate-core-6.6.41.Final.jar:6.6.41.Final]
	at org.hibernate.tool.schema.internal.GroupedSchemaValidatorImpl.validateTables(GroupedSchemaValidatorImpl.java:46) ~[hibernate-core-6.6.41.Final.jar:6.6.41.Final]
	at org.hibernate.tool.schema.internal.AbstractSchemaValidator.performValidation(AbstractSchemaValidator.java:99) ~[hibernate-core-6.6.41.Final.jar:6.6.41.Final]
	at org.hibernate.tool.schema.internal.AbstractSchemaValidator.doValidation(AbstractSchemaValidator.java:77) ~[hibernate-core-6.6.41.Final.jar:6.6.41.Final]
	at org.hibernate.tool.schema.spi.SchemaManagementToolCoordinator.performDatabaseAction(SchemaManagementToolCoordinator.java:289) ~[hibernate-core-6.6.41.Final.jar:6.6.41.Final]
	at org.hibernate.tool.schema.spi.SchemaManagementToolCoordinator.lambda$process$5(SchemaManagementToolCoordinator.java:144) ~[hibernate-core-6.6.41.Final.jar:6.6.41.Final]
	at java.base/java.util.HashMap.forEach(HashMap.java:1421) ~[na:na]
	at org.hibernate.tool.schema.spi.SchemaManagementToolCoordinator.process(SchemaManagementToolCoordinator.java:141) ~[hibernate-core-6.6.41.Final.jar:6.6.41.Final]
	at org.hibernate.boot.internal.SessionFactoryObserverForSchemaExport.sessionFactoryCreated(SessionFactoryObserverForSchemaExport.java:37) ~[hibernate-core-6.6.41.Final.jar:6.6.41.Final]
	at org.hibernate.internal.SessionFactoryObserverChain.sessionFactoryCreated(SessionFactoryObserverChain.java:35) ~[hibernate-core-6.6.41.Final.jar:6.6.41.Final]
	at org.hibernate.internal.SessionFactoryImpl.<init>(SessionFactoryImpl.java:324) ~[hibernate-core-6.6.41.Final.jar:6.6.41.Final]
	at org.hibernate.boot.internal.SessionFactoryBuilderImpl.build(SessionFactoryBuilderImpl.java:463) ~[hibernate-core-6.6.41.Final.jar:6.6.41.Final]
	at org.hibernate.jpa.boot.internal.EntityManagerFactoryBuilderImpl.build(EntityManagerFactoryBuilderImpl.java:1517) ~[hibernate-core-6.6.41.Final.jar:6.6.41.Final]
	at org.springframework.orm.jpa.vendor.SpringHibernateJpaPersistenceProvider.createContainerEntityManagerFactory(SpringHibernateJpaPersistenceProvider.java:66) ~[spring-orm-6.2.15.jar:6.2.15]
	at org.springframework.orm.jpa.LocalContainerEntityManagerFactoryBean.createNativeEntityManagerFactory(LocalContainerEntityManagerFactoryBean.java:390) ~[spring-orm-6.2.15.jar:6.2.15]
	at org.springframework.orm.jpa.AbstractEntityManagerFactoryBean.buildNativeEntityManagerFactory(AbstractEntityManagerFactoryBean.java:419) ~[spring-orm-6.2.15.jar:6.2.15]
	... 24 common frames omitted

2026-03-17T09:41:42.308-06:00  INFO 1272 --- [johnson-sistema] [restartedMain] c.j.practica.JohnsonSistemaApplication   : Starting JohnsonSistemaApplication using Java 17.0.12 with PID 1272 (C:\Users\User\OneDrive\Escritorio\Escuela\PRACTICAS\Sistema_Johnson\johnson-sistema\target\classes started by Franco in C:\Users\User\OneDrive\Escritorio\Escuela\PRACTICAS\Sistema_Johnson\johnson-sistema)
2026-03-17T09:41:42.327-06:00  INFO 1272 --- [johnson-sistema] [restartedMain] c.j.practica.JohnsonSistemaApplication   : No active profile set, falling back to 1 default profile: "default"
2026-03-17T09:41:42.475-06:00  INFO 1272 --- [johnson-sistema] [restartedMain] .e.DevToolsPropertyDefaultsPostProcessor : Devtools property defaults active! Set 'spring.devtools.add-properties' to 'false' to disable
2026-03-17T09:41:42.477-06:00  INFO 1272 --- [johnson-sistema] [restartedMain] .e.DevToolsPropertyDefaultsPostProcessor : For additional web related logging consider setting the 'logging.level.web' property to 'DEBUG'
2026-03-17T09:41:45.285-06:00  INFO 1272 --- [johnson-sistema] [restartedMain] .s.d.r.c.RepositoryConfigurationDelegate : Bootstrapping Spring Data JPA repositories in DEFAULT mode.
2026-03-17T09:41:45.510-06:00  INFO 1272 --- [johnson-sistema] [restartedMain] .s.d.r.c.RepositoryConfigurationDelegate : Finished Spring Data repository scanning in 198 ms. Found 10 JPA repository interfaces.
2026-03-17T09:41:47.243-06:00  INFO 1272 --- [johnson-sistema] [restartedMain] o.s.b.w.embedded.tomcat.TomcatWebServer  : Tomcat initialized with port 8081 (http)
2026-03-17T09:41:47.361-06:00  INFO 1272 --- [johnson-sistema] [restartedMain] o.apache.catalina.core.StandardService   : Starting service [Tomcat]
2026-03-17T09:41:47.370-06:00  INFO 1272 --- [johnson-sistema] [restartedMain] o.apache.catalina.core.StandardEngine    : Starting Servlet engine: [Apache Tomcat/10.1.50]
2026-03-17T09:41:47.536-06:00  INFO 1272 --- [johnson-sistema] [restartedMain] o.a.c.c.C.[Tomcat].[localhost].[/]       : Initializing Spring embedded WebApplicationContext
2026-03-17T09:41:47.541-06:00  INFO 1272 --- [johnson-sistema] [restartedMain] w.s.c.ServletWebServerApplicationContext : Root WebApplicationContext: initialization completed in 5060 ms
2026-03-17T09:41:47.985-06:00  INFO 1272 --- [johnson-sistema] [restartedMain] o.hibernate.jpa.internal.util.LogHelper  : HHH000204: Processing PersistenceUnitInfo [name: default]
2026-03-17T09:41:48.154-06:00  INFO 1272 --- [johnson-sistema] [restartedMain] org.hibernate.Version                    : HHH000412: Hibernate ORM core version 6.6.41.Final
2026-03-17T09:41:48.273-06:00  INFO 1272 --- [johnson-sistema] [restartedMain] o.h.c.internal.RegionFactoryInitiator    : HHH000026: Second-level cache disabled
2026-03-17T09:41:48.988-06:00  INFO 1272 --- [johnson-sistema] [restartedMain] o.s.o.j.p.SpringPersistenceUnitInfo      : No LoadTimeWeaver setup: ignoring JPA class transformer
2026-03-17T09:41:49.034-06:00  INFO 1272 --- [johnson-sistema] [restartedMain] com.zaxxer.hikari.HikariDataSource       : HikariPool-1 - Starting...
2026-03-17T09:41:49.509-06:00  INFO 1272 --- [johnson-sistema] [restartedMain] com.zaxxer.hikari.pool.HikariPool        : HikariPool-1 - Added connection org.postgresql.jdbc.PgConnection@20581875
2026-03-17T09:41:49.513-06:00  INFO 1272 --- [johnson-sistema] [restartedMain] com.zaxxer.hikari.HikariDataSource       : HikariPool-1 - Start completed.
2026-03-17T09:41:49.645-06:00  WARN 1272 --- [johnson-sistema] [restartedMain] org.hibernate.orm.deprecation            : HHH90000025: PostgreSQLDialect does not need to be specified explicitly using 'hibernate.dialect' (remove the property setting and it will be selected by default)
2026-03-17T09:41:49.709-06:00  INFO 1272 --- [johnson-sistema] [restartedMain] org.hibernate.orm.connections.pooling    : HHH10001005: Database info:
	Database JDBC URL [Connecting through datasource 'HikariDataSource (HikariPool-1)']
	Database driver: undefined/unknown
	Database version: 15.17
	Autocommit mode: undefined/unknown
	Isolation level: undefined/unknown
	Minimum pool size: undefined/unknown
	Maximum pool size: undefined/unknown
2026-03-17T09:41:52.162-06:00  INFO 1272 --- [johnson-sistema] [restartedMain] o.h.e.t.j.p.i.JtaPlatformInitiator       : HHH000489: No JTA platform available (set 'hibernate.transaction.jta.platform' to enable JTA platform integration)
2026-03-17T09:41:53.024-06:00  WARN 1272 --- [johnson-sistema] [restartedMain] o.h.engine.jdbc.spi.SqlExceptionHelper   : SQL Warning Code: 0, SQLState: 00000
2026-03-17T09:41:53.025-06:00  WARN 1272 --- [johnson-sistema] [restartedMain] o.h.engine.jdbc.spi.SqlExceptionHelper   : constraint "ukldv0v52e0udsh2h1rs0r0gw1n" of relation "roles" does not exist, skipping
2026-03-17T09:41:53.053-06:00  WARN 1272 --- [johnson-sistema] [restartedMain] o.h.engine.jdbc.spi.SqlExceptionHelper   : SQL Warning Code: 0, SQLState: 00000
2026-03-17T09:41:53.054-06:00  WARN 1272 --- [johnson-sistema] [restartedMain] o.h.engine.jdbc.spi.SqlExceptionHelper   : constraint "ukcdmw5hxlfj78uf4997i3qyyw5" of relation "usuarios" does not exist, skipping
2026-03-17T09:41:53.080-06:00  WARN 1272 --- [johnson-sistema] [restartedMain] o.h.engine.jdbc.spi.SqlExceptionHelper   : SQL Warning Code: 0, SQLState: 00000
2026-03-17T09:41:53.082-06:00  WARN 1272 --- [johnson-sistema] [restartedMain] o.h.engine.jdbc.spi.SqlExceptionHelper   : constraint "ukm2dvbwfge291euvmk6vkkocao" of relation "usuarios" does not exist, skipping
2026-03-17T09:41:53.282-06:00  INFO 1272 --- [johnson-sistema] [restartedMain] j.LocalContainerEntityManagerFactoryBean : Initialized JPA EntityManagerFactory for persistence unit 'default'
2026-03-17T09:41:54.427-06:00  INFO 1272 --- [johnson-sistema] [restartedMain] o.s.d.j.r.query.QueryEnhancerFactory     : Hibernate is in classpath; If applicable, HQL parser will be used.
2026-03-17T09:41:58.196-06:00  WARN 1272 --- [johnson-sistema] [restartedMain] JpaBaseConfiguration$JpaWebConfiguration : spring.jpa.open-in-view is enabled by default. Therefore, database queries may be performed during view rendering. Explicitly configure spring.jpa.open-in-view to disable this warning
2026-03-17T09:41:58.427-06:00  INFO 1272 --- [johnson-sistema] [restartedMain] o.s.b.a.w.s.WelcomePageHandlerMapping    : Adding welcome page template: index
2026-03-17T09:41:58.900-06:00  INFO 1272 --- [johnson-sistema] [restartedMain] r$InitializeUserDetailsManagerConfigurer : Global AuthenticationManager configured with UserDetailsService bean with name detallesUsuarioServicio
2026-03-17T09:41:59.978-06:00  INFO 1272 --- [johnson-sistema] [restartedMain] o.s.b.d.a.OptionalLiveReloadServer       : LiveReload server is running on port 35729
2026-03-17T09:42:00.010-06:00  INFO 1272 --- [johnson-sistema] [restartedMain] o.s.m.s.b.SimpleBrokerMessageHandler     : Starting...
2026-03-17T09:42:00.016-06:00  INFO 1272 --- [johnson-sistema] [restartedMain] o.s.m.s.b.SimpleBrokerMessageHandler     : BrokerAvailabilityEvent[available=true, SimpleBrokerMessageHandler [org.springframework.messaging.simp.broker.DefaultSubscriptionRegistry@57aa6a1f]]
2026-03-17T09:42:00.019-06:00  INFO 1272 --- [johnson-sistema] [restartedMain] o.s.m.s.b.SimpleBrokerMessageHandler     : Started.
2026-03-17T09:42:00.077-06:00  INFO 1272 --- [johnson-sistema] [restartedMain] o.s.b.w.embedded.tomcat.TomcatWebServer  : Tomcat started on port 8081 (http) with context path '/'
2026-03-17T09:42:00.118-06:00  INFO 1272 --- [johnson-sistema] [restartedMain] c.j.practica.JohnsonSistemaApplication   : Started JohnsonSistemaApplication in 19.52 seconds (process running for 20.885)
2026-03-17T09:42:00.927-06:00  INFO 1272 --- [johnson-sistema] [restartedMain] c.johnson.practica.config.CargadorDatos  : Cargando datos iniciales...
2026-03-17T09:42:01.086-06:00  INFO 1272 --- [johnson-sistema] [restartedMain] c.johnson.practica.config.CargadorDatos  : Creando usuario 'admin'...
2026-03-17T09:42:01.281-06:00  INFO 1272 --- [johnson-sistema] [restartedMain] c.johnson.practica.config.CargadorDatos  : Usuario 'admin' creado y guardado.
2026-03-17T09:42:01.325-06:00  INFO 1272 --- [johnson-sistema] [restartedMain] c.johnson.practica.config.CargadorDatos  : Creando usuario 'visitante'...
2026-03-17T09:42:01.481-06:00  INFO 1272 --- [johnson-sistema] [restartedMain] c.johnson.practica.config.CargadorDatos  : Usuario 'visitante' creado y guardado.
2026-03-17T09:42:30.597-06:00  INFO 1272 --- [johnson-sistema] [http-nio-8081-exec-2] o.a.c.c.C.[Tomcat].[localhost].[/]       : Initializing Spring DispatcherServlet 'dispatcherServlet'
2026-03-17T09:42:30.599-06:00  INFO 1272 --- [johnson-sistema] [http-nio-8081-exec-2] o.s.web.servlet.DispatcherServlet        : Initializing Servlet 'dispatcherServlet'
2026-03-17T09:42:30.606-06:00  INFO 1272 --- [johnson-sistema] [http-nio-8081-exec-2] o.s.web.servlet.DispatcherServlet        : Completed initialization in 3 ms
2026-03-17T09:43:00.098-06:00  INFO 1272 --- [johnson-sistema] [MessageBroker-1] o.s.w.s.c.WebSocketMessageBrokerStats    : WebSocketSession[0 current WS(0)-HttpStream(0)-HttpPoll(0), 0 total, 0 closed abnormally (0 connect failure, 0 send limit, 0 transport error)], stompSubProtocol[processed CONNECT(0)-CONNECTED(0)-DISCONNECT(0)], stompBrokerRelay[null], inboundChannel[pool size = 0, active threads = 0, queued tasks = 0, completed tasks = 0], outboundChannel[pool size = 0, active threads = 0, queued tasks = 0, completed tasks = 0], sockJsScheduler[pool size = 3, active threads = 1, queued tasks = 2, completed tasks = 0]
2026-03-17T09:44:06.912-06:00  INFO 1272 --- [johnson-sistema] [http-nio-8081-exec-1] c.j.p.servicio.DetallesUsuarioServicio   : Intentando cargar usuario por nombre de usuario: admin
2026-03-17T09:44:07.000-06:00  INFO 1272 --- [johnson-sistema] [http-nio-8081-exec-1] c.j.p.servicio.DetallesUsuarioServicio   : Usuario encontrado: admin
2026-03-17T09:47:40.214-06:00  INFO 1272 --- [johnson-sistema] [File Watcher] rtingClassPathChangeChangedEventListener : Restarting due to 1 class path change (0 additions, 0 deletions, 1 modification)
2026-03-17T09:47:40.238-06:00  INFO 1272 --- [johnson-sistema] [Thread-5] o.s.b.w.e.tomcat.GracefulShutdown        : Commencing graceful shutdown. Waiting for active requests to complete
2026-03-17T09:47:42.225-06:00  INFO 1272 --- [johnson-sistema] [tomcat-shutdown] o.s.b.w.e.tomcat.GracefulShutdown        : Graceful shutdown complete
2026-03-17T09:47:42.242-06:00  INFO 1272 --- [johnson-sistema] [Thread-5] o.s.m.s.b.SimpleBrokerMessageHandler     : Stopping...
2026-03-17T09:47:42.243-06:00  INFO 1272 --- [johnson-sistema] [Thread-5] o.s.m.s.b.SimpleBrokerMessageHandler     : BrokerAvailabilityEvent[available=false, SimpleBrokerMessageHandler [org.springframework.messaging.simp.broker.DefaultSubscriptionRegistry@57aa6a1f]]
2026-03-17T09:47:42.245-06:00  INFO 1272 --- [johnson-sistema] [Thread-5] o.s.m.s.b.SimpleBrokerMessageHandler     : Stopped.
2026-03-17T09:47:42.264-06:00  INFO 1272 --- [johnson-sistema] [Thread-5] j.LocalContainerEntityManagerFactoryBean : Closing JPA EntityManagerFactory for persistence unit 'default'
2026-03-17T09:47:42.274-06:00  INFO 1272 --- [johnson-sistema] [Thread-5] com.zaxxer.hikari.HikariDataSource       : HikariPool-1 - Shutdown initiated...
2026-03-17T09:47:42.284-06:00  INFO 1272 --- [johnson-sistema] [Thread-5] com.zaxxer.hikari.HikariDataSource       : HikariPool-1 - Shutdown completed.
2026-03-17T09:47:42.609-06:00  INFO 1272 --- [johnson-sistema] [restartedMain] c.j.practica.JohnsonSistemaApplication   : Starting JohnsonSistemaApplication using Java 17.0.12 with PID 1272 (C:\Users\User\OneDrive\Escritorio\Escuela\PRACTICAS\Sistema_Johnson\johnson-sistema\target\classes started by Franco in C:\Users\User\OneDrive\Escritorio\Escuela\PRACTICAS\Sistema_Johnson\johnson-sistema)
2026-03-17T09:47:42.610-06:00  INFO 1272 --- [johnson-sistema] [restartedMain] c.j.practica.JohnsonSistemaApplication   : No active profile set, falling back to 1 default profile: "default"
2026-03-17T09:47:43.484-06:00  INFO 1272 --- [johnson-sistema] [restartedMain] .s.d.r.c.RepositoryConfigurationDelegate : Bootstrapping Spring Data JPA repositories in DEFAULT mode.
2026-03-17T09:47:43.577-06:00  INFO 1272 --- [johnson-sistema] [restartedMain] .s.d.r.c.RepositoryConfigurationDelegate : Finished Spring Data repository scanning in 85 ms. Found 10 JPA repository interfaces.
2026-03-17T09:47:44.376-06:00  INFO 1272 --- [johnson-sistema] [restartedMain] o.s.b.w.embedded.tomcat.TomcatWebServer  : Tomcat initialized with port 8081 (http)
2026-03-17T09:47:44.386-06:00  INFO 1272 --- [johnson-sistema] [restartedMain] o.apache.catalina.core.StandardService   : Starting service [Tomcat]
2026-03-17T09:47:44.389-06:00  INFO 1272 --- [johnson-sistema] [restartedMain] o.apache.catalina.core.StandardEngine    : Starting Servlet engine: [Apache Tomcat/10.1.50]
2026-03-17T09:47:44.470-06:00  INFO 1272 --- [johnson-sistema] [restartedMain] o.a.c.c.C.[Tomcat].[localhost].[/]       : Initializing Spring embedded WebApplicationContext
2026-03-17T09:47:44.472-06:00  INFO 1272 --- [johnson-sistema] [restartedMain] w.s.c.ServletWebServerApplicationContext : Root WebApplicationContext: initialization completed in 1852 ms
2026-03-17T09:47:44.724-06:00  INFO 1272 --- [johnson-sistema] [restartedMain] o.hibernate.jpa.internal.util.LogHelper  : HHH000204: Processing PersistenceUnitInfo [name: default]
2026-03-17T09:47:44.742-06:00  INFO 1272 --- [johnson-sistema] [restartedMain] o.h.c.internal.RegionFactoryInitiator    : HHH000026: Second-level cache disabled
2026-03-17T09:47:44.790-06:00  INFO 1272 --- [johnson-sistema] [restartedMain] o.s.o.j.p.SpringPersistenceUnitInfo      : No LoadTimeWeaver setup: ignoring JPA class transformer
2026-03-17T09:47:44.795-06:00  INFO 1272 --- [johnson-sistema] [restartedMain] com.zaxxer.hikari.HikariDataSource       : HikariPool-2 - Starting...
2026-03-17T09:47:45.027-06:00  INFO 1272 --- [johnson-sistema] [restartedMain] com.zaxxer.hikari.pool.HikariPool        : HikariPool-2 - Added connection org.postgresql.jdbc.PgConnection@5566ff37
2026-03-17T09:47:45.028-06:00  INFO 1272 --- [johnson-sistema] [restartedMain] com.zaxxer.hikari.HikariDataSource       : HikariPool-2 - Start completed.
2026-03-17T09:47:45.044-06:00  WARN 1272 --- [johnson-sistema] [restartedMain] org.hibernate.orm.deprecation            : HHH90000025: PostgreSQLDialect does not need to be specified explicitly using 'hibernate.dialect' (remove the property setting and it will be selected by default)
2026-03-17T09:47:45.060-06:00  INFO 1272 --- [johnson-sistema] [restartedMain] org.hibernate.orm.connections.pooling    : HHH10001005: Database info:
	Database JDBC URL [Connecting through datasource 'HikariDataSource (HikariPool-2)']
	Database driver: undefined/unknown
	Database version: 15.17
	Autocommit mode: undefined/unknown
	Isolation level: undefined/unknown
	Minimum pool size: undefined/unknown
	Maximum pool size: undefined/unknown
2026-03-17T09:47:45.558-06:00  INFO 1272 --- [johnson-sistema] [restartedMain] o.h.e.t.j.p.i.JtaPlatformInitiator       : HHH000489: No JTA platform available (set 'hibernate.transaction.jta.platform' to enable JTA platform integration)
2026-03-17T09:47:46.207-06:00  INFO 1272 --- [johnson-sistema] [restartedMain] j.LocalContainerEntityManagerFactoryBean : Initialized JPA EntityManagerFactory for persistence unit 'default'
2026-03-17T09:47:48.234-06:00  WARN 1272 --- [johnson-sistema] [restartedMain] JpaBaseConfiguration$JpaWebConfiguration : spring.jpa.open-in-view is enabled by default. Therefore, database queries may be performed during view rendering. Explicitly configure spring.jpa.open-in-view to disable this warning
2026-03-17T09:47:48.381-06:00  INFO 1272 --- [johnson-sistema] [restartedMain] o.s.b.a.w.s.WelcomePageHandlerMapping    : Adding welcome page template: index
2026-03-17T09:47:48.715-06:00  INFO 1272 --- [johnson-sistema] [restartedMain] r$InitializeUserDetailsManagerConfigurer : Global AuthenticationManager configured with UserDetailsService bean with name detallesUsuarioServicio
2026-03-17T09:47:49.468-06:00  INFO 1272 --- [johnson-sistema] [restartedMain] o.s.b.d.a.OptionalLiveReloadServer       : LiveReload server is running on port 35729
2026-03-17T09:47:49.504-06:00  INFO 1272 --- [johnson-sistema] [restartedMain] o.s.m.s.b.SimpleBrokerMessageHandler     : Starting...
2026-03-17T09:47:49.514-06:00  INFO 1272 --- [johnson-sistema] [restartedMain] o.s.m.s.b.SimpleBrokerMessageHandler     : BrokerAvailabilityEvent[available=true, SimpleBrokerMessageHandler [org.springframework.messaging.simp.broker.DefaultSubscriptionRegistry@11cc2d4b]]
2026-03-17T09:47:49.521-06:00  INFO 1272 --- [johnson-sistema] [restartedMain] o.s.m.s.b.SimpleBrokerMessageHandler     : Started.
2026-03-17T09:47:49.530-06:00  INFO 1272 --- [johnson-sistema] [restartedMain] o.s.b.w.embedded.tomcat.TomcatWebServer  : Tomcat started on port 8081 (http) with context path '/'
2026-03-17T09:47:49.576-06:00  INFO 1272 --- [johnson-sistema] [restartedMain] c.j.practica.JohnsonSistemaApplication   : Started JohnsonSistemaApplication in 7.114 seconds (process running for 370.343)
2026-03-17T09:47:50.154-06:00  INFO 1272 --- [johnson-sistema] [restartedMain] c.johnson.practica.config.CargadorDatos  : Cargando datos iniciales...
2026-03-17T09:47:50.226-06:00  INFO 1272 --- [johnson-sistema] [restartedMain] .ConditionEvaluationDeltaLoggingListener : Condition evaluation unchanged
2026-03-17T09:48:49.520-06:00  INFO 1272 --- [johnson-sistema] [MessageBroker-1] o.s.w.s.c.WebSocketMessageBrokerStats    : WebSocketSession[0 current WS(0)-HttpStream(0)-HttpPoll(0), 0 total, 0 closed abnormally (0 connect failure, 0 send limit, 0 transport error)], stompSubProtocol[processed CONNECT(0)-CONNECTED(0)-DISCONNECT(0)], stompBrokerRelay[null], inboundChannel[pool size = 0, active threads = 0, queued tasks = 0, completed tasks = 0], outboundChannel[pool size = 0, active threads = 0, queued tasks = 0, completed tasks = 0], sockJsScheduler[pool size = 3, active threads = 1, queued tasks = 2, completed tasks = 0]
2026-03-17T09:53:42.928-06:00  INFO 1272 --- [johnson-sistema] [SpringApplicationShutdownHook] o.s.b.w.e.tomcat.GracefulShutdown        : Commencing graceful shutdown. Waiting for active requests to complete
2026-03-17T09:53:44.394-06:00  INFO 1272 --- [johnson-sistema] [tomcat-shutdown] o.s.b.w.e.tomcat.GracefulShutdown        : Graceful shutdown complete
2026-03-17T09:53:44.398-06:00  INFO 1272 --- [johnson-sistema] [SpringApplicationShutdownHook] o.s.m.s.b.SimpleBrokerMessageHandler     : Stopping...
2026-03-17T09:53:44.399-06:00  INFO 1272 --- [johnson-sistema] [SpringApplicationShutdownHook] o.s.m.s.b.SimpleBrokerMessageHandler     : BrokerAvailabilityEvent[available=false, SimpleBrokerMessageHandler [org.springframework.messaging.simp.broker.DefaultSubscriptionRegistry@11cc2d4b]]
2026-03-17T09:53:44.403-06:00  INFO 1272 --- [johnson-sistema] [SpringApplicationShutdownHook] o.s.m.s.b.SimpleBrokerMessageHandler     : Stopped.
2026-03-17T09:53:44.411-06:00  INFO 1272 --- [johnson-sistema] [SpringApplicationShutdownHook] j.LocalContainerEntityManagerFactoryBean : Closing JPA EntityManagerFactory for persistence unit 'default'
2026-03-17T09:53:44.414-06:00  INFO 1272 --- [johnson-sistema] [SpringApplicationShutdownHook] com.zaxxer.hikari.HikariDataSource       : HikariPool-2 - Shutdown initiated...
2026-03-17T09:53:44.424-06:00  INFO 1272 --- [johnson-sistema] [SpringApplicationShutdownHook] com.zaxxer.hikari.HikariDataSource       : HikariPool-2 - Shutdown completed.
2026-03-17T09:55:08.829-06:00  INFO 8576 --- [johnson-sistema] [restartedMain] c.j.practica.JohnsonSistemaApplication   : Starting JohnsonSistemaApplication using Java 17.0.12 with PID 8576 (C:\Users\User\OneDrive\Escritorio\Escuela\PRACTICAS\Sistema_Johnson\johnson-sistema\target\classes started by Franco in C:\Users\User\OneDrive\Escritorio\Escuela\PRACTICAS\Sistema_Johnson\johnson-sistema)
2026-03-17T09:55:08.841-06:00  INFO 8576 --- [johnson-sistema] [restartedMain] c.j.practica.JohnsonSistemaApplication   : No active profile set, falling back to 1 default profile: "default"
2026-03-17T09:55:09.058-06:00  INFO 8576 --- [johnson-sistema] [restartedMain] .e.DevToolsPropertyDefaultsPostProcessor : Devtools property defaults active! Set 'spring.devtools.add-properties' to 'false' to disable
2026-03-17T09:55:09.060-06:00  INFO 8576 --- [johnson-sistema] [restartedMain] .e.DevToolsPropertyDefaultsPostProcessor : For additional web related logging consider setting the 'logging.level.web' property to 'DEBUG'
2026-03-17T09:55:13.231-06:00  INFO 8576 --- [johnson-sistema] [restartedMain] .s.d.r.c.RepositoryConfigurationDelegate : Bootstrapping Spring Data JPA repositories in DEFAULT mode.
2026-03-17T09:55:13.677-06:00  INFO 8576 --- [johnson-sistema] [restartedMain] .s.d.r.c.RepositoryConfigurationDelegate : Finished Spring Data repository scanning in 396 ms. Found 10 JPA repository interfaces.
2026-03-17T09:55:16.870-06:00  INFO 8576 --- [johnson-sistema] [restartedMain] o.s.b.w.embedded.tomcat.TomcatWebServer  : Tomcat initialized with port 8081 (http)
2026-03-17T09:55:16.915-06:00  INFO 8576 --- [johnson-sistema] [restartedMain] o.apache.catalina.core.StandardService   : Starting service [Tomcat]
2026-03-17T09:55:16.918-06:00  INFO 8576 --- [johnson-sistema] [restartedMain] o.apache.catalina.core.StandardEngine    : Starting Servlet engine: [Apache Tomcat/10.1.50]
2026-03-17T09:55:17.089-06:00  INFO 8576 --- [johnson-sistema] [restartedMain] o.a.c.c.C.[Tomcat].[localhost].[/]       : Initializing Spring embedded WebApplicationContext
2026-03-17T09:55:17.090-06:00  INFO 8576 --- [johnson-sistema] [restartedMain] w.s.c.ServletWebServerApplicationContext : Root WebApplicationContext: initialization completed in 8022 ms
2026-03-17T09:55:18.548-06:00  INFO 8576 --- [johnson-sistema] [restartedMain] o.hibernate.jpa.internal.util.LogHelper  : HHH000204: Processing PersistenceUnitInfo [name: default]
2026-03-17T09:55:18.778-06:00  INFO 8576 --- [johnson-sistema] [restartedMain] org.hibernate.Version                    : HHH000412: Hibernate ORM core version 6.6.41.Final
2026-03-17T09:55:18.970-06:00  INFO 8576 --- [johnson-sistema] [restartedMain] o.h.c.internal.RegionFactoryInitiator    : HHH000026: Second-level cache disabled
2026-03-17T09:55:19.997-06:00  INFO 8576 --- [johnson-sistema] [restartedMain] o.s.o.j.p.SpringPersistenceUnitInfo      : No LoadTimeWeaver setup: ignoring JPA class transformer
2026-03-17T09:55:20.113-06:00  INFO 8576 --- [johnson-sistema] [restartedMain] com.zaxxer.hikari.HikariDataSource       : HikariPool-1 - Starting...
2026-03-17T09:55:21.279-06:00  WARN 8576 --- [johnson-sistema] [restartedMain] o.h.engine.jdbc.spi.SqlExceptionHelper   : SQL Error: 0, SQLState: 08001
2026-03-17T09:55:21.286-06:00 ERROR 8576 --- [johnson-sistema] [restartedMain] o.h.engine.jdbc.spi.SqlExceptionHelper   : El intento de conexión falló.
2026-03-17T09:55:21.291-06:00  WARN 8576 --- [johnson-sistema] [restartedMain] o.h.e.j.e.i.JdbcEnvironmentInitiator     : HHH000342: Could not obtain connection to query metadata

org.hibernate.exception.JDBCConnectionException: unable to obtain isolated JDBC connection [El intento de conexión falló.] [n/a]
	at org.hibernate.exception.internal.SQLStateConversionDelegate.convert(SQLStateConversionDelegate.java:100) ~[hibernate-core-6.6.41.Final.jar:6.6.41.Final]
	at org.hibernate.exception.internal.StandardSQLExceptionConverter.convert(StandardSQLExceptionConverter.java:58) ~[hibernate-core-6.6.41.Final.jar:6.6.41.Final]
	at org.hibernate.engine.jdbc.spi.SqlExceptionHelper.convert(SqlExceptionHelper.java:108) ~[hibernate-core-6.6.41.Final.jar:6.6.41.Final]
	at org.hibernate.engine.jdbc.spi.SqlExceptionHelper.convert(SqlExceptionHelper.java:94) ~[hibernate-core-6.6.41.Final.jar:6.6.41.Final]
	at org.hibernate.resource.transaction.backend.jdbc.internal.JdbcIsolationDelegate.delegateWork(JdbcIsolationDelegate.java:116) ~[hibernate-core-6.6.41.Final.jar:6.6.41.Final]
	at org.hibernate.engine.jdbc.env.internal.JdbcEnvironmentInitiator.getJdbcEnvironmentUsingJdbcMetadata(JdbcEnvironmentInitiator.java:334) ~[hibernate-core-6.6.41.Final.jar:6.6.41.Final]
	at org.hibernate.engine.jdbc.env.internal.JdbcEnvironmentInitiator.initiateService(JdbcEnvironmentInitiator.java:129) ~[hibernate-core-6.6.41.Final.jar:6.6.41.Final]
	at org.hibernate.engine.jdbc.env.internal.JdbcEnvironmentInitiator.initiateService(JdbcEnvironmentInitiator.java:81) ~[hibernate-core-6.6.41.Final.jar:6.6.41.Final]
	at org.hibernate.boot.registry.internal.StandardServiceRegistryImpl.initiateService(StandardServiceRegistryImpl.java:130) ~[hibernate-core-6.6.41.Final.jar:6.6.41.Final]
	at org.hibernate.service.internal.AbstractServiceRegistryImpl.createService(AbstractServiceRegistryImpl.java:263) ~[hibernate-core-6.6.41.Final.jar:6.6.41.Final]
	at org.hibernate.service.internal.AbstractServiceRegistryImpl.initializeService(AbstractServiceRegistryImpl.java:238) ~[hibernate-core-6.6.41.Final.jar:6.6.41.Final]
	at org.hibernate.service.internal.AbstractServiceRegistryImpl.getService(AbstractServiceRegistryImpl.java:215) ~[hibernate-core-6.6.41.Final.jar:6.6.41.Final]
	at org.hibernate.boot.model.relational.Database.<init>(Database.java:45) ~[hibernate-core-6.6.41.Final.jar:6.6.41.Final]
	at org.hibernate.boot.internal.InFlightMetadataCollectorImpl.getDatabase(InFlightMetadataCollectorImpl.java:226) ~[hibernate-core-6.6.41.Final.jar:6.6.41.Final]
	at org.hibernate.boot.internal.InFlightMetadataCollectorImpl.<init>(InFlightMetadataCollectorImpl.java:194) ~[hibernate-core-6.6.41.Final.jar:6.6.41.Final]
	at org.hibernate.boot.model.process.spi.MetadataBuildingProcess.complete(MetadataBuildingProcess.java:171) ~[hibernate-core-6.6.41.Final.jar:6.6.41.Final]
	at org.hibernate.jpa.boot.internal.EntityManagerFactoryBuilderImpl.metadata(EntityManagerFactoryBuilderImpl.java:1442) ~[hibernate-core-6.6.41.Final.jar:6.6.41.Final]
	at org.hibernate.jpa.boot.internal.EntityManagerFactoryBuilderImpl.build(EntityManagerFactoryBuilderImpl.java:1513) ~[hibernate-core-6.6.41.Final.jar:6.6.41.Final]
	at org.springframework.orm.jpa.vendor.SpringHibernateJpaPersistenceProvider.createContainerEntityManagerFactory(SpringHibernateJpaPersistenceProvider.java:66) ~[spring-orm-6.2.15.jar:6.2.15]
	at org.springframework.orm.jpa.LocalContainerEntityManagerFactoryBean.createNativeEntityManagerFactory(LocalContainerEntityManagerFactoryBean.java:390) ~[spring-orm-6.2.15.jar:6.2.15]
	at org.springframework.orm.jpa.AbstractEntityManagerFactoryBean.buildNativeEntityManagerFactory(AbstractEntityManagerFactoryBean.java:419) ~[spring-orm-6.2.15.jar:6.2.15]
	at org.springframework.orm.jpa.AbstractEntityManagerFactoryBean.afterPropertiesSet(AbstractEntityManagerFactoryBean.java:400) ~[spring-orm-6.2.15.jar:6.2.15]
	at org.springframework.orm.jpa.LocalContainerEntityManagerFactoryBean.afterPropertiesSet(LocalContainerEntityManagerFactoryBean.java:366) ~[spring-orm-6.2.15.jar:6.2.15]
	at org.springframework.beans.factory.support.AbstractAutowireCapableBeanFactory.invokeInitMethods(AbstractAutowireCapableBeanFactory.java:1873) ~[spring-beans-6.2.15.jar:6.2.15]
	at org.springframework.beans.factory.support.AbstractAutowireCapableBeanFactory.initializeBean(AbstractAutowireCapableBeanFactory.java:1822) ~[spring-beans-6.2.15.jar:6.2.15]
	at org.springframework.beans.factory.support.AbstractAutowireCapableBeanFactory.doCreateBean(AbstractAutowireCapableBeanFactory.java:607) ~[spring-beans-6.2.15.jar:6.2.15]
	at org.springframework.beans.factory.support.AbstractAutowireCapableBeanFactory.createBean(AbstractAutowireCapableBeanFactory.java:529) ~[spring-beans-6.2.15.jar:6.2.15]
	at org.springframework.beans.factory.support.AbstractBeanFactory.lambda$doGetBean$0(AbstractBeanFactory.java:339) ~[spring-beans-6.2.15.jar:6.2.15]
	at org.springframework.beans.factory.support.DefaultSingletonBeanRegistry.getSingleton(DefaultSingletonBeanRegistry.java:373) ~[spring-beans-6.2.15.jar:6.2.15]
	at org.springframework.beans.factory.support.AbstractBeanFactory.doGetBean(AbstractBeanFactory.java:337) ~[spring-beans-6.2.15.jar:6.2.15]
	at org.springframework.beans.factory.support.AbstractBeanFactory.getBean(AbstractBeanFactory.java:207) ~[spring-beans-6.2.15.jar:6.2.15]
	at org.springframework.context.support.AbstractApplicationContext.finishBeanFactoryInitialization(AbstractApplicationContext.java:973) ~[spring-context-6.2.15.jar:6.2.15]
	at org.springframework.context.support.AbstractApplicationContext.refresh(AbstractApplicationContext.java:627) ~[spring-context-6.2.15.jar:6.2.15]
	at org.springframework.boot.web.servlet.context.ServletWebServerApplicationContext.refresh(ServletWebServerApplicationContext.java:146) ~[spring-boot-3.5.10.jar:3.5.10]
	at org.springframework.boot.SpringApplication.refresh(SpringApplication.java:752) ~[spring-boot-3.5.10.jar:3.5.10]
	at org.springframework.boot.SpringApplication.refreshContext(SpringApplication.java:439) ~[spring-boot-3.5.10.jar:3.5.10]
	at org.springframework.boot.SpringApplication.run(SpringApplication.java:318) ~[spring-boot-3.5.10.jar:3.5.10]
	at org.springframework.boot.SpringApplication.run(SpringApplication.java:1361) ~[spring-boot-3.5.10.jar:3.5.10]
	at org.springframework.boot.SpringApplication.run(SpringApplication.java:1350) ~[spring-boot-3.5.10.jar:3.5.10]
	at com.johnson.practica.JohnsonSistemaApplication.main(JohnsonSistemaApplication.java:16) ~[classes/:na]
	at java.base/jdk.internal.reflect.NativeMethodAccessorImpl.invoke0(Native Method) ~[na:na]
	at java.base/jdk.internal.reflect.NativeMethodAccessorImpl.invoke(NativeMethodAccessorImpl.java:77) ~[na:na]
	at java.base/jdk.internal.reflect.DelegatingMethodAccessorImpl.invoke(DelegatingMethodAccessorImpl.java:43) ~[na:na]
	at java.base/java.lang.reflect.Method.invoke(Method.java:568) ~[na:na]
	at org.springframework.boot.devtools.restart.RestartLauncher.run(RestartLauncher.java:50) ~[spring-boot-devtools-3.5.10.jar:3.5.10]
Caused by: org.postgresql.util.PSQLException: El intento de conexión falló.
	at org.postgresql.core.v3.ConnectionFactoryImpl.openConnectionImpl(ConnectionFactoryImpl.java:385) ~[postgresql-42.7.9.jar:42.7.9]
	at org.postgresql.core.ConnectionFactory.openConnection(ConnectionFactory.java:57) ~[postgresql-42.7.9.jar:42.7.9]
	at org.postgresql.jdbc.PgConnection.<init>(PgConnection.java:290) ~[postgresql-42.7.9.jar:42.7.9]
	at org.postgresql.Driver.makeConnection(Driver.java:448) ~[postgresql-42.7.9.jar:42.7.9]
	at org.postgresql.Driver.connect(Driver.java:298) ~[postgresql-42.7.9.jar:42.7.9]
	at com.zaxxer.hikari.util.DriverDataSource.getConnection(DriverDataSource.java:144) ~[HikariCP-6.3.3.jar:na]
	at com.zaxxer.hikari.pool.PoolBase.newConnection(PoolBase.java:370) ~[HikariCP-6.3.3.jar:na]
	at com.zaxxer.hikari.pool.PoolBase.newPoolEntry(PoolBase.java:207) ~[HikariCP-6.3.3.jar:na]
	at com.zaxxer.hikari.pool.HikariPool.createPoolEntry(HikariPool.java:488) ~[HikariCP-6.3.3.jar:na]
	at com.zaxxer.hikari.pool.HikariPool.checkFailFast(HikariPool.java:576) ~[HikariCP-6.3.3.jar:na]
	at com.zaxxer.hikari.pool.HikariPool.<init>(HikariPool.java:97) ~[HikariCP-6.3.3.jar:na]
	at com.zaxxer.hikari.HikariDataSource.getConnection(HikariDataSource.java:111) ~[HikariCP-6.3.3.jar:na]
	at org.hibernate.engine.jdbc.connections.internal.DatasourceConnectionProviderImpl.getConnection(DatasourceConnectionProviderImpl.java:126) ~[hibernate-core-6.6.41.Final.jar:6.6.41.Final]
	at org.hibernate.engine.jdbc.env.internal.JdbcEnvironmentInitiator$ConnectionProviderJdbcConnectionAccess.obtainConnection(JdbcEnvironmentInitiator.java:485) ~[hibernate-core-6.6.41.Final.jar:6.6.41.Final]
	at org.hibernate.resource.transaction.backend.jdbc.internal.JdbcIsolationDelegate.delegateWork(JdbcIsolationDelegate.java:61) ~[hibernate-core-6.6.41.Final.jar:6.6.41.Final]
	... 40 common frames omitted
Caused by: java.io.EOFException
	at org.postgresql.core.PGStream.receiveChar(PGStream.java:479) ~[postgresql-42.7.9.jar:42.7.9]
	at org.postgresql.core.v3.ConnectionFactoryImpl.enableSSL(ConnectionFactoryImpl.java:627) ~[postgresql-42.7.9.jar:42.7.9]
	at org.postgresql.core.v3.ConnectionFactoryImpl.tryConnect(ConnectionFactoryImpl.java:207) ~[postgresql-42.7.9.jar:42.7.9]
	at org.postgresql.core.v3.ConnectionFactoryImpl.openConnectionImpl(ConnectionFactoryImpl.java:289) ~[postgresql-42.7.9.jar:42.7.9]
	... 54 common frames omitted

2026-03-17T09:55:21.386-06:00  WARN 8576 --- [johnson-sistema] [restartedMain] org.hibernate.orm.deprecation            : HHH90000025: PostgreSQLDialect does not need to be specified explicitly using 'hibernate.dialect' (remove the property setting and it will be selected by default)
2026-03-17T09:55:21.418-06:00  INFO 8576 --- [johnson-sistema] [restartedMain] org.hibernate.orm.connections.pooling    : HHH10001005: Database info:
	Database JDBC URL [Connecting through datasource 'HikariDataSource (null)']
	Database driver: undefined/unknown
	Database version: 12.0
	Autocommit mode: undefined/unknown
	Isolation level: undefined/unknown
	Minimum pool size: undefined/unknown
	Maximum pool size: undefined/unknown
2026-03-17T09:55:24.614-06:00  INFO 8576 --- [johnson-sistema] [restartedMain] o.h.e.t.j.p.i.JtaPlatformInitiator       : HHH000489: No JTA platform available (set 'hibernate.transaction.jta.platform' to enable JTA platform integration)
2026-03-17T09:55:24.698-06:00  INFO 8576 --- [johnson-sistema] [restartedMain] com.zaxxer.hikari.HikariDataSource       : HikariPool-1 - Starting...
2026-03-17T09:55:25.210-06:00  INFO 8576 --- [johnson-sistema] [restartedMain] com.zaxxer.hikari.pool.HikariPool        : HikariPool-1 - Added connection org.postgresql.jdbc.PgConnection@43e580d6
2026-03-17T09:55:25.214-06:00  INFO 8576 --- [johnson-sistema] [restartedMain] com.zaxxer.hikari.HikariDataSource       : HikariPool-1 - Start completed.
2026-03-17T09:55:27.194-06:00  WARN 8576 --- [johnson-sistema] [restartedMain] o.h.engine.jdbc.spi.SqlExceptionHelper   : SQL Warning Code: 0, SQLState: 00000
2026-03-17T09:55:27.194-06:00  WARN 8576 --- [johnson-sistema] [restartedMain] o.h.engine.jdbc.spi.SqlExceptionHelper   : constraint "ukldv0v52e0udsh2h1rs0r0gw1n" of relation "roles" does not exist, skipping
2026-03-17T09:55:27.274-06:00  WARN 8576 --- [johnson-sistema] [restartedMain] o.h.engine.jdbc.spi.SqlExceptionHelper   : SQL Warning Code: 0, SQLState: 00000
2026-03-17T09:55:27.274-06:00  WARN 8576 --- [johnson-sistema] [restartedMain] o.h.engine.jdbc.spi.SqlExceptionHelper   : constraint "ukcdmw5hxlfj78uf4997i3qyyw5" of relation "usuarios" does not exist, skipping
2026-03-17T09:55:27.351-06:00  WARN 8576 --- [johnson-sistema] [restartedMain] o.h.engine.jdbc.spi.SqlExceptionHelper   : SQL Warning Code: 0, SQLState: 00000
2026-03-17T09:55:27.354-06:00  WARN 8576 --- [johnson-sistema] [restartedMain] o.h.engine.jdbc.spi.SqlExceptionHelper   : constraint "ukm2dvbwfge291euvmk6vkkocao" of relation "usuarios" does not exist, skipping
2026-03-17T09:55:27.619-06:00  INFO 8576 --- [johnson-sistema] [restartedMain] j.LocalContainerEntityManagerFactoryBean : Initialized JPA EntityManagerFactory for persistence unit 'default'
2026-03-17T09:55:28.383-06:00  INFO 8576 --- [johnson-sistema] [restartedMain] o.s.d.j.r.query.QueryEnhancerFactory     : Hibernate is in classpath; If applicable, HQL parser will be used.
2026-03-17T09:55:31.893-06:00  WARN 8576 --- [johnson-sistema] [restartedMain] JpaBaseConfiguration$JpaWebConfiguration : spring.jpa.open-in-view is enabled by default. Therefore, database queries may be performed during view rendering. Explicitly configure spring.jpa.open-in-view to disable this warning
2026-03-17T09:55:32.205-06:00  INFO 8576 --- [johnson-sistema] [restartedMain] o.s.b.a.w.s.WelcomePageHandlerMapping    : Adding welcome page template: index
2026-03-17T09:55:32.702-06:00  INFO 8576 --- [johnson-sistema] [restartedMain] r$InitializeUserDetailsManagerConfigurer : Global AuthenticationManager configured with UserDetailsService bean with name detallesUsuarioServicio
2026-03-17T09:55:33.896-06:00  INFO 8576 --- [johnson-sistema] [restartedMain] o.s.b.d.a.OptionalLiveReloadServer       : LiveReload server is running on port 35729
2026-03-17T09:55:33.954-06:00  INFO 8576 --- [johnson-sistema] [restartedMain] o.s.m.s.b.SimpleBrokerMessageHandler     : Starting...
2026-03-17T09:55:33.959-06:00  INFO 8576 --- [johnson-sistema] [restartedMain] o.s.m.s.b.SimpleBrokerMessageHandler     : BrokerAvailabilityEvent[available=true, SimpleBrokerMessageHandler [org.springframework.messaging.simp.broker.DefaultSubscriptionRegistry@3636f5e8]]
2026-03-17T09:55:33.965-06:00  INFO 8576 --- [johnson-sistema] [restartedMain] o.s.m.s.b.SimpleBrokerMessageHandler     : Started.
2026-03-17T09:55:34.071-06:00  INFO 8576 --- [johnson-sistema] [restartedMain] o.s.b.w.embedded.tomcat.TomcatWebServer  : Tomcat started on port 8081 (http) with context path '/'
2026-03-17T09:55:34.125-06:00  INFO 8576 --- [johnson-sistema] [restartedMain] c.j.practica.JohnsonSistemaApplication   : Started JohnsonSistemaApplication in 27.335 seconds (process running for 29.418)
2026-03-17T09:55:34.167-06:00  INFO 8576 --- [johnson-sistema] [restartedMain] c.johnson.practica.config.CargadorDatos  : Cargando datos iniciales...
2026-03-17T09:55:34.603-06:00  INFO 8576 --- [johnson-sistema] [restartedMain] c.johnson.practica.config.CargadorDatos  : Creando usuario 'admin'...
2026-03-17T09:55:34.822-06:00  INFO 8576 --- [johnson-sistema] [restartedMain] c.johnson.practica.config.CargadorDatos  : Usuario 'admin' creado y guardado. DEBE CAMBIAR CONTRASEÑA.
2026-03-17T09:55:34.861-06:00  INFO 8576 --- [johnson-sistema] [restartedMain] c.johnson.practica.config.CargadorDatos  : Creando usuario 'visitante'...
2026-03-17T09:55:35.028-06:00  INFO 8576 --- [johnson-sistema] [restartedMain] c.johnson.practica.config.CargadorDatos  : Usuario 'visitante' creado y guardado.
2026-03-17T09:55:58.586-06:00  INFO 8576 --- [johnson-sistema] [http-nio-8081-exec-1] o.a.c.c.C.[Tomcat].[localhost].[/]       : Initializing Spring DispatcherServlet 'dispatcherServlet'
2026-03-17T09:55:58.600-06:00  INFO 8576 --- [johnson-sistema] [http-nio-8081-exec-1] o.s.web.servlet.DispatcherServlet        : Initializing Servlet 'dispatcherServlet'
2026-03-17T09:55:58.632-06:00  INFO 8576 --- [johnson-sistema] [http-nio-8081-exec-1] o.s.web.servlet.DispatcherServlet        : Completed initialization in 6 ms
2026-03-17T09:56:34.039-06:00  INFO 8576 --- [johnson-sistema] [MessageBroker-1] o.s.w.s.c.WebSocketMessageBrokerStats    : WebSocketSession[0 current WS(0)-HttpStream(0)-HttpPoll(0), 0 total, 0 closed abnormally (0 connect failure, 0 send limit, 0 transport error)], stompSubProtocol[processed CONNECT(0)-CONNECTED(0)-DISCONNECT(0)], stompBrokerRelay[null], inboundChannel[pool size = 0, active threads = 0, queued tasks = 0, completed tasks = 0], outboundChannel[pool size = 0, active threads = 0, queued tasks = 0, completed tasks = 0], sockJsScheduler[pool size = 3, active threads = 1, queued tasks = 2, completed tasks = 0]
2026-03-17T10:02:29.186-06:00  INFO 8576 --- [johnson-sistema] [File Watcher] rtingClassPathChangeChangedEventListener : Restarting due to 1 class path change (0 additions, 0 deletions, 1 modification)
2026-03-17T10:02:29.237-06:00  INFO 8576 --- [johnson-sistema] [Thread-5] o.s.b.w.e.tomcat.GracefulShutdown        : Commencing graceful shutdown. Waiting for active requests to complete
2026-03-17T10:02:31.453-06:00  INFO 8576 --- [johnson-sistema] [tomcat-shutdown] o.s.b.w.e.tomcat.GracefulShutdown        : Graceful shutdown complete
2026-03-17T10:02:31.485-06:00  INFO 8576 --- [johnson-sistema] [Thread-5] o.s.m.s.b.SimpleBrokerMessageHandler     : Stopping...
2026-03-17T10:02:31.524-06:00  INFO 8576 --- [johnson-sistema] [Thread-5] o.s.m.s.b.SimpleBrokerMessageHandler     : BrokerAvailabilityEvent[available=false, SimpleBrokerMessageHandler [org.springframework.messaging.simp.broker.DefaultSubscriptionRegistry@3636f5e8]]
2026-03-17T10:02:31.540-06:00  INFO 8576 --- [johnson-sistema] [Thread-5] o.s.m.s.b.SimpleBrokerMessageHandler     : Stopped.
2026-03-17T10:02:31.588-06:00  INFO 8576 --- [johnson-sistema] [Thread-5] j.LocalContainerEntityManagerFactoryBean : Closing JPA EntityManagerFactory for persistence unit 'default'
2026-03-17T10:02:31.630-06:00  INFO 8576 --- [johnson-sistema] [Thread-5] com.zaxxer.hikari.HikariDataSource       : HikariPool-1 - Shutdown initiated...
2026-03-17T10:02:31.661-06:00  INFO 8576 --- [johnson-sistema] [Thread-5] com.zaxxer.hikari.HikariDataSource       : HikariPool-1 - Shutdown completed.
2026-03-17T10:02:31.959-06:00  INFO 8576 --- [johnson-sistema] [restartedMain] c.j.practica.JohnsonSistemaApplication   : Starting JohnsonSistemaApplication using Java 17.0.12 with PID 8576 (C:\Users\User\OneDrive\Escritorio\Escuela\PRACTICAS\Sistema_Johnson\johnson-sistema\target\classes started by Franco in C:\Users\User\OneDrive\Escritorio\Escuela\PRACTICAS\Sistema_Johnson\johnson-sistema)
2026-03-17T10:02:31.960-06:00  INFO 8576 --- [johnson-sistema] [restartedMain] c.j.practica.JohnsonSistemaApplication   : No active profile set, falling back to 1 default profile: "default"
2026-03-17T10:02:32.886-06:00  INFO 8576 --- [johnson-sistema] [restartedMain] .s.d.r.c.RepositoryConfigurationDelegate : Bootstrapping Spring Data JPA repositories in DEFAULT mode.
2026-03-17T10:02:32.982-06:00  INFO 8576 --- [johnson-sistema] [restartedMain] .s.d.r.c.RepositoryConfigurationDelegate : Finished Spring Data repository scanning in 89 ms. Found 10 JPA repository interfaces.
2026-03-17T10:02:33.738-06:00  INFO 8576 --- [johnson-sistema] [restartedMain] o.s.b.w.embedded.tomcat.TomcatWebServer  : Tomcat initialized with port 8081 (http)
2026-03-17T10:02:33.764-06:00  INFO 8576 --- [johnson-sistema] [restartedMain] o.apache.catalina.core.StandardService   : Starting service [Tomcat]
2026-03-17T10:02:33.800-06:00  INFO 8576 --- [johnson-sistema] [restartedMain] o.apache.catalina.core.StandardEngine    : Starting Servlet engine: [Apache Tomcat/10.1.50]
2026-03-17T10:02:33.938-06:00  INFO 8576 --- [johnson-sistema] [restartedMain] o.a.c.c.C.[Tomcat].[localhost].[/]       : Initializing Spring embedded WebApplicationContext
2026-03-17T10:02:33.948-06:00  INFO 8576 --- [johnson-sistema] [restartedMain] w.s.c.ServletWebServerApplicationContext : Root WebApplicationContext: initialization completed in 1981 ms
2026-03-17T10:02:34.269-06:00  INFO 8576 --- [johnson-sistema] [restartedMain] o.hibernate.jpa.internal.util.LogHelper  : HHH000204: Processing PersistenceUnitInfo [name: default]
2026-03-17T10:02:34.286-06:00  INFO 8576 --- [johnson-sistema] [restartedMain] o.h.c.internal.RegionFactoryInitiator    : HHH000026: Second-level cache disabled
2026-03-17T10:02:34.327-06:00  INFO 8576 --- [johnson-sistema] [restartedMain] o.s.o.j.p.SpringPersistenceUnitInfo      : No LoadTimeWeaver setup: ignoring JPA class transformer
2026-03-17T10:02:34.332-06:00  INFO 8576 --- [johnson-sistema] [restartedMain] com.zaxxer.hikari.HikariDataSource       : HikariPool-2 - Starting...
2026-03-17T10:02:34.509-06:00  INFO 8576 --- [johnson-sistema] [restartedMain] com.zaxxer.hikari.pool.HikariPool        : HikariPool-2 - Added connection org.postgresql.jdbc.PgConnection@51349869
2026-03-17T10:02:34.510-06:00  INFO 8576 --- [johnson-sistema] [restartedMain] com.zaxxer.hikari.HikariDataSource       : HikariPool-2 - Start completed.
2026-03-17T10:02:34.565-06:00  WARN 8576 --- [johnson-sistema] [restartedMain] org.hibernate.orm.deprecation            : HHH90000025: PostgreSQLDialect does not need to be specified explicitly using 'hibernate.dialect' (remove the property setting and it will be selected by default)
2026-03-17T10:02:34.584-06:00  INFO 8576 --- [johnson-sistema] [restartedMain] org.hibernate.orm.connections.pooling    : HHH10001005: Database info:
	Database JDBC URL [Connecting through datasource 'HikariDataSource (HikariPool-2)']
	Database driver: undefined/unknown
	Database version: 15.17
	Autocommit mode: undefined/unknown
	Isolation level: undefined/unknown
	Minimum pool size: undefined/unknown
	Maximum pool size: undefined/unknown
2026-03-17T10:02:35.212-06:00  INFO 8576 --- [johnson-sistema] [restartedMain] o.h.e.t.j.p.i.JtaPlatformInitiator       : HHH000489: No JTA platform available (set 'hibernate.transaction.jta.platform' to enable JTA platform integration)
2026-03-17T10:02:35.681-06:00  INFO 8576 --- [johnson-sistema] [restartedMain] j.LocalContainerEntityManagerFactoryBean : Initialized JPA EntityManagerFactory for persistence unit 'default'
2026-03-17T10:02:37.726-06:00  WARN 8576 --- [johnson-sistema] [restartedMain] JpaBaseConfiguration$JpaWebConfiguration : spring.jpa.open-in-view is enabled by default. Therefore, database queries may be performed during view rendering. Explicitly configure spring.jpa.open-in-view to disable this warning
2026-03-17T10:02:37.967-06:00  INFO 8576 --- [johnson-sistema] [restartedMain] o.s.b.a.w.s.WelcomePageHandlerMapping    : Adding welcome page template: index
2026-03-17T10:02:38.327-06:00  INFO 8576 --- [johnson-sistema] [restartedMain] r$InitializeUserDetailsManagerConfigurer : Global AuthenticationManager configured with UserDetailsService bean with name detallesUsuarioServicio
2026-03-17T10:02:39.207-06:00  INFO 8576 --- [johnson-sistema] [restartedMain] o.s.b.d.a.OptionalLiveReloadServer       : LiveReload server is running on port 35729
2026-03-17T10:02:39.246-06:00  INFO 8576 --- [johnson-sistema] [restartedMain] o.s.m.s.b.SimpleBrokerMessageHandler     : Starting...
2026-03-17T10:02:39.246-06:00  INFO 8576 --- [johnson-sistema] [restartedMain] o.s.m.s.b.SimpleBrokerMessageHandler     : BrokerAvailabilityEvent[available=true, SimpleBrokerMessageHandler [org.springframework.messaging.simp.broker.DefaultSubscriptionRegistry@5030a211]]
2026-03-17T10:02:39.252-06:00  INFO 8576 --- [johnson-sistema] [restartedMain] o.s.m.s.b.SimpleBrokerMessageHandler     : Started.
2026-03-17T10:02:39.264-06:00  INFO 8576 --- [johnson-sistema] [restartedMain] o.s.b.w.embedded.tomcat.TomcatWebServer  : Tomcat started on port 8081 (http) with context path '/'
2026-03-17T10:02:39.286-06:00  INFO 8576 --- [johnson-sistema] [restartedMain] c.j.practica.JohnsonSistemaApplication   : Started JohnsonSistemaApplication in 7.446 seconds (process running for 454.578)
2026-03-17T10:02:39.292-06:00  INFO 8576 --- [johnson-sistema] [restartedMain] c.johnson.practica.config.CargadorDatos  : Cargando datos iniciales...
2026-03-17T10:02:40.378-06:00  INFO 8576 --- [johnson-sistema] [restartedMain] .ConditionEvaluationDeltaLoggingListener : Condition evaluation unchanged
2026-03-17T10:02:56.347-06:00  INFO 8576 --- [johnson-sistema] [http-nio-8081-exec-1] o.a.c.c.C.[Tomcat].[localhost].[/]       : Initializing Spring DispatcherServlet 'dispatcherServlet'
2026-03-17T10:02:56.353-06:00  INFO 8576 --- [johnson-sistema] [http-nio-8081-exec-1] o.s.web.servlet.DispatcherServlet        : Initializing Servlet 'dispatcherServlet'
2026-03-17T10:02:56.372-06:00  INFO 8576 --- [johnson-sistema] [http-nio-8081-exec-1] o.s.web.servlet.DispatcherServlet        : Completed initialization in 9 ms
2026-03-17T10:03:16.548-06:00  INFO 8576 --- [johnson-sistema] [SpringApplicationShutdownHook] o.s.b.w.e.tomcat.GracefulShutdown        : Commencing graceful shutdown. Waiting for active requests to complete
2026-03-17T10:03:17.949-06:00  INFO 8576 --- [johnson-sistema] [tomcat-shutdown] o.s.b.w.e.tomcat.GracefulShutdown        : Graceful shutdown complete
2026-03-17T10:03:17.953-06:00  INFO 8576 --- [johnson-sistema] [SpringApplicationShutdownHook] o.s.m.s.b.SimpleBrokerMessageHandler     : Stopping...
2026-03-17T10:03:17.953-06:00  INFO 8576 --- [johnson-sistema] [SpringApplicationShutdownHook] o.s.m.s.b.SimpleBrokerMessageHandler     : BrokerAvailabilityEvent[available=false, SimpleBrokerMessageHandler [org.springframework.messaging.simp.broker.DefaultSubscriptionRegistry@5030a211]]
2026-03-17T10:03:17.957-06:00  INFO 8576 --- [johnson-sistema] [SpringApplicationShutdownHook] o.s.m.s.b.SimpleBrokerMessageHandler     : Stopped.
2026-03-17T10:03:17.962-06:00  INFO 8576 --- [johnson-sistema] [SpringApplicationShutdownHook] j.LocalContainerEntityManagerFactoryBean : Closing JPA EntityManagerFactory for persistence unit 'default'
2026-03-17T10:03:17.962-06:00  INFO 8576 --- [johnson-sistema] [SpringApplicationShutdownHook] com.zaxxer.hikari.HikariDataSource       : HikariPool-2 - Shutdown initiated...
2026-03-17T10:03:17.967-06:00  INFO 8576 --- [johnson-sistema] [SpringApplicationShutdownHook] com.zaxxer.hikari.HikariDataSource       : HikariPool-2 - Shutdown completed.
2026-03-17T10:04:51.288-06:00  INFO 15036 --- [johnson-sistema] [restartedMain] c.j.practica.JohnsonSistemaApplication   : Starting JohnsonSistemaApplication using Java 17.0.12 with PID 15036 (C:\Users\User\OneDrive\Escritorio\Escuela\PRACTICAS\Sistema_Johnson\johnson-sistema\target\classes started by Franco in C:\Users\User\OneDrive\Escritorio\Escuela\PRACTICAS\Sistema_Johnson\johnson-sistema)
2026-03-17T10:04:51.296-06:00  INFO 15036 --- [johnson-sistema] [restartedMain] c.j.practica.JohnsonSistemaApplication   : No active profile set, falling back to 1 default profile: "default"
2026-03-17T10:04:51.478-06:00  INFO 15036 --- [johnson-sistema] [restartedMain] .e.DevToolsPropertyDefaultsPostProcessor : Devtools property defaults active! Set 'spring.devtools.add-properties' to 'false' to disable
2026-03-17T10:04:51.480-06:00  INFO 15036 --- [johnson-sistema] [restartedMain] .e.DevToolsPropertyDefaultsPostProcessor : For additional web related logging consider setting the 'logging.level.web' property to 'DEBUG'
2026-03-17T10:04:55.296-06:00  INFO 15036 --- [johnson-sistema] [restartedMain] .s.d.r.c.RepositoryConfigurationDelegate : Bootstrapping Spring Data JPA repositories in DEFAULT mode.
2026-03-17T10:04:55.803-06:00  INFO 15036 --- [johnson-sistema] [restartedMain] .s.d.r.c.RepositoryConfigurationDelegate : Finished Spring Data repository scanning in 467 ms. Found 10 JPA repository interfaces.
2026-03-17T10:04:59.532-06:00  INFO 15036 --- [johnson-sistema] [restartedMain] o.s.b.w.embedded.tomcat.TomcatWebServer  : Tomcat initialized with port 8081 (http)
2026-03-17T10:04:59.600-06:00  INFO 15036 --- [johnson-sistema] [restartedMain] o.apache.catalina.core.StandardService   : Starting service [Tomcat]
2026-03-17T10:04:59.604-06:00  INFO 15036 --- [johnson-sistema] [restartedMain] o.apache.catalina.core.StandardEngine    : Starting Servlet engine: [Apache Tomcat/10.1.50]
2026-03-17T10:04:59.882-06:00  INFO 15036 --- [johnson-sistema] [restartedMain] o.a.c.c.C.[Tomcat].[localhost].[/]       : Initializing Spring embedded WebApplicationContext
2026-03-17T10:04:59.884-06:00  INFO 15036 --- [johnson-sistema] [restartedMain] w.s.c.ServletWebServerApplicationContext : Root WebApplicationContext: initialization completed in 8399 ms
2026-03-17T10:05:01.115-06:00  INFO 15036 --- [johnson-sistema] [restartedMain] o.hibernate.jpa.internal.util.LogHelper  : HHH000204: Processing PersistenceUnitInfo [name: default]
2026-03-17T10:05:01.328-06:00  INFO 15036 --- [johnson-sistema] [restartedMain] org.hibernate.Version                    : HHH000412: Hibernate ORM core version 6.6.41.Final
2026-03-17T10:05:01.464-06:00  INFO 15036 --- [johnson-sistema] [restartedMain] o.h.c.internal.RegionFactoryInitiator    : HHH000026: Second-level cache disabled
2026-03-17T10:05:02.548-06:00  INFO 15036 --- [johnson-sistema] [restartedMain] o.s.o.j.p.SpringPersistenceUnitInfo      : No LoadTimeWeaver setup: ignoring JPA class transformer
2026-03-17T10:05:02.659-06:00  INFO 15036 --- [johnson-sistema] [restartedMain] com.zaxxer.hikari.HikariDataSource       : HikariPool-1 - Starting...
2026-03-17T10:05:03.845-06:00  WARN 15036 --- [johnson-sistema] [restartedMain] o.h.engine.jdbc.spi.SqlExceptionHelper   : SQL Error: 0, SQLState: 08001
2026-03-17T10:05:03.855-06:00 ERROR 15036 --- [johnson-sistema] [restartedMain] o.h.engine.jdbc.spi.SqlExceptionHelper   : El intento de conexión falló.
2026-03-17T10:05:03.862-06:00  WARN 15036 --- [johnson-sistema] [restartedMain] o.h.e.j.e.i.JdbcEnvironmentInitiator     : HHH000342: Could not obtain connection to query metadata

org.hibernate.exception.JDBCConnectionException: unable to obtain isolated JDBC connection [El intento de conexión falló.] [n/a]
	at org.hibernate.exception.internal.SQLStateConversionDelegate.convert(SQLStateConversionDelegate.java:100) ~[hibernate-core-6.6.41.Final.jar:6.6.41.Final]
	at org.hibernate.exception.internal.StandardSQLExceptionConverter.convert(StandardSQLExceptionConverter.java:58) ~[hibernate-core-6.6.41.Final.jar:6.6.41.Final]
	at org.hibernate.engine.jdbc.spi.SqlExceptionHelper.convert(SqlExceptionHelper.java:108) ~[hibernate-core-6.6.41.Final.jar:6.6.41.Final]
	at org.hibernate.engine.jdbc.spi.SqlExceptionHelper.convert(SqlExceptionHelper.java:94) ~[hibernate-core-6.6.41.Final.jar:6.6.41.Final]
	at org.hibernate.resource.transaction.backend.jdbc.internal.JdbcIsolationDelegate.delegateWork(JdbcIsolationDelegate.java:116) ~[hibernate-core-6.6.41.Final.jar:6.6.41.Final]
	at org.hibernate.engine.jdbc.env.internal.JdbcEnvironmentInitiator.getJdbcEnvironmentUsingJdbcMetadata(JdbcEnvironmentInitiator.java:334) ~[hibernate-core-6.6.41.Final.jar:6.6.41.Final]
	at org.hibernate.engine.jdbc.env.internal.JdbcEnvironmentInitiator.initiateService(JdbcEnvironmentInitiator.java:129) ~[hibernate-core-6.6.41.Final.jar:6.6.41.Final]
	at org.hibernate.engine.jdbc.env.internal.JdbcEnvironmentInitiator.initiateService(JdbcEnvironmentInitiator.java:81) ~[hibernate-core-6.6.41.Final.jar:6.6.41.Final]
	at org.hibernate.boot.registry.internal.StandardServiceRegistryImpl.initiateService(StandardServiceRegistryImpl.java:130) ~[hibernate-core-6.6.41.Final.jar:6.6.41.Final]
	at org.hibernate.service.internal.AbstractServiceRegistryImpl.createService(AbstractServiceRegistryImpl.java:263) ~[hibernate-core-6.6.41.Final.jar:6.6.41.Final]
	at org.hibernate.service.internal.AbstractServiceRegistryImpl.initializeService(AbstractServiceRegistryImpl.java:238) ~[hibernate-core-6.6.41.Final.jar:6.6.41.Final]
	at org.hibernate.service.internal.AbstractServiceRegistryImpl.getService(AbstractServiceRegistryImpl.java:215) ~[hibernate-core-6.6.41.Final.jar:6.6.41.Final]
	at org.hibernate.boot.model.relational.Database.<init>(Database.java:45) ~[hibernate-core-6.6.41.Final.jar:6.6.41.Final]
	at org.hibernate.boot.internal.InFlightMetadataCollectorImpl.getDatabase(InFlightMetadataCollectorImpl.java:226) ~[hibernate-core-6.6.41.Final.jar:6.6.41.Final]
	at org.hibernate.boot.internal.InFlightMetadataCollectorImpl.<init>(InFlightMetadataCollectorImpl.java:194) ~[hibernate-core-6.6.41.Final.jar:6.6.41.Final]
	at org.hibernate.boot.model.process.spi.MetadataBuildingProcess.complete(MetadataBuildingProcess.java:171) ~[hibernate-core-6.6.41.Final.jar:6.6.41.Final]
	at org.hibernate.jpa.boot.internal.EntityManagerFactoryBuilderImpl.metadata(EntityManagerFactoryBuilderImpl.java:1442) ~[hibernate-core-6.6.41.Final.jar:6.6.41.Final]
	at org.hibernate.jpa.boot.internal.EntityManagerFactoryBuilderImpl.build(EntityManagerFactoryBuilderImpl.java:1513) ~[hibernate-core-6.6.41.Final.jar:6.6.41.Final]
	at org.springframework.orm.jpa.vendor.SpringHibernateJpaPersistenceProvider.createContainerEntityManagerFactory(SpringHibernateJpaPersistenceProvider.java:66) ~[spring-orm-6.2.15.jar:6.2.15]
	at org.springframework.orm.jpa.LocalContainerEntityManagerFactoryBean.createNativeEntityManagerFactory(LocalContainerEntityManagerFactoryBean.java:390) ~[spring-orm-6.2.15.jar:6.2.15]
	at org.springframework.orm.jpa.AbstractEntityManagerFactoryBean.buildNativeEntityManagerFactory(AbstractEntityManagerFactoryBean.java:419) ~[spring-orm-6.2.15.jar:6.2.15]
	at org.springframework.orm.jpa.AbstractEntityManagerFactoryBean.afterPropertiesSet(AbstractEntityManagerFactoryBean.java:400) ~[spring-orm-6.2.15.jar:6.2.15]
	at org.springframework.orm.jpa.LocalContainerEntityManagerFactoryBean.afterPropertiesSet(LocalContainerEntityManagerFactoryBean.java:366) ~[spring-orm-6.2.15.jar:6.2.15]
	at org.springframework.beans.factory.support.AbstractAutowireCapableBeanFactory.invokeInitMethods(AbstractAutowireCapableBeanFactory.java:1873) ~[spring-beans-6.2.15.jar:6.2.15]
	at org.springframework.beans.factory.support.AbstractAutowireCapableBeanFactory.initializeBean(AbstractAutowireCapableBeanFactory.java:1822) ~[spring-beans-6.2.15.jar:6.2.15]
	at org.springframework.beans.factory.support.AbstractAutowireCapableBeanFactory.doCreateBean(AbstractAutowireCapableBeanFactory.java:607) ~[spring-beans-6.2.15.jar:6.2.15]
	at org.springframework.beans.factory.support.AbstractAutowireCapableBeanFactory.createBean(AbstractAutowireCapableBeanFactory.java:529) ~[spring-beans-6.2.15.jar:6.2.15]
	at org.springframework.beans.factory.support.AbstractBeanFactory.lambda$doGetBean$0(AbstractBeanFactory.java:339) ~[spring-beans-6.2.15.jar:6.2.15]
	at org.springframework.beans.factory.support.DefaultSingletonBeanRegistry.getSingleton(DefaultSingletonBeanRegistry.java:373) ~[spring-beans-6.2.15.jar:6.2.15]
	at org.springframework.beans.factory.support.AbstractBeanFactory.doGetBean(AbstractBeanFactory.java:337) ~[spring-beans-6.2.15.jar:6.2.15]
	at org.springframework.beans.factory.support.AbstractBeanFactory.getBean(AbstractBeanFactory.java:207) ~[spring-beans-6.2.15.jar:6.2.15]
	at org.springframework.context.support.AbstractApplicationContext.finishBeanFactoryInitialization(AbstractApplicationContext.java:973) ~[spring-context-6.2.15.jar:6.2.15]
	at org.springframework.context.support.AbstractApplicationContext.refresh(AbstractApplicationContext.java:627) ~[spring-context-6.2.15.jar:6.2.15]
	at org.springframework.boot.web.servlet.context.ServletWebServerApplicationContext.refresh(ServletWebServerApplicationContext.java:146) ~[spring-boot-3.5.10.jar:3.5.10]
	at org.springframework.boot.SpringApplication.refresh(SpringApplication.java:752) ~[spring-boot-3.5.10.jar:3.5.10]
	at org.springframework.boot.SpringApplication.refreshContext(SpringApplication.java:439) ~[spring-boot-3.5.10.jar:3.5.10]
	at org.springframework.boot.SpringApplication.run(SpringApplication.java:318) ~[spring-boot-3.5.10.jar:3.5.10]
	at org.springframework.boot.SpringApplication.run(SpringApplication.java:1361) ~[spring-boot-3.5.10.jar:3.5.10]
	at org.springframework.boot.SpringApplication.run(SpringApplication.java:1350) ~[spring-boot-3.5.10.jar:3.5.10]
	at com.johnson.practica.JohnsonSistemaApplication.main(JohnsonSistemaApplication.java:16) ~[classes/:na]
	at java.base/jdk.internal.reflect.NativeMethodAccessorImpl.invoke0(Native Method) ~[na:na]
	at java.base/jdk.internal.reflect.NativeMethodAccessorImpl.invoke(NativeMethodAccessorImpl.java:77) ~[na:na]
	at java.base/jdk.internal.reflect.DelegatingMethodAccessorImpl.invoke(DelegatingMethodAccessorImpl.java:43) ~[na:na]
	at java.base/java.lang.reflect.Method.invoke(Method.java:568) ~[na:na]
	at org.springframework.boot.devtools.restart.RestartLauncher.run(RestartLauncher.java:50) ~[spring-boot-devtools-3.5.10.jar:3.5.10]
Caused by: org.postgresql.util.PSQLException: El intento de conexión falló.
	at org.postgresql.core.v3.ConnectionFactoryImpl.openConnectionImpl(ConnectionFactoryImpl.java:385) ~[postgresql-42.7.9.jar:42.7.9]
	at org.postgresql.core.ConnectionFactory.openConnection(ConnectionFactory.java:57) ~[postgresql-42.7.9.jar:42.7.9]
	at org.postgresql.jdbc.PgConnection.<init>(PgConnection.java:290) ~[postgresql-42.7.9.jar:42.7.9]
	at org.postgresql.Driver.makeConnection(Driver.java:448) ~[postgresql-42.7.9.jar:42.7.9]
	at org.postgresql.Driver.connect(Driver.java:298) ~[postgresql-42.7.9.jar:42.7.9]
	at com.zaxxer.hikari.util.DriverDataSource.getConnection(DriverDataSource.java:144) ~[HikariCP-6.3.3.jar:na]
	at com.zaxxer.hikari.pool.PoolBase.newConnection(PoolBase.java:370) ~[HikariCP-6.3.3.jar:na]
	at com.zaxxer.hikari.pool.PoolBase.newPoolEntry(PoolBase.java:207) ~[HikariCP-6.3.3.jar:na]
	at com.zaxxer.hikari.pool.HikariPool.createPoolEntry(HikariPool.java:488) ~[HikariCP-6.3.3.jar:na]
	at com.zaxxer.hikari.pool.HikariPool.checkFailFast(HikariPool.java:576) ~[HikariCP-6.3.3.jar:na]
	at com.zaxxer.hikari.pool.HikariPool.<init>(HikariPool.java:97) ~[HikariCP-6.3.3.jar:na]
	at com.zaxxer.hikari.HikariDataSource.getConnection(HikariDataSource.java:111) ~[HikariCP-6.3.3.jar:na]
	at org.hibernate.engine.jdbc.connections.internal.DatasourceConnectionProviderImpl.getConnection(DatasourceConnectionProviderImpl.java:126) ~[hibernate-core-6.6.41.Final.jar:6.6.41.Final]
	at org.hibernate.engine.jdbc.env.internal.JdbcEnvironmentInitiator$ConnectionProviderJdbcConnectionAccess.obtainConnection(JdbcEnvironmentInitiator.java:485) ~[hibernate-core-6.6.41.Final.jar:6.6.41.Final]
	at org.hibernate.resource.transaction.backend.jdbc.internal.JdbcIsolationDelegate.delegateWork(JdbcIsolationDelegate.java:61) ~[hibernate-core-6.6.41.Final.jar:6.6.41.Final]
	... 40 common frames omitted
Caused by: java.io.EOFException
	at org.postgresql.core.PGStream.receiveChar(PGStream.java:479) ~[postgresql-42.7.9.jar:42.7.9]
	at org.postgresql.core.v3.ConnectionFactoryImpl.enableSSL(ConnectionFactoryImpl.java:627) ~[postgresql-42.7.9.jar:42.7.9]
	at org.postgresql.core.v3.ConnectionFactoryImpl.tryConnect(ConnectionFactoryImpl.java:207) ~[postgresql-42.7.9.jar:42.7.9]
	at org.postgresql.core.v3.ConnectionFactoryImpl.openConnectionImpl(ConnectionFactoryImpl.java:289) ~[postgresql-42.7.9.jar:42.7.9]
	... 54 common frames omitted

2026-03-17T10:05:04.043-06:00  WARN 15036 --- [johnson-sistema] [restartedMain] org.hibernate.orm.deprecation            : HHH90000025: PostgreSQLDialect does not need to be specified explicitly using 'hibernate.dialect' (remove the property setting and it will be selected by default)
2026-03-17T10:05:04.099-06:00  INFO 15036 --- [johnson-sistema] [restartedMain] org.hibernate.orm.connections.pooling    : HHH10001005: Database info:
	Database JDBC URL [Connecting through datasource 'HikariDataSource (null)']
	Database driver: undefined/unknown
	Database version: 12.0
	Autocommit mode: undefined/unknown
	Isolation level: undefined/unknown
	Minimum pool size: undefined/unknown
	Maximum pool size: undefined/unknown
2026-03-17T10:05:07.895-06:00  INFO 15036 --- [johnson-sistema] [restartedMain] o.h.e.t.j.p.i.JtaPlatformInitiator       : HHH000489: No JTA platform available (set 'hibernate.transaction.jta.platform' to enable JTA platform integration)
2026-03-17T10:05:07.976-06:00  INFO 15036 --- [johnson-sistema] [restartedMain] com.zaxxer.hikari.HikariDataSource       : HikariPool-1 - Starting...
2026-03-17T10:05:08.564-06:00  INFO 15036 --- [johnson-sistema] [restartedMain] com.zaxxer.hikari.pool.HikariPool        : HikariPool-1 - Added connection org.postgresql.jdbc.PgConnection@2de917be
2026-03-17T10:05:08.569-06:00  INFO 15036 --- [johnson-sistema] [restartedMain] com.zaxxer.hikari.HikariDataSource       : HikariPool-1 - Start completed.
2026-03-17T10:05:10.065-06:00  WARN 15036 --- [johnson-sistema] [restartedMain] o.h.engine.jdbc.spi.SqlExceptionHelper   : SQL Warning Code: 0, SQLState: 00000
2026-03-17T10:05:10.066-06:00  WARN 15036 --- [johnson-sistema] [restartedMain] o.h.engine.jdbc.spi.SqlExceptionHelper   : constraint "ukldv0v52e0udsh2h1rs0r0gw1n" of relation "roles" does not exist, skipping
2026-03-17T10:05:10.107-06:00  WARN 15036 --- [johnson-sistema] [restartedMain] o.h.engine.jdbc.spi.SqlExceptionHelper   : SQL Warning Code: 0, SQLState: 00000
2026-03-17T10:05:10.108-06:00  WARN 15036 --- [johnson-sistema] [restartedMain] o.h.engine.jdbc.spi.SqlExceptionHelper   : constraint "ukcdmw5hxlfj78uf4997i3qyyw5" of relation "usuarios" does not exist, skipping
2026-03-17T10:05:10.147-06:00  WARN 15036 --- [johnson-sistema] [restartedMain] o.h.engine.jdbc.spi.SqlExceptionHelper   : SQL Warning Code: 0, SQLState: 00000
2026-03-17T10:05:10.147-06:00  WARN 15036 --- [johnson-sistema] [restartedMain] o.h.engine.jdbc.spi.SqlExceptionHelper   : constraint "ukm2dvbwfge291euvmk6vkkocao" of relation "usuarios" does not exist, skipping
2026-03-17T10:05:10.413-06:00  INFO 15036 --- [johnson-sistema] [restartedMain] j.LocalContainerEntityManagerFactoryBean : Initialized JPA EntityManagerFactory for persistence unit 'default'
2026-03-17T10:05:11.135-06:00  INFO 15036 --- [johnson-sistema] [restartedMain] o.s.d.j.r.query.QueryEnhancerFactory     : Hibernate is in classpath; If applicable, HQL parser will be used.
2026-03-17T10:05:14.509-06:00  WARN 15036 --- [johnson-sistema] [restartedMain] JpaBaseConfiguration$JpaWebConfiguration : spring.jpa.open-in-view is enabled by default. Therefore, database queries may be performed during view rendering. Explicitly configure spring.jpa.open-in-view to disable this warning
2026-03-17T10:05:14.811-06:00  INFO 15036 --- [johnson-sistema] [restartedMain] o.s.b.a.w.s.WelcomePageHandlerMapping    : Adding welcome page template: index
2026-03-17T10:05:15.267-06:00  INFO 15036 --- [johnson-sistema] [restartedMain] r$InitializeUserDetailsManagerConfigurer : Global AuthenticationManager configured with UserDetailsService bean with name detallesUsuarioServicio
2026-03-17T10:05:17.428-06:00  INFO 15036 --- [johnson-sistema] [restartedMain] o.s.b.d.a.OptionalLiveReloadServer       : LiveReload server is running on port 35729
2026-03-17T10:05:17.486-06:00  INFO 15036 --- [johnson-sistema] [restartedMain] o.s.m.s.b.SimpleBrokerMessageHandler     : Starting...
2026-03-17T10:05:17.490-06:00  INFO 15036 --- [johnson-sistema] [restartedMain] o.s.m.s.b.SimpleBrokerMessageHandler     : BrokerAvailabilityEvent[available=true, SimpleBrokerMessageHandler [org.springframework.messaging.simp.broker.DefaultSubscriptionRegistry@5d1516dc]]
2026-03-17T10:05:17.496-06:00  INFO 15036 --- [johnson-sistema] [restartedMain] o.s.m.s.b.SimpleBrokerMessageHandler     : Started.
2026-03-17T10:05:17.552-06:00  INFO 15036 --- [johnson-sistema] [restartedMain] o.s.b.w.embedded.tomcat.TomcatWebServer  : Tomcat started on port 8081 (http) with context path '/'
2026-03-17T10:05:17.615-06:00  INFO 15036 --- [johnson-sistema] [restartedMain] c.j.practica.JohnsonSistemaApplication   : Started JohnsonSistemaApplication in 28.279 seconds (process running for 30.636)
2026-03-17T10:05:17.658-06:00  INFO 15036 --- [johnson-sistema] [restartedMain] c.johnson.practica.config.CargadorDatos  : Cargando datos iniciales...
2026-03-17T10:05:18.231-06:00  INFO 15036 --- [johnson-sistema] [restartedMain] c.johnson.practica.config.CargadorDatos  : Creando usuario 'admin'...
2026-03-17T10:05:18.461-06:00  INFO 15036 --- [johnson-sistema] [restartedMain] c.johnson.practica.config.CargadorDatos  : Usuario 'admin' creado y guardado. DEBE CAMBIAR CONTRASEÑA.
2026-03-17T10:05:18.496-06:00  INFO 15036 --- [johnson-sistema] [restartedMain] c.johnson.practica.config.CargadorDatos  : Creando usuario 'visitante'...
2026-03-17T10:05:18.700-06:00  INFO 15036 --- [johnson-sistema] [restartedMain] c.johnson.practica.config.CargadorDatos  : Usuario 'visitante' creado y guardado.
2026-03-17T10:05:34.245-06:00  INFO 15036 --- [johnson-sistema] [http-nio-8081-exec-1] o.a.c.c.C.[Tomcat].[localhost].[/]       : Initializing Spring DispatcherServlet 'dispatcherServlet'
2026-03-17T10:05:34.246-06:00  INFO 15036 --- [johnson-sistema] [http-nio-8081-exec-1] o.s.web.servlet.DispatcherServlet        : Initializing Servlet 'dispatcherServlet'
2026-03-17T10:05:34.254-06:00  INFO 15036 --- [johnson-sistema] [http-nio-8081-exec-1] o.s.web.servlet.DispatcherServlet        : Completed initialization in 4 ms
2026-03-17T10:06:17.495-06:00  INFO 15036 --- [johnson-sistema] [MessageBroker-1] o.s.w.s.c.WebSocketMessageBrokerStats    : WebSocketSession[0 current WS(0)-HttpStream(0)-HttpPoll(0), 0 total, 0 closed abnormally (0 connect failure, 0 send limit, 0 transport error)], stompSubProtocol[processed CONNECT(0)-CONNECTED(0)-DISCONNECT(0)], stompBrokerRelay[null], inboundChannel[pool size = 0, active threads = 0, queued tasks = 0, completed tasks = 0], outboundChannel[pool size = 0, active threads = 0, queued tasks = 0, completed tasks = 0], sockJsScheduler[pool size = 3, active threads = 1, queued tasks = 2, completed tasks = 0]
2026-03-17T10:11:18.738-06:00  INFO 15036 --- [johnson-sistema] [SpringApplicationShutdownHook] o.s.b.w.e.tomcat.GracefulShutdown        : Commencing graceful shutdown. Waiting for active requests to complete
2026-03-17T10:11:20.195-06:00  INFO 15036 --- [johnson-sistema] [tomcat-shutdown] o.s.b.w.e.tomcat.GracefulShutdown        : Graceful shutdown complete
2026-03-17T10:11:20.201-06:00  INFO 15036 --- [johnson-sistema] [SpringApplicationShutdownHook] o.s.m.s.b.SimpleBrokerMessageHandler     : Stopping...
2026-03-17T10:11:20.203-06:00  INFO 15036 --- [johnson-sistema] [SpringApplicationShutdownHook] o.s.m.s.b.SimpleBrokerMessageHandler     : BrokerAvailabilityEvent[available=false, SimpleBrokerMessageHandler [org.springframework.messaging.simp.broker.DefaultSubscriptionRegistry@5d1516dc]]
2026-03-17T10:11:20.204-06:00  INFO 15036 --- [johnson-sistema] [SpringApplicationShutdownHook] o.s.m.s.b.SimpleBrokerMessageHandler     : Stopped.
2026-03-17T10:11:20.222-06:00  INFO 15036 --- [johnson-sistema] [SpringApplicationShutdownHook] j.LocalContainerEntityManagerFactoryBean : Closing JPA EntityManagerFactory for persistence unit 'default'
2026-03-17T10:11:20.234-06:00  INFO 15036 --- [johnson-sistema] [SpringApplicationShutdownHook] com.zaxxer.hikari.HikariDataSource       : HikariPool-1 - Shutdown initiated...
2026-03-17T10:11:20.246-06:00  INFO 15036 --- [johnson-sistema] [SpringApplicationShutdownHook] com.zaxxer.hikari.HikariDataSource       : HikariPool-1 - Shutdown completed.
2026-03-17T10:12:37.852-06:00  INFO 17280 --- [johnson-sistema] [restartedMain] c.j.practica.JohnsonSistemaApplication   : Starting JohnsonSistemaApplication using Java 17.0.12 with PID 17280 (C:\Users\User\OneDrive\Escritorio\Escuela\PRACTICAS\Sistema_Johnson\johnson-sistema\target\classes started by Franco in C:\Users\User\OneDrive\Escritorio\Escuela\PRACTICAS\Sistema_Johnson\johnson-sistema)
2026-03-17T10:12:37.858-06:00  INFO 17280 --- [johnson-sistema] [restartedMain] c.j.practica.JohnsonSistemaApplication   : No active profile set, falling back to 1 default profile: "default"
2026-03-17T10:12:38.031-06:00  INFO 17280 --- [johnson-sistema] [restartedMain] .e.DevToolsPropertyDefaultsPostProcessor : Devtools property defaults active! Set 'spring.devtools.add-properties' to 'false' to disable
2026-03-17T10:12:38.032-06:00  INFO 17280 --- [johnson-sistema] [restartedMain] .e.DevToolsPropertyDefaultsPostProcessor : For additional web related logging consider setting the 'logging.level.web' property to 'DEBUG'
2026-03-17T10:12:41.787-06:00  INFO 17280 --- [johnson-sistema] [restartedMain] .s.d.r.c.RepositoryConfigurationDelegate : Bootstrapping Spring Data JPA repositories in DEFAULT mode.
2026-03-17T10:12:42.035-06:00  INFO 17280 --- [johnson-sistema] [restartedMain] .s.d.r.c.RepositoryConfigurationDelegate : Finished Spring Data repository scanning in 218 ms. Found 10 JPA repository interfaces.
2026-03-17T10:12:45.192-06:00  INFO 17280 --- [johnson-sistema] [restartedMain] o.s.b.w.embedded.tomcat.TomcatWebServer  : Tomcat initialized with port 8081 (http)
2026-03-17T10:12:45.243-06:00  INFO 17280 --- [johnson-sistema] [restartedMain] o.apache.catalina.core.StandardService   : Starting service [Tomcat]
2026-03-17T10:12:45.245-06:00  INFO 17280 --- [johnson-sistema] [restartedMain] o.apache.catalina.core.StandardEngine    : Starting Servlet engine: [Apache Tomcat/10.1.50]
2026-03-17T10:12:45.379-06:00  INFO 17280 --- [johnson-sistema] [restartedMain] o.a.c.c.C.[Tomcat].[localhost].[/]       : Initializing Spring embedded WebApplicationContext
2026-03-17T10:12:45.383-06:00  INFO 17280 --- [johnson-sistema] [restartedMain] w.s.c.ServletWebServerApplicationContext : Root WebApplicationContext: initialization completed in 7346 ms
2026-03-17T10:12:46.397-06:00  INFO 17280 --- [johnson-sistema] [restartedMain] o.hibernate.jpa.internal.util.LogHelper  : HHH000204: Processing PersistenceUnitInfo [name: default]
2026-03-17T10:12:46.641-06:00  INFO 17280 --- [johnson-sistema] [restartedMain] org.hibernate.Version                    : HHH000412: Hibernate ORM core version 6.6.41.Final
2026-03-17T10:12:46.804-06:00  INFO 17280 --- [johnson-sistema] [restartedMain] o.h.c.internal.RegionFactoryInitiator    : HHH000026: Second-level cache disabled
2026-03-17T10:12:47.646-06:00  INFO 17280 --- [johnson-sistema] [restartedMain] o.s.o.j.p.SpringPersistenceUnitInfo      : No LoadTimeWeaver setup: ignoring JPA class transformer
2026-03-17T10:12:47.736-06:00  INFO 17280 --- [johnson-sistema] [restartedMain] com.zaxxer.hikari.HikariDataSource       : HikariPool-1 - Starting...
2026-03-17T10:12:48.176-06:00  INFO 17280 --- [johnson-sistema] [restartedMain] com.zaxxer.hikari.pool.HikariPool        : HikariPool-1 - Added connection org.postgresql.jdbc.PgConnection@1e53432d
2026-03-17T10:12:48.182-06:00  INFO 17280 --- [johnson-sistema] [restartedMain] com.zaxxer.hikari.HikariDataSource       : HikariPool-1 - Start completed.
2026-03-17T10:12:48.301-06:00  WARN 17280 --- [johnson-sistema] [restartedMain] org.hibernate.orm.deprecation            : HHH90000025: PostgreSQLDialect does not need to be specified explicitly using 'hibernate.dialect' (remove the property setting and it will be selected by default)
2026-03-17T10:12:48.375-06:00  INFO 17280 --- [johnson-sistema] [restartedMain] org.hibernate.orm.connections.pooling    : HHH10001005: Database info:
	Database JDBC URL [Connecting through datasource 'HikariDataSource (HikariPool-1)']
	Database driver: undefined/unknown
	Database version: 15.17
	Autocommit mode: undefined/unknown
	Isolation level: undefined/unknown
	Minimum pool size: undefined/unknown
	Maximum pool size: undefined/unknown
2026-03-17T10:12:53.160-06:00  INFO 17280 --- [johnson-sistema] [restartedMain] o.h.e.t.j.p.i.JtaPlatformInitiator       : HHH000489: No JTA platform available (set 'hibernate.transaction.jta.platform' to enable JTA platform integration)
2026-03-17T10:12:54.048-06:00  WARN 17280 --- [johnson-sistema] [restartedMain] o.h.engine.jdbc.spi.SqlExceptionHelper   : SQL Warning Code: 0, SQLState: 00000
2026-03-17T10:12:54.049-06:00  WARN 17280 --- [johnson-sistema] [restartedMain] o.h.engine.jdbc.spi.SqlExceptionHelper   : constraint "ukldv0v52e0udsh2h1rs0r0gw1n" of relation "roles" does not exist, skipping
2026-03-17T10:12:54.087-06:00  WARN 17280 --- [johnson-sistema] [restartedMain] o.h.engine.jdbc.spi.SqlExceptionHelper   : SQL Warning Code: 0, SQLState: 00000
2026-03-17T10:12:54.088-06:00  WARN 17280 --- [johnson-sistema] [restartedMain] o.h.engine.jdbc.spi.SqlExceptionHelper   : constraint "ukcdmw5hxlfj78uf4997i3qyyw5" of relation "usuarios" does not exist, skipping
2026-03-17T10:12:54.120-06:00  WARN 17280 --- [johnson-sistema] [restartedMain] o.h.engine.jdbc.spi.SqlExceptionHelper   : SQL Warning Code: 0, SQLState: 00000
2026-03-17T10:12:54.121-06:00  WARN 17280 --- [johnson-sistema] [restartedMain] o.h.engine.jdbc.spi.SqlExceptionHelper   : constraint "ukm2dvbwfge291euvmk6vkkocao" of relation "usuarios" does not exist, skipping
2026-03-17T10:12:54.356-06:00  INFO 17280 --- [johnson-sistema] [restartedMain] j.LocalContainerEntityManagerFactoryBean : Initialized JPA EntityManagerFactory for persistence unit 'default'
2026-03-17T10:12:55.028-06:00  INFO 17280 --- [johnson-sistema] [restartedMain] o.s.d.j.r.query.QueryEnhancerFactory     : Hibernate is in classpath; If applicable, HQL parser will be used.
2026-03-17T10:12:58.329-06:00  WARN 17280 --- [johnson-sistema] [restartedMain] JpaBaseConfiguration$JpaWebConfiguration : spring.jpa.open-in-view is enabled by default. Therefore, database queries may be performed during view rendering. Explicitly configure spring.jpa.open-in-view to disable this warning
2026-03-17T10:12:58.623-06:00  INFO 17280 --- [johnson-sistema] [restartedMain] o.s.b.a.w.s.WelcomePageHandlerMapping    : Adding welcome page template: index
2026-03-17T10:12:59.065-06:00  INFO 17280 --- [johnson-sistema] [restartedMain] r$InitializeUserDetailsManagerConfigurer : Global AuthenticationManager configured with UserDetailsService bean with name detallesUsuarioServicio
2026-03-17T10:13:00.064-06:00  INFO 17280 --- [johnson-sistema] [restartedMain] o.s.b.d.a.OptionalLiveReloadServer       : LiveReload server is running on port 35729
2026-03-17T10:13:00.104-06:00  INFO 17280 --- [johnson-sistema] [restartedMain] o.s.m.s.b.SimpleBrokerMessageHandler     : Starting...
2026-03-17T10:13:00.109-06:00  INFO 17280 --- [johnson-sistema] [restartedMain] o.s.m.s.b.SimpleBrokerMessageHandler     : BrokerAvailabilityEvent[available=true, SimpleBrokerMessageHandler [org.springframework.messaging.simp.broker.DefaultSubscriptionRegistry@1189d3a9]]
2026-03-17T10:13:00.113-06:00  INFO 17280 --- [johnson-sistema] [restartedMain] o.s.m.s.b.SimpleBrokerMessageHandler     : Started.
2026-03-17T10:13:00.208-06:00  INFO 17280 --- [johnson-sistema] [restartedMain] o.s.b.w.embedded.tomcat.TomcatWebServer  : Tomcat started on port 8081 (http) with context path '/'
2026-03-17T10:13:00.267-06:00  INFO 17280 --- [johnson-sistema] [restartedMain] c.j.practica.JohnsonSistemaApplication   : Started JohnsonSistemaApplication in 24.305 seconds (process running for 26.012)
2026-03-17T10:13:00.329-06:00  INFO 17280 --- [johnson-sistema] [restartedMain] c.johnson.practica.config.CargadorDatos  : Cargando datos iniciales...
2026-03-17T10:13:00.704-06:00  INFO 17280 --- [johnson-sistema] [restartedMain] c.johnson.practica.config.CargadorDatos  : Creando usuario 'admin'...
2026-03-17T10:13:00.960-06:00  INFO 17280 --- [johnson-sistema] [restartedMain] c.johnson.practica.config.CargadorDatos  : Usuario 'admin' creado y guardado. DEBE CAMBIAR CONTRASEÑA.
2026-03-17T10:13:00.990-06:00  INFO 17280 --- [johnson-sistema] [restartedMain] c.johnson.practica.config.CargadorDatos  : Creando usuario 'visitante'...
2026-03-17T10:13:01.176-06:00  INFO 17280 --- [johnson-sistema] [restartedMain] c.johnson.practica.config.CargadorDatos  : Usuario 'visitante' creado y guardado.
2026-03-17T10:13:14.676-06:00  INFO 17280 --- [johnson-sistema] [http-nio-8081-exec-1] o.a.c.c.C.[Tomcat].[localhost].[/]       : Initializing Spring DispatcherServlet 'dispatcherServlet'
2026-03-17T10:13:14.677-06:00  INFO 17280 --- [johnson-sistema] [http-nio-8081-exec-1] o.s.web.servlet.DispatcherServlet        : Initializing Servlet 'dispatcherServlet'
2026-03-17T10:13:14.688-06:00  INFO 17280 --- [johnson-sistema] [http-nio-8081-exec-1] o.s.web.servlet.DispatcherServlet        : Completed initialization in 4 ms
2026-03-17T10:14:00.210-06:00  INFO 17280 --- [johnson-sistema] [MessageBroker-1] o.s.w.s.c.WebSocketMessageBrokerStats    : WebSocketSession[0 current WS(0)-HttpStream(0)-HttpPoll(0), 0 total, 0 closed abnormally (0 connect failure, 0 send limit, 0 transport error)], stompSubProtocol[processed CONNECT(0)-CONNECTED(0)-DISCONNECT(0)], stompBrokerRelay[null], inboundChannel[pool size = 0, active threads = 0, queued tasks = 0, completed tasks = 0], outboundChannel[pool size = 0, active threads = 0, queued tasks = 0, completed tasks = 0], sockJsScheduler[pool size = 3, active threads = 1, queued tasks = 2, completed tasks = 0]
2026-03-17T11:11:51.614-06:00  WARN 17280 --- [johnson-sistema] [HikariPool-1:housekeeper] com.zaxxer.hikari.pool.HikariPool        : HikariPool-1 - Thread starvation or clock leap detected (housekeeper delta=45m33s158ms428µs100ns).
2026-03-17T11:17:30.811-06:00  INFO 17280 --- [johnson-sistema] [File Watcher] rtingClassPathChangeChangedEventListener : Restarting due to 84 class path changes (0 additions, 84 deletions, 0 modifications)
2026-03-17T11:17:32.153-06:00  INFO 17280 --- [johnson-sistema] [Thread-5] o.s.b.w.e.tomcat.GracefulShutdown        : Commencing graceful shutdown. Waiting for active requests to complete
2026-03-17T11:17:37.296-06:00  INFO 17280 --- [johnson-sistema] [tomcat-shutdown] o.s.b.w.e.tomcat.GracefulShutdown        : Graceful shutdown complete
2026-03-17T11:17:37.569-06:00  INFO 17280 --- [johnson-sistema] [Thread-5] o.s.m.s.b.SimpleBrokerMessageHandler     : Stopping...
2026-03-17T11:17:37.593-06:00  INFO 17280 --- [johnson-sistema] [Thread-5] o.s.m.s.b.SimpleBrokerMessageHandler     : BrokerAvailabilityEvent[available=false, SimpleBrokerMessageHandler [org.springframework.messaging.simp.broker.DefaultSubscriptionRegistry@1189d3a9]]
2026-03-17T11:17:37.597-06:00  INFO 17280 --- [johnson-sistema] [Thread-5] o.s.m.s.b.SimpleBrokerMessageHandler     : Stopped.
2026-03-17T11:17:37.918-06:00  INFO 17280 --- [johnson-sistema] [Thread-5] j.LocalContainerEntityManagerFactoryBean : Closing JPA EntityManagerFactory for persistence unit 'default'
2026-03-17T11:17:38.048-06:00  INFO 17280 --- [johnson-sistema] [Thread-5] com.zaxxer.hikari.HikariDataSource       : HikariPool-1 - Shutdown initiated...
2026-03-17T11:17:38.067-06:00  INFO 17280 --- [johnson-sistema] [Thread-5] com.zaxxer.hikari.HikariDataSource       : HikariPool-1 - Shutdown completed.
2026-03-17T11:17:39.191-06:00  INFO 17280 --- [johnson-sistema] [restartedMain] c.j.practica.JohnsonSistemaApplication   : Starting JohnsonSistemaApplication using Java 17.0.12 with PID 17280 (C:\Users\User\OneDrive\Escritorio\Escuela\PRACTICAS\Sistema_Johnson\johnson-sistema\target\classes started by Franco in C:\Users\User\OneDrive\Escritorio\Escuela\PRACTICAS\Sistema_Johnson\johnson-sistema)
2026-03-17T11:17:39.193-06:00  INFO 17280 --- [johnson-sistema] [restartedMain] c.j.practica.JohnsonSistemaApplication   : No active profile set, falling back to 1 default profile: "default"
2026-03-17T11:17:40.466-06:00  INFO 17280 --- [johnson-sistema] [restartedMain] .s.d.r.c.RepositoryConfigurationDelegate : Bootstrapping Spring Data JPA repositories in DEFAULT mode.
2026-03-17T11:17:40.796-06:00  INFO 17280 --- [johnson-sistema] [restartedMain] .s.d.r.c.RepositoryConfigurationDelegate : Finished Spring Data repository scanning in 303 ms. Found 10 JPA repository interfaces.
2026-03-17T11:17:41.530-06:00  INFO 17280 --- [johnson-sistema] [restartedMain] o.s.b.w.embedded.tomcat.TomcatWebServer  : Tomcat initialized with port 8081 (http)
2026-03-17T11:17:41.533-06:00  INFO 17280 --- [johnson-sistema] [restartedMain] o.apache.catalina.core.StandardService   : Starting service [Tomcat]
2026-03-17T11:17:41.535-06:00  INFO 17280 --- [johnson-sistema] [restartedMain] o.apache.catalina.core.StandardEngine    : Starting Servlet engine: [Apache Tomcat/10.1.50]
2026-03-17T11:17:41.598-06:00  INFO 17280 --- [johnson-sistema] [restartedMain] o.a.c.c.C.[Tomcat].[localhost].[/]       : Initializing Spring embedded WebApplicationContext
2026-03-17T11:17:41.599-06:00  INFO 17280 --- [johnson-sistema] [restartedMain] w.s.c.ServletWebServerApplicationContext : Root WebApplicationContext: initialization completed in 2403 ms
2026-03-17T11:17:41.807-06:00  INFO 17280 --- [johnson-sistema] [restartedMain] o.hibernate.jpa.internal.util.LogHelper  : HHH000204: Processing PersistenceUnitInfo [name: default]
2026-03-17T11:17:41.819-06:00  INFO 17280 --- [johnson-sistema] [restartedMain] o.h.c.internal.RegionFactoryInitiator    : HHH000026: Second-level cache disabled
2026-03-17T11:17:41.857-06:00  INFO 17280 --- [johnson-sistema] [restartedMain] o.s.o.j.p.SpringPersistenceUnitInfo      : No LoadTimeWeaver setup: ignoring JPA class transformer
2026-03-17T11:17:41.861-06:00  INFO 17280 --- [johnson-sistema] [restartedMain] com.zaxxer.hikari.HikariDataSource       : HikariPool-2 - Starting...
2026-03-17T11:17:41.979-06:00  INFO 17280 --- [johnson-sistema] [restartedMain] com.zaxxer.hikari.pool.HikariPool        : HikariPool-2 - Added connection org.postgresql.jdbc.PgConnection@141a32a4
2026-03-17T11:17:41.980-06:00  INFO 17280 --- [johnson-sistema] [restartedMain] com.zaxxer.hikari.HikariDataSource       : HikariPool-2 - Start completed.
2026-03-17T11:17:42.029-06:00  WARN 17280 --- [johnson-sistema] [restartedMain] org.hibernate.orm.deprecation            : HHH90000025: PostgreSQLDialect does not need to be specified explicitly using 'hibernate.dialect' (remove the property setting and it will be selected by default)
2026-03-17T11:17:42.039-06:00  INFO 17280 --- [johnson-sistema] [restartedMain] org.hibernate.orm.connections.pooling    : HHH10001005: Database info:
	Database JDBC URL [Connecting through datasource 'HikariDataSource (HikariPool-2)']
	Database driver: undefined/unknown
	Database version: 15.17
	Autocommit mode: undefined/unknown
	Isolation level: undefined/unknown
	Minimum pool size: undefined/unknown
	Maximum pool size: undefined/unknown
2026-03-17T11:17:42.516-06:00  INFO 17280 --- [johnson-sistema] [restartedMain] o.h.e.t.j.p.i.JtaPlatformInitiator       : HHH000489: No JTA platform available (set 'hibernate.transaction.jta.platform' to enable JTA platform integration)
2026-03-17T11:17:43.036-06:00  INFO 17280 --- [johnson-sistema] [restartedMain] j.LocalContainerEntityManagerFactoryBean : Initialized JPA EntityManagerFactory for persistence unit 'default'
2026-03-17T11:17:44.324-06:00  WARN 17280 --- [johnson-sistema] [restartedMain] JpaBaseConfiguration$JpaWebConfiguration : spring.jpa.open-in-view is enabled by default. Therefore, database queries may be performed during view rendering. Explicitly configure spring.jpa.open-in-view to disable this warning
2026-03-17T11:17:44.491-06:00  INFO 17280 --- [johnson-sistema] [restartedMain] o.s.b.a.w.s.WelcomePageHandlerMapping    : Adding welcome page template: index
2026-03-17T11:17:44.894-06:00  INFO 17280 --- [johnson-sistema] [restartedMain] r$InitializeUserDetailsManagerConfigurer : Global AuthenticationManager configured with UserDetailsService bean with name detallesUsuarioServicio
2026-03-17T11:17:46.093-06:00  INFO 17280 --- [johnson-sistema] [restartedMain] o.s.b.d.a.OptionalLiveReloadServer       : LiveReload server is running on port 35729
2026-03-17T11:17:46.216-06:00  INFO 17280 --- [johnson-sistema] [restartedMain] o.s.m.s.b.SimpleBrokerMessageHandler     : Starting...
2026-03-17T11:17:46.236-06:00  INFO 17280 --- [johnson-sistema] [restartedMain] o.s.m.s.b.SimpleBrokerMessageHandler     : BrokerAvailabilityEvent[available=true, SimpleBrokerMessageHandler [org.springframework.messaging.simp.broker.DefaultSubscriptionRegistry@70494d38]]
2026-03-17T11:17:46.256-06:00  INFO 17280 --- [johnson-sistema] [restartedMain] o.s.m.s.b.SimpleBrokerMessageHandler     : Started.
2026-03-17T11:17:46.310-06:00  INFO 17280 --- [johnson-sistema] [restartedMain] o.s.b.w.embedded.tomcat.TomcatWebServer  : Tomcat started on port 8081 (http) with context path '/'
2026-03-17T11:17:46.339-06:00  INFO 17280 --- [johnson-sistema] [restartedMain] c.j.practica.JohnsonSistemaApplication   : Started JohnsonSistemaApplication in 7.255 seconds (process running for 3912.097)
2026-03-17T11:17:46.353-06:00  INFO 17280 --- [johnson-sistema] [restartedMain] c.johnson.practica.config.CargadorDatos  : Cargando datos iniciales...
2026-03-17T11:17:47.877-06:00  INFO 17280 --- [johnson-sistema] [restartedMain] .ConditionEvaluationDeltaLoggingListener : Condition evaluation unchanged
2026-03-17T11:17:47.907-06:00  INFO 17280 --- [johnson-sistema] [File Watcher] rtingClassPathChangeChangedEventListener : Restarting due to 84 class path changes (84 additions, 0 deletions, 0 modifications)
2026-03-17T11:17:47.907-06:00  INFO 17280 --- [johnson-sistema] [Thread-7] o.s.b.w.e.tomcat.GracefulShutdown        : Commencing graceful shutdown. Waiting for active requests to complete
2026-03-17T11:17:49.194-06:00  INFO 17280 --- [johnson-sistema] [tomcat-shutdown] o.s.b.w.e.tomcat.GracefulShutdown        : Graceful shutdown complete
2026-03-17T11:17:49.197-06:00  INFO 17280 --- [johnson-sistema] [Thread-7] o.s.m.s.b.SimpleBrokerMessageHandler     : Stopping...
2026-03-17T11:17:49.197-06:00  INFO 17280 --- [johnson-sistema] [Thread-7] o.s.m.s.b.SimpleBrokerMessageHandler     : BrokerAvailabilityEvent[available=false, SimpleBrokerMessageHandler [org.springframework.messaging.simp.broker.DefaultSubscriptionRegistry@70494d38]]
2026-03-17T11:17:49.197-06:00  INFO 17280 --- [johnson-sistema] [Thread-7] o.s.m.s.b.SimpleBrokerMessageHandler     : Stopped.
2026-03-17T11:17:49.203-06:00  INFO 17280 --- [johnson-sistema] [Thread-7] j.LocalContainerEntityManagerFactoryBean : Closing JPA EntityManagerFactory for persistence unit 'default'
2026-03-17T11:17:49.205-06:00  INFO 17280 --- [johnson-sistema] [Thread-7] com.zaxxer.hikari.HikariDataSource       : HikariPool-2 - Shutdown initiated...
2026-03-17T11:17:49.209-06:00  INFO 17280 --- [johnson-sistema] [Thread-7] com.zaxxer.hikari.HikariDataSource       : HikariPool-2 - Shutdown completed.
2026-03-17T11:17:49.447-06:00  INFO 17280 --- [johnson-sistema] [restartedMain] c.j.practica.JohnsonSistemaApplication   : Starting JohnsonSistemaApplication using Java 17.0.12 with PID 17280 (C:\Users\User\OneDrive\Escritorio\Escuela\PRACTICAS\Sistema_Johnson\johnson-sistema\target\classes started by Franco in C:\Users\User\OneDrive\Escritorio\Escuela\PRACTICAS\Sistema_Johnson\johnson-sistema)
2026-03-17T11:17:49.448-06:00  INFO 17280 --- [johnson-sistema] [restartedMain] c.j.practica.JohnsonSistemaApplication   : No active profile set, falling back to 1 default profile: "default"
2026-03-17T11:17:50.043-06:00  INFO 17280 --- [johnson-sistema] [restartedMain] .s.d.r.c.RepositoryConfigurationDelegate : Bootstrapping Spring Data JPA repositories in DEFAULT mode.
2026-03-17T11:17:50.119-06:00  INFO 17280 --- [johnson-sistema] [restartedMain] .s.d.r.c.RepositoryConfigurationDelegate : Finished Spring Data repository scanning in 72 ms. Found 10 JPA repository interfaces.
2026-03-17T11:17:50.600-06:00  INFO 17280 --- [johnson-sistema] [restartedMain] o.s.b.w.embedded.tomcat.TomcatWebServer  : Tomcat initialized with port 8081 (http)
2026-03-17T11:17:50.604-06:00  INFO 17280 --- [johnson-sistema] [restartedMain] o.apache.catalina.core.StandardService   : Starting service [Tomcat]
2026-03-17T11:17:50.605-06:00  INFO 17280 --- [johnson-sistema] [restartedMain] o.apache.catalina.core.StandardEngine    : Starting Servlet engine: [Apache Tomcat/10.1.50]
2026-03-17T11:17:50.663-06:00  INFO 17280 --- [johnson-sistema] [restartedMain] o.a.c.c.C.[Tomcat].[localhost].[/]       : Initializing Spring embedded WebApplicationContext
2026-03-17T11:17:50.665-06:00  INFO 17280 --- [johnson-sistema] [restartedMain] w.s.c.ServletWebServerApplicationContext : Root WebApplicationContext: initialization completed in 1214 ms
2026-03-17T11:17:50.945-06:00  INFO 17280 --- [johnson-sistema] [restartedMain] o.hibernate.jpa.internal.util.LogHelper  : HHH000204: Processing PersistenceUnitInfo [name: default]
2026-03-17T11:17:50.960-06:00  INFO 17280 --- [johnson-sistema] [restartedMain] o.h.c.internal.RegionFactoryInitiator    : HHH000026: Second-level cache disabled
2026-03-17T11:17:50.982-06:00  INFO 17280 --- [johnson-sistema] [restartedMain] o.s.o.j.p.SpringPersistenceUnitInfo      : No LoadTimeWeaver setup: ignoring JPA class transformer
2026-03-17T11:17:50.982-06:00  INFO 17280 --- [johnson-sistema] [restartedMain] com.zaxxer.hikari.HikariDataSource       : HikariPool-3 - Starting...
2026-03-17T11:17:51.121-06:00  INFO 17280 --- [johnson-sistema] [restartedMain] com.zaxxer.hikari.pool.HikariPool        : HikariPool-3 - Added connection org.postgresql.jdbc.PgConnection@5b756a44
2026-03-17T11:17:51.123-06:00  INFO 17280 --- [johnson-sistema] [restartedMain] com.zaxxer.hikari.HikariDataSource       : HikariPool-3 - Start completed.
2026-03-17T11:17:51.135-06:00  WARN 17280 --- [johnson-sistema] [restartedMain] org.hibernate.orm.deprecation            : HHH90000025: PostgreSQLDialect does not need to be specified explicitly using 'hibernate.dialect' (remove the property setting and it will be selected by default)
2026-03-17T11:17:51.139-06:00  INFO 17280 --- [johnson-sistema] [restartedMain] org.hibernate.orm.connections.pooling    : HHH10001005: Database info:
	Database JDBC URL [Connecting through datasource 'HikariDataSource (HikariPool-3)']
	Database driver: undefined/unknown
	Database version: 15.17
	Autocommit mode: undefined/unknown
	Isolation level: undefined/unknown
	Minimum pool size: undefined/unknown
	Maximum pool size: undefined/unknown
2026-03-17T11:17:51.431-06:00  INFO 17280 --- [johnson-sistema] [restartedMain] o.h.e.t.j.p.i.JtaPlatformInitiator       : HHH000489: No JTA platform available (set 'hibernate.transaction.jta.platform' to enable JTA platform integration)
2026-03-17T11:17:51.873-06:00  INFO 17280 --- [johnson-sistema] [restartedMain] j.LocalContainerEntityManagerFactoryBean : Initialized JPA EntityManagerFactory for persistence unit 'default'
2026-03-17T11:17:52.834-06:00  WARN 17280 --- [johnson-sistema] [restartedMain] JpaBaseConfiguration$JpaWebConfiguration : spring.jpa.open-in-view is enabled by default. Therefore, database queries may be performed during view rendering. Explicitly configure spring.jpa.open-in-view to disable this warning
2026-03-17T11:17:52.901-06:00  INFO 17280 --- [johnson-sistema] [restartedMain] o.s.b.a.w.s.WelcomePageHandlerMapping    : Adding welcome page template: index
2026-03-17T11:17:53.018-06:00  INFO 17280 --- [johnson-sistema] [restartedMain] r$InitializeUserDetailsManagerConfigurer : Global AuthenticationManager configured with UserDetailsService bean with name detallesUsuarioServicio
2026-03-17T11:17:53.890-06:00  INFO 17280 --- [johnson-sistema] [restartedMain] o.s.b.d.a.OptionalLiveReloadServer       : LiveReload server is running on port 35729
2026-03-17T11:17:54.039-06:00  INFO 17280 --- [johnson-sistema] [restartedMain] o.s.m.s.b.SimpleBrokerMessageHandler     : Starting...
2026-03-17T11:17:54.064-06:00  INFO 17280 --- [johnson-sistema] [restartedMain] o.s.m.s.b.SimpleBrokerMessageHandler     : BrokerAvailabilityEvent[available=true, SimpleBrokerMessageHandler [org.springframework.messaging.simp.broker.DefaultSubscriptionRegistry@37401179]]
2026-03-17T11:17:54.090-06:00  INFO 17280 --- [johnson-sistema] [restartedMain] o.s.m.s.b.SimpleBrokerMessageHandler     : Started.
2026-03-17T11:17:54.155-06:00  INFO 17280 --- [johnson-sistema] [restartedMain] o.s.b.w.embedded.tomcat.TomcatWebServer  : Tomcat started on port 8081 (http) with context path '/'
2026-03-17T11:17:54.243-06:00  INFO 17280 --- [johnson-sistema] [restartedMain] c.j.practica.JohnsonSistemaApplication   : Started JohnsonSistemaApplication in 4.884 seconds (process running for 3920.001)
2026-03-17T11:17:54.305-06:00  INFO 17280 --- [johnson-sistema] [restartedMain] c.johnson.practica.config.CargadorDatos  : Cargando datos iniciales...
2026-03-17T11:17:54.915-06:00  INFO 17280 --- [johnson-sistema] [restartedMain] .ConditionEvaluationDeltaLoggingListener : Condition evaluation unchanged
2026-03-17T11:18:00.859-06:00  INFO 17280 --- [johnson-sistema] [File Watcher] rtingClassPathChangeChangedEventListener : Restarting due to 1 class path change (1 addition, 0 deletions, 0 modifications)
2026-03-17T11:18:00.870-06:00  INFO 17280 --- [johnson-sistema] [Thread-11] o.s.b.w.e.tomcat.GracefulShutdown        : Commencing graceful shutdown. Waiting for active requests to complete
2026-03-17T11:18:02.119-06:00  INFO 17280 --- [johnson-sistema] [tomcat-shutdown] o.s.b.w.e.tomcat.GracefulShutdown        : Graceful shutdown complete
2026-03-17T11:18:02.121-06:00  INFO 17280 --- [johnson-sistema] [Thread-11] o.s.m.s.b.SimpleBrokerMessageHandler     : Stopping...
2026-03-17T11:18:02.123-06:00  INFO 17280 --- [johnson-sistema] [Thread-11] o.s.m.s.b.SimpleBrokerMessageHandler     : BrokerAvailabilityEvent[available=false, SimpleBrokerMessageHandler [org.springframework.messaging.simp.broker.DefaultSubscriptionRegistry@37401179]]
2026-03-17T11:18:02.123-06:00  INFO 17280 --- [johnson-sistema] [Thread-11] o.s.m.s.b.SimpleBrokerMessageHandler     : Stopped.
2026-03-17T11:18:02.126-06:00  INFO 17280 --- [johnson-sistema] [Thread-11] j.LocalContainerEntityManagerFactoryBean : Closing JPA EntityManagerFactory for persistence unit 'default'
2026-03-17T11:18:02.128-06:00  INFO 17280 --- [johnson-sistema] [Thread-11] com.zaxxer.hikari.HikariDataSource       : HikariPool-3 - Shutdown initiated...
2026-03-17T11:18:02.133-06:00  INFO 17280 --- [johnson-sistema] [Thread-11] com.zaxxer.hikari.HikariDataSource       : HikariPool-3 - Shutdown completed.
2026-03-17T11:18:02.360-06:00  INFO 17280 --- [johnson-sistema] [restartedMain] c.j.practica.JohnsonSistemaApplication   : Starting JohnsonSistemaApplication using Java 17.0.12 with PID 17280 (C:\Users\User\OneDrive\Escritorio\Escuela\PRACTICAS\Sistema_Johnson\johnson-sistema\target\classes started by Franco in C:\Users\User\OneDrive\Escritorio\Escuela\PRACTICAS\Sistema_Johnson\johnson-sistema)
2026-03-17T11:18:02.360-06:00  INFO 17280 --- [johnson-sistema] [restartedMain] c.j.practica.JohnsonSistemaApplication   : No active profile set, falling back to 1 default profile: "default"
2026-03-17T11:18:03.986-06:00  INFO 17280 --- [johnson-sistema] [restartedMain] .s.d.r.c.RepositoryConfigurationDelegate : Bootstrapping Spring Data JPA repositories in DEFAULT mode.
2026-03-17T11:18:04.090-06:00  INFO 17280 --- [johnson-sistema] [restartedMain] .s.d.r.c.RepositoryConfigurationDelegate : Finished Spring Data repository scanning in 104 ms. Found 10 JPA repository interfaces.
2026-03-17T11:18:04.542-06:00  INFO 17280 --- [johnson-sistema] [restartedMain] o.s.b.w.embedded.tomcat.TomcatWebServer  : Tomcat initialized with port 8081 (http)
2026-03-17T11:18:04.543-06:00  INFO 17280 --- [johnson-sistema] [restartedMain] o.apache.catalina.core.StandardService   : Starting service [Tomcat]
2026-03-17T11:18:04.543-06:00  INFO 17280 --- [johnson-sistema] [restartedMain] o.apache.catalina.core.StandardEngine    : Starting Servlet engine: [Apache Tomcat/10.1.50]
2026-03-17T11:18:04.571-06:00  INFO 17280 --- [johnson-sistema] [restartedMain] o.a.c.c.C.[Tomcat].[localhost].[/]       : Initializing Spring embedded WebApplicationContext
2026-03-17T11:18:04.571-06:00  INFO 17280 --- [johnson-sistema] [restartedMain] w.s.c.ServletWebServerApplicationContext : Root WebApplicationContext: initialization completed in 2201 ms
2026-03-17T11:18:04.738-06:00  INFO 17280 --- [johnson-sistema] [restartedMain] o.hibernate.jpa.internal.util.LogHelper  : HHH000204: Processing PersistenceUnitInfo [name: default]
2026-03-17T11:18:04.754-06:00  INFO 17280 --- [johnson-sistema] [restartedMain] o.h.c.internal.RegionFactoryInitiator    : HHH000026: Second-level cache disabled
2026-03-17T11:18:04.777-06:00  INFO 17280 --- [johnson-sistema] [restartedMain] o.s.o.j.p.SpringPersistenceUnitInfo      : No LoadTimeWeaver setup: ignoring JPA class transformer
2026-03-17T11:18:04.777-06:00  INFO 17280 --- [johnson-sistema] [restartedMain] com.zaxxer.hikari.HikariDataSource       : HikariPool-4 - Starting...
2026-03-17T11:18:04.880-06:00  INFO 17280 --- [johnson-sistema] [restartedMain] com.zaxxer.hikari.pool.HikariPool        : HikariPool-4 - Added connection org.postgresql.jdbc.PgConnection@28c0c480
2026-03-17T11:18:04.881-06:00  INFO 17280 --- [johnson-sistema] [restartedMain] com.zaxxer.hikari.HikariDataSource       : HikariPool-4 - Start completed.
2026-03-17T11:18:04.891-06:00  WARN 17280 --- [johnson-sistema] [restartedMain] org.hibernate.orm.deprecation            : HHH90000025: PostgreSQLDialect does not need to be specified explicitly using 'hibernate.dialect' (remove the property setting and it will be selected by default)
2026-03-17T11:18:04.902-06:00  INFO 17280 --- [johnson-sistema] [restartedMain] org.hibernate.orm.connections.pooling    : HHH10001005: Database info:
	Database JDBC URL [Connecting through datasource 'HikariDataSource (HikariPool-4)']
	Database driver: undefined/unknown
	Database version: 15.17
	Autocommit mode: undefined/unknown
	Isolation level: undefined/unknown
	Minimum pool size: undefined/unknown
	Maximum pool size: undefined/unknown
2026-03-17T11:18:05.465-06:00  INFO 17280 --- [johnson-sistema] [restartedMain] o.h.e.t.j.p.i.JtaPlatformInitiator       : HHH000489: No JTA platform available (set 'hibernate.transaction.jta.platform' to enable JTA platform integration)
2026-03-17T11:18:07.251-06:00  INFO 17280 --- [johnson-sistema] [restartedMain] j.LocalContainerEntityManagerFactoryBean : Initialized JPA EntityManagerFactory for persistence unit 'default'
2026-03-17T11:18:08.881-06:00  WARN 17280 --- [johnson-sistema] [restartedMain] JpaBaseConfiguration$JpaWebConfiguration : spring.jpa.open-in-view is enabled by default. Therefore, database queries may be performed during view rendering. Explicitly configure spring.jpa.open-in-view to disable this warning
2026-03-17T11:18:08.984-06:00  INFO 17280 --- [johnson-sistema] [restartedMain] o.s.b.a.w.s.WelcomePageHandlerMapping    : Adding welcome page template: index
2026-03-17T11:18:09.077-06:00  INFO 17280 --- [johnson-sistema] [restartedMain] r$InitializeUserDetailsManagerConfigurer : Global AuthenticationManager configured with UserDetailsService bean with name detallesUsuarioServicio
2026-03-17T11:18:09.330-06:00  INFO 17280 --- [johnson-sistema] [restartedMain] o.s.b.d.a.OptionalLiveReloadServer       : LiveReload server is running on port 35729
2026-03-17T11:18:09.347-06:00  INFO 17280 --- [johnson-sistema] [restartedMain] o.s.m.s.b.SimpleBrokerMessageHandler     : Starting...
2026-03-17T11:18:09.362-06:00  INFO 17280 --- [johnson-sistema] [restartedMain] o.s.m.s.b.SimpleBrokerMessageHandler     : BrokerAvailabilityEvent[available=true, SimpleBrokerMessageHandler [org.springframework.messaging.simp.broker.DefaultSubscriptionRegistry@79382874]]
2026-03-17T11:18:09.362-06:00  INFO 17280 --- [johnson-sistema] [restartedMain] o.s.m.s.b.SimpleBrokerMessageHandler     : Started.
2026-03-17T11:18:09.364-06:00  INFO 17280 --- [johnson-sistema] [restartedMain] o.s.b.w.embedded.tomcat.TomcatWebServer  : Tomcat started on port 8081 (http) with context path '/'
2026-03-17T11:18:09.381-06:00  INFO 17280 --- [johnson-sistema] [restartedMain] c.j.practica.JohnsonSistemaApplication   : Started JohnsonSistemaApplication in 7.112 seconds (process running for 3935.14)
2026-03-17T11:18:09.388-06:00  INFO 17280 --- [johnson-sistema] [restartedMain] c.johnson.practica.config.CargadorDatos  : Cargando datos iniciales...
2026-03-17T11:18:09.780-06:00  INFO 17280 --- [johnson-sistema] [restartedMain] .ConditionEvaluationDeltaLoggingListener : Condition evaluation unchanged
2026-03-17T11:18:10.807-06:00  INFO 17280 --- [johnson-sistema] [File Watcher] rtingClassPathChangeChangedEventListener : Restarting due to 1 class path change (0 additions, 0 deletions, 1 modification)
2026-03-17T11:18:10.811-06:00  INFO 17280 --- [johnson-sistema] [Thread-15] o.s.b.w.e.tomcat.GracefulShutdown        : Commencing graceful shutdown. Waiting for active requests to complete
2026-03-17T11:18:11.736-06:00  INFO 17280 --- [johnson-sistema] [tomcat-shutdown] o.s.b.w.e.tomcat.GracefulShutdown        : Graceful shutdown complete
2026-03-17T11:18:11.738-06:00  INFO 17280 --- [johnson-sistema] [Thread-15] o.s.m.s.b.SimpleBrokerMessageHandler     : Stopping...
2026-03-17T11:18:11.739-06:00  INFO 17280 --- [johnson-sistema] [Thread-15] o.s.m.s.b.SimpleBrokerMessageHandler     : BrokerAvailabilityEvent[available=false, SimpleBrokerMessageHandler [org.springframework.messaging.simp.broker.DefaultSubscriptionRegistry@79382874]]
2026-03-17T11:18:11.740-06:00  INFO 17280 --- [johnson-sistema] [Thread-15] o.s.m.s.b.SimpleBrokerMessageHandler     : Stopped.
2026-03-17T11:18:11.745-06:00  INFO 17280 --- [johnson-sistema] [Thread-15] j.LocalContainerEntityManagerFactoryBean : Closing JPA EntityManagerFactory for persistence unit 'default'
2026-03-17T11:18:11.746-06:00  INFO 17280 --- [johnson-sistema] [Thread-15] com.zaxxer.hikari.HikariDataSource       : HikariPool-4 - Shutdown initiated...
2026-03-17T11:18:11.750-06:00  INFO 17280 --- [johnson-sistema] [Thread-15] com.zaxxer.hikari.HikariDataSource       : HikariPool-4 - Shutdown completed.
2026-03-17T11:18:11.951-06:00  INFO 17280 --- [johnson-sistema] [restartedMain] c.j.practica.JohnsonSistemaApplication   : Starting JohnsonSistemaApplication using Java 17.0.12 with PID 17280 (C:\Users\User\OneDrive\Escritorio\Escuela\PRACTICAS\Sistema_Johnson\johnson-sistema\target\classes started by Franco in C:\Users\User\OneDrive\Escritorio\Escuela\PRACTICAS\Sistema_Johnson\johnson-sistema)
2026-03-17T11:18:11.953-06:00  INFO 17280 --- [johnson-sistema] [restartedMain] c.j.practica.JohnsonSistemaApplication   : No active profile set, falling back to 1 default profile: "default"
2026-03-17T11:18:12.414-06:00  INFO 17280 --- [johnson-sistema] [restartedMain] .s.d.r.c.RepositoryConfigurationDelegate : Bootstrapping Spring Data JPA repositories in DEFAULT mode.
2026-03-17T11:18:12.460-06:00  INFO 17280 --- [johnson-sistema] [restartedMain] .s.d.r.c.RepositoryConfigurationDelegate : Finished Spring Data repository scanning in 43 ms. Found 10 JPA repository interfaces.
2026-03-17T11:18:12.670-06:00  INFO 17280 --- [johnson-sistema] [restartedMain] o.s.b.w.embedded.tomcat.TomcatWebServer  : Tomcat initialized with port 8081 (http)
2026-03-17T11:18:12.670-06:00  INFO 17280 --- [johnson-sistema] [restartedMain] o.apache.catalina.core.StandardService   : Starting service [Tomcat]
2026-03-17T11:18:12.670-06:00  INFO 17280 --- [johnson-sistema] [restartedMain] o.apache.catalina.core.StandardEngine    : Starting Servlet engine: [Apache Tomcat/10.1.50]
2026-03-17T11:18:12.717-06:00  INFO 17280 --- [johnson-sistema] [restartedMain] o.a.c.c.C.[Tomcat].[localhost].[/]       : Initializing Spring embedded WebApplicationContext
2026-03-17T11:18:12.717-06:00  INFO 17280 --- [johnson-sistema] [restartedMain] w.s.c.ServletWebServerApplicationContext : Root WebApplicationContext: initialization completed in 756 ms
2026-03-17T11:18:12.886-06:00  INFO 17280 --- [johnson-sistema] [restartedMain] o.hibernate.jpa.internal.util.LogHelper  : HHH000204: Processing PersistenceUnitInfo [name: default]
2026-03-17T11:18:12.902-06:00  INFO 17280 --- [johnson-sistema] [restartedMain] o.h.c.internal.RegionFactoryInitiator    : HHH000026: Second-level cache disabled
2026-03-17T11:18:12.902-06:00  INFO 17280 --- [johnson-sistema] [restartedMain] o.s.o.j.p.SpringPersistenceUnitInfo      : No LoadTimeWeaver setup: ignoring JPA class transformer
2026-03-17T11:18:12.902-06:00  INFO 17280 --- [johnson-sistema] [restartedMain] com.zaxxer.hikari.HikariDataSource       : HikariPool-5 - Starting...
2026-03-17T11:18:12.976-06:00  INFO 17280 --- [johnson-sistema] [restartedMain] com.zaxxer.hikari.pool.HikariPool        : HikariPool-5 - Added connection org.postgresql.jdbc.PgConnection@5254310e
2026-03-17T11:18:12.977-06:00  INFO 17280 --- [johnson-sistema] [restartedMain] com.zaxxer.hikari.HikariDataSource       : HikariPool-5 - Start completed.
2026-03-17T11:18:12.982-06:00  WARN 17280 --- [johnson-sistema] [restartedMain] org.hibernate.orm.deprecation            : HHH90000025: PostgreSQLDialect does not need to be specified explicitly using 'hibernate.dialect' (remove the property setting and it will be selected by default)
2026-03-17T11:18:12.986-06:00  INFO 17280 --- [johnson-sistema] [restartedMain] org.hibernate.orm.connections.pooling    : HHH10001005: Database info:
	Database JDBC URL [Connecting through datasource 'HikariDataSource (HikariPool-5)']
	Database driver: undefined/unknown
	Database version: 15.17
	Autocommit mode: undefined/unknown
	Isolation level: undefined/unknown
	Minimum pool size: undefined/unknown
	Maximum pool size: undefined/unknown
2026-03-17T11:18:13.156-06:00  INFO 17280 --- [johnson-sistema] [restartedMain] o.h.e.t.j.p.i.JtaPlatformInitiator       : HHH000489: No JTA platform available (set 'hibernate.transaction.jta.platform' to enable JTA platform integration)
2026-03-17T11:18:13.444-06:00  INFO 17280 --- [johnson-sistema] [restartedMain] j.LocalContainerEntityManagerFactoryBean : Initialized JPA EntityManagerFactory for persistence unit 'default'
2026-03-17T11:18:14.212-06:00  WARN 17280 --- [johnson-sistema] [restartedMain] JpaBaseConfiguration$JpaWebConfiguration : spring.jpa.open-in-view is enabled by default. Therefore, database queries may be performed during view rendering. Explicitly configure spring.jpa.open-in-view to disable this warning
2026-03-17T11:18:14.272-06:00  INFO 17280 --- [johnson-sistema] [restartedMain] o.s.b.a.w.s.WelcomePageHandlerMapping    : Adding welcome page template: index
2026-03-17T11:18:14.475-06:00  INFO 17280 --- [johnson-sistema] [restartedMain] r$InitializeUserDetailsManagerConfigurer : Global AuthenticationManager configured with UserDetailsService bean with name detallesUsuarioServicio
2026-03-17T11:18:14.714-06:00  INFO 17280 --- [johnson-sistema] [restartedMain] o.s.b.d.a.OptionalLiveReloadServer       : LiveReload server is running on port 35729
2026-03-17T11:18:14.720-06:00  INFO 17280 --- [johnson-sistema] [restartedMain] o.s.m.s.b.SimpleBrokerMessageHandler     : Starting...
2026-03-17T11:18:14.720-06:00  INFO 17280 --- [johnson-sistema] [restartedMain] o.s.m.s.b.SimpleBrokerMessageHandler     : BrokerAvailabilityEvent[available=true, SimpleBrokerMessageHandler [org.springframework.messaging.simp.broker.DefaultSubscriptionRegistry@5080ab49]]
2026-03-17T11:18:14.720-06:00  INFO 17280 --- [johnson-sistema] [restartedMain] o.s.m.s.b.SimpleBrokerMessageHandler     : Started.
2026-03-17T11:18:14.720-06:00  INFO 17280 --- [johnson-sistema] [restartedMain] o.s.b.w.embedded.tomcat.TomcatWebServer  : Tomcat started on port 8081 (http) with context path '/'
2026-03-17T11:18:14.736-06:00  INFO 17280 --- [johnson-sistema] [restartedMain] c.j.practica.JohnsonSistemaApplication   : Started JohnsonSistemaApplication in 2.844 seconds (process running for 3940.496)
2026-03-17T11:18:15.070-06:00  INFO 17280 --- [johnson-sistema] [restartedMain] c.johnson.practica.config.CargadorDatos  : Cargando datos iniciales...
2026-03-17T11:18:15.100-06:00  INFO 17280 --- [johnson-sistema] [restartedMain] .ConditionEvaluationDeltaLoggingListener : Condition evaluation unchanged
2026-03-17T11:18:26.292-06:00  INFO 17280 --- [johnson-sistema] [SpringApplicationShutdownHook] o.s.b.w.e.tomcat.GracefulShutdown        : Commencing graceful shutdown. Waiting for active requests to complete
2026-03-17T11:18:27.194-06:00  INFO 17280 --- [johnson-sistema] [tomcat-shutdown] o.s.b.w.e.tomcat.GracefulShutdown        : Graceful shutdown complete
2026-03-17T11:18:27.194-06:00  INFO 17280 --- [johnson-sistema] [SpringApplicationShutdownHook] o.s.m.s.b.SimpleBrokerMessageHandler     : Stopping...
2026-03-17T11:18:27.194-06:00  INFO 17280 --- [johnson-sistema] [SpringApplicationShutdownHook] o.s.m.s.b.SimpleBrokerMessageHandler     : BrokerAvailabilityEvent[available=false, SimpleBrokerMessageHandler [org.springframework.messaging.simp.broker.DefaultSubscriptionRegistry@5080ab49]]
2026-03-17T11:18:27.194-06:00  INFO 17280 --- [johnson-sistema] [SpringApplicationShutdownHook] o.s.m.s.b.SimpleBrokerMessageHandler     : Stopped.
2026-03-17T11:18:27.194-06:00  INFO 17280 --- [johnson-sistema] [SpringApplicationShutdownHook] j.LocalContainerEntityManagerFactoryBean : Closing JPA EntityManagerFactory for persistence unit 'default'
2026-03-17T11:18:27.194-06:00  INFO 17280 --- [johnson-sistema] [SpringApplicationShutdownHook] com.zaxxer.hikari.HikariDataSource       : HikariPool-5 - Shutdown initiated...
2026-03-17T11:18:27.208-06:00  INFO 17280 --- [johnson-sistema] [SpringApplicationShutdownHook] com.zaxxer.hikari.HikariDataSource       : HikariPool-5 - Shutdown completed.
2026-03-17T11:19:43.724-06:00  INFO 23528 --- [johnson-sistema] [restartedMain] c.j.practica.JohnsonSistemaApplication   : Starting JohnsonSistemaApplication using Java 17.0.12 with PID 23528 (C:\Users\User\OneDrive\Escritorio\Escuela\PRACTICAS\Sistema_Johnson\johnson-sistema\target\classes started by Franco in C:\Users\User\OneDrive\Escritorio\Escuela\PRACTICAS\Sistema_Johnson\johnson-sistema)
2026-03-17T11:19:43.724-06:00  INFO 23528 --- [johnson-sistema] [restartedMain] c.j.practica.JohnsonSistemaApplication   : No active profile set, falling back to 1 default profile: "default"
2026-03-17T11:19:43.819-06:00  INFO 23528 --- [johnson-sistema] [restartedMain] .e.DevToolsPropertyDefaultsPostProcessor : Devtools property defaults active! Set 'spring.devtools.add-properties' to 'false' to disable
2026-03-17T11:19:43.819-06:00  INFO 23528 --- [johnson-sistema] [restartedMain] .e.DevToolsPropertyDefaultsPostProcessor : For additional web related logging consider setting the 'logging.level.web' property to 'DEBUG'
2026-03-17T11:19:45.567-06:00  INFO 23528 --- [johnson-sistema] [restartedMain] .s.d.r.c.RepositoryConfigurationDelegate : Bootstrapping Spring Data JPA repositories in DEFAULT mode.
2026-03-17T11:19:45.743-06:00  INFO 23528 --- [johnson-sistema] [restartedMain] .s.d.r.c.RepositoryConfigurationDelegate : Finished Spring Data repository scanning in 158 ms. Found 10 JPA repository interfaces.
2026-03-17T11:19:47.282-06:00  INFO 23528 --- [johnson-sistema] [restartedMain] o.s.b.w.embedded.tomcat.TomcatWebServer  : Tomcat initialized with port 8081 (http)
2026-03-17T11:19:47.331-06:00  INFO 23528 --- [johnson-sistema] [restartedMain] o.apache.catalina.core.StandardService   : Starting service [Tomcat]
2026-03-17T11:19:47.331-06:00  INFO 23528 --- [johnson-sistema] [restartedMain] o.apache.catalina.core.StandardEngine    : Starting Servlet engine: [Apache Tomcat/10.1.50]
2026-03-17T11:19:47.445-06:00  INFO 23528 --- [johnson-sistema] [restartedMain] o.a.c.c.C.[Tomcat].[localhost].[/]       : Initializing Spring embedded WebApplicationContext
2026-03-17T11:19:47.445-06:00  INFO 23528 --- [johnson-sistema] [restartedMain] w.s.c.ServletWebServerApplicationContext : Root WebApplicationContext: initialization completed in 3626 ms
2026-03-17T11:19:47.710-06:00  INFO 23528 --- [johnson-sistema] [restartedMain] com.zaxxer.hikari.HikariDataSource       : HikariPool-1 - Starting...
2026-03-17T11:19:48.059-06:00  INFO 23528 --- [johnson-sistema] [restartedMain] com.zaxxer.hikari.pool.HikariPool        : HikariPool-1 - Added connection org.postgresql.jdbc.PgConnection@2ac820c5
2026-03-17T11:19:48.059-06:00  INFO 23528 --- [johnson-sistema] [restartedMain] com.zaxxer.hikari.HikariDataSource       : HikariPool-1 - Start completed.
2026-03-17T11:19:48.438-06:00  INFO 23528 --- [johnson-sistema] [restartedMain] liquibase.database                       : Set default schema name to public
2026-03-17T11:19:48.786-06:00  INFO 23528 --- [johnson-sistema] [restartedMain] liquibase.command                        : Logging exception.
2026-03-17T11:19:48.786-06:00  INFO 23528 --- [johnson-sistema] [restartedMain] liquibase.ui                             : ERROR: Exception Details
2026-03-17T11:19:48.802-06:00  INFO 23528 --- [johnson-sistema] [restartedMain] liquibase.ui                             : ERROR: Exception Primary Class:  ChangeLogParseException
2026-03-17T11:19:48.802-06:00  INFO 23528 --- [johnson-sistema] [restartedMain] liquibase.ui                             : ERROR: Exception Primary Reason:  classpath:/db/changelog/db.changelog-master.yaml does not exist
2026-03-17T11:19:48.802-06:00  INFO 23528 --- [johnson-sistema] [restartedMain] liquibase.ui                             : ERROR: Exception Primary Source:  4.31.1
2026-03-17T11:19:48.802-06:00  INFO 23528 --- [johnson-sistema] [restartedMain] liquibase.command                        : Command execution complete
2026-03-17T11:19:50.272-06:00  WARN 23528 --- [johnson-sistema] [restartedMain] ConfigServletWebServerApplicationContext : Exception encountered during context initialization - cancelling refresh attempt: org.springframework.beans.factory.BeanCreationException: Error creating bean with name 'entityManagerFactory' defined in class path resource [org/springframework/boot/autoconfigure/orm/jpa/HibernateJpaConfiguration.class]: Failed to initialize dependency 'liquibase' of LoadTimeWeaverAware bean 'entityManagerFactory': Error creating bean with name 'liquibase' defined in class path resource [org/springframework/boot/autoconfigure/liquibase/LiquibaseAutoConfiguration$LiquibaseConfiguration.class]: liquibase.exception.CommandExecutionException: liquibase.exception.ChangeLogParseException: classpath:/db/changelog/db.changelog-master.yaml does not exist
2026-03-17T11:19:50.273-06:00  INFO 23528 --- [johnson-sistema] [restartedMain] com.zaxxer.hikari.HikariDataSource       : HikariPool-1 - Shutdown initiated...
2026-03-17T11:19:50.280-06:00  INFO 23528 --- [johnson-sistema] [restartedMain] com.zaxxer.hikari.HikariDataSource       : HikariPool-1 - Shutdown completed.
2026-03-17T11:19:50.293-06:00  INFO 23528 --- [johnson-sistema] [restartedMain] o.apache.catalina.core.StandardService   : Stopping service [Tomcat]
2026-03-17T11:19:50.319-06:00  INFO 23528 --- [johnson-sistema] [restartedMain] .s.b.a.l.ConditionEvaluationReportLogger : 

Error starting ApplicationContext. To display the condition evaluation report re-run your application with 'debug' enabled.
2026-03-17T11:19:50.350-06:00 ERROR 23528 --- [johnson-sistema] [restartedMain] o.s.b.d.LoggingFailureAnalysisReporter   : 

***************************
APPLICATION FAILED TO START
***************************

Description:

Liquibase failed to start because no changelog could be found at 'classpath:/db/changelog/db.changelog-master.yaml'.

Action:

Make sure a Liquibase changelog is present at the configured path.

2026-03-17T11:22:48.921-06:00  INFO 21448 --- [johnson-sistema] [restartedMain] c.j.practica.JohnsonSistemaApplication   : Starting JohnsonSistemaApplication using Java 17.0.12 with PID 21448 (C:\Users\User\OneDrive\Escritorio\Escuela\PRACTICAS\Sistema_Johnson\johnson-sistema\target\classes started by Franco in C:\Users\User\OneDrive\Escritorio\Escuela\PRACTICAS\Sistema_Johnson\johnson-sistema)
2026-03-17T11:22:48.921-06:00  INFO 21448 --- [johnson-sistema] [restartedMain] c.j.practica.JohnsonSistemaApplication   : No active profile set, falling back to 1 default profile: "default"
2026-03-17T11:22:48.997-06:00  INFO 21448 --- [johnson-sistema] [restartedMain] .e.DevToolsPropertyDefaultsPostProcessor : Devtools property defaults active! Set 'spring.devtools.add-properties' to 'false' to disable
2026-03-17T11:22:48.997-06:00  INFO 21448 --- [johnson-sistema] [restartedMain] .e.DevToolsPropertyDefaultsPostProcessor : For additional web related logging consider setting the 'logging.level.web' property to 'DEBUG'
2026-03-17T11:22:50.382-06:00  INFO 21448 --- [johnson-sistema] [restartedMain] .s.d.r.c.RepositoryConfigurationDelegate : Bootstrapping Spring Data JPA repositories in DEFAULT mode.
2026-03-17T11:22:50.523-06:00  INFO 21448 --- [johnson-sistema] [restartedMain] .s.d.r.c.RepositoryConfigurationDelegate : Finished Spring Data repository scanning in 118 ms. Found 10 JPA repository interfaces.
2026-03-17T11:22:51.735-06:00  INFO 21448 --- [johnson-sistema] [restartedMain] o.s.b.w.embedded.tomcat.TomcatWebServer  : Tomcat initialized with port 8081 (http)
2026-03-17T11:22:51.761-06:00  INFO 21448 --- [johnson-sistema] [restartedMain] o.apache.catalina.core.StandardService   : Starting service [Tomcat]
2026-03-17T11:22:51.761-06:00  INFO 21448 --- [johnson-sistema] [restartedMain] o.apache.catalina.core.StandardEngine    : Starting Servlet engine: [Apache Tomcat/10.1.50]
2026-03-17T11:22:51.823-06:00  INFO 21448 --- [johnson-sistema] [restartedMain] o.a.c.c.C.[Tomcat].[localhost].[/]       : Initializing Spring embedded WebApplicationContext
2026-03-17T11:22:51.823-06:00  INFO 21448 --- [johnson-sistema] [restartedMain] w.s.c.ServletWebServerApplicationContext : Root WebApplicationContext: initialization completed in 2810 ms
2026-03-17T11:22:52.093-06:00  INFO 21448 --- [johnson-sistema] [restartedMain] com.zaxxer.hikari.HikariDataSource       : HikariPool-1 - Starting...
2026-03-17T11:22:52.540-06:00  INFO 21448 --- [johnson-sistema] [restartedMain] com.zaxxer.hikari.pool.HikariPool        : HikariPool-1 - Added connection org.postgresql.jdbc.PgConnection@47d2c927
2026-03-17T11:22:52.540-06:00  INFO 21448 --- [johnson-sistema] [restartedMain] com.zaxxer.hikari.HikariDataSource       : HikariPool-1 - Start completed.
2026-03-17T11:22:52.884-06:00  INFO 21448 --- [johnson-sistema] [restartedMain] liquibase.database                       : Set default schema name to public
2026-03-17T11:22:53.427-06:00  INFO 21448 --- [johnson-sistema] [restartedMain] liquibase.command                        : Logging exception.
2026-03-17T11:22:53.427-06:00  INFO 21448 --- [johnson-sistema] [restartedMain] liquibase.ui                             : ERROR: Exception Details
2026-03-17T11:22:53.427-06:00  INFO 21448 --- [johnson-sistema] [restartedMain] liquibase.ui                             : ERROR: Exception Primary Class:  ChangeLogParseException
2026-03-17T11:22:53.427-06:00  INFO 21448 --- [johnson-sistema] [restartedMain] liquibase.ui                             : ERROR: Exception Primary Reason:  The file db/changelog/cambios/01-crear-tablas-iniciales.sql was not found in the configured search path:
    - Spring classpath
More locations can be added with the 'searchPath' parameter.
2026-03-17T11:22:53.427-06:00  INFO 21448 --- [johnson-sistema] [restartedMain] liquibase.ui                             : ERROR: Exception Primary Source:  4.31.1
2026-03-17T11:22:53.442-06:00  INFO 21448 --- [johnson-sistema] [restartedMain] liquibase.command                        : Command execution complete
2026-03-17T11:22:54.677-06:00  WARN 21448 --- [johnson-sistema] [restartedMain] ConfigServletWebServerApplicationContext : Exception encountered during context initialization - cancelling refresh attempt: org.springframework.beans.factory.BeanCreationException: Error creating bean with name 'entityManagerFactory' defined in class path resource [org/springframework/boot/autoconfigure/orm/jpa/HibernateJpaConfiguration.class]: Failed to initialize dependency 'liquibase' of LoadTimeWeaverAware bean 'entityManagerFactory': Error creating bean with name 'liquibase' defined in class path resource [org/springframework/boot/autoconfigure/liquibase/LiquibaseAutoConfiguration$LiquibaseConfiguration.class]: liquibase.exception.CommandExecutionException: liquibase.exception.ChangeLogParseException: liquibase.exception.SetupException: The file db/changelog/cambios/01-crear-tablas-iniciales.sql was not found in the configured search path:
    - Spring classpath
More locations can be added with the 'searchPath' parameter.
2026-03-17T11:22:54.679-06:00  INFO 21448 --- [johnson-sistema] [restartedMain] com.zaxxer.hikari.HikariDataSource       : HikariPool-1 - Shutdown initiated...
2026-03-17T11:22:54.686-06:00  INFO 21448 --- [johnson-sistema] [restartedMain] com.zaxxer.hikari.HikariDataSource       : HikariPool-1 - Shutdown completed.
2026-03-17T11:22:54.699-06:00  INFO 21448 --- [johnson-sistema] [restartedMain] o.apache.catalina.core.StandardService   : Stopping service [Tomcat]
2026-03-17T11:22:54.722-06:00  INFO 21448 --- [johnson-sistema] [restartedMain] .s.b.a.l.ConditionEvaluationReportLogger : 

Error starting ApplicationContext. To display the condition evaluation report re-run your application with 'debug' enabled.
2026-03-17T11:22:54.750-06:00 ERROR 21448 --- [johnson-sistema] [restartedMain] o.s.boot.SpringApplication               : Application run failed

org.springframework.beans.factory.BeanCreationException: Error creating bean with name 'entityManagerFactory' defined in class path resource [org/springframework/boot/autoconfigure/orm/jpa/HibernateJpaConfiguration.class]: Failed to initialize dependency 'liquibase' of LoadTimeWeaverAware bean 'entityManagerFactory': Error creating bean with name 'liquibase' defined in class path resource [org/springframework/boot/autoconfigure/liquibase/LiquibaseAutoConfiguration$LiquibaseConfiguration.class]: liquibase.exception.CommandExecutionException: liquibase.exception.ChangeLogParseException: liquibase.exception.SetupException: The file db/changelog/cambios/01-crear-tablas-iniciales.sql was not found in the configured search path:
    - Spring classpath
More locations can be added with the 'searchPath' parameter.
	at org.springframework.beans.factory.support.AbstractBeanFactory.doGetBean(AbstractBeanFactory.java:328) ~[spring-beans-6.2.15.jar:6.2.15]
	at org.springframework.beans.factory.support.AbstractBeanFactory.getBean(AbstractBeanFactory.java:207) ~[spring-beans-6.2.15.jar:6.2.15]
	at org.springframework.context.support.AbstractApplicationContext.finishBeanFactoryInitialization(AbstractApplicationContext.java:973) ~[spring-context-6.2.15.jar:6.2.15]
	at org.springframework.context.support.AbstractApplicationContext.refresh(AbstractApplicationContext.java:627) ~[spring-context-6.2.15.jar:6.2.15]
	at org.springframework.boot.web.servlet.context.ServletWebServerApplicationContext.refresh(ServletWebServerApplicationContext.java:146) ~[spring-boot-3.5.10.jar:3.5.10]
	at org.springframework.boot.SpringApplication.refresh(SpringApplication.java:752) ~[spring-boot-3.5.10.jar:3.5.10]
	at org.springframework.boot.SpringApplication.refreshContext(SpringApplication.java:439) ~[spring-boot-3.5.10.jar:3.5.10]
	at org.springframework.boot.SpringApplication.run(SpringApplication.java:318) ~[spring-boot-3.5.10.jar:3.5.10]
	at org.springframework.boot.SpringApplication.run(SpringApplication.java:1361) ~[spring-boot-3.5.10.jar:3.5.10]
	at org.springframework.boot.SpringApplication.run(SpringApplication.java:1350) ~[spring-boot-3.5.10.jar:3.5.10]
	at com.johnson.practica.JohnsonSistemaApplication.main(JohnsonSistemaApplication.java:16) ~[classes/:na]
	at java.base/jdk.internal.reflect.NativeMethodAccessorImpl.invoke0(Native Method) ~[na:na]
	at java.base/jdk.internal.reflect.NativeMethodAccessorImpl.invoke(NativeMethodAccessorImpl.java:77) ~[na:na]
	at java.base/jdk.internal.reflect.DelegatingMethodAccessorImpl.invoke(DelegatingMethodAccessorImpl.java:43) ~[na:na]
	at java.base/java.lang.reflect.Method.invoke(Method.java:568) ~[na:na]
	at org.springframework.boot.devtools.restart.RestartLauncher.run(RestartLauncher.java:50) ~[spring-boot-devtools-3.5.10.jar:3.5.10]
Caused by: org.springframework.beans.factory.BeanCreationException: Error creating bean with name 'liquibase' defined in class path resource [org/springframework/boot/autoconfigure/liquibase/LiquibaseAutoConfiguration$LiquibaseConfiguration.class]: liquibase.exception.CommandExecutionException: liquibase.exception.ChangeLogParseException: liquibase.exception.SetupException: The file db/changelog/cambios/01-crear-tablas-iniciales.sql was not found in the configured search path:
    - Spring classpath
More locations can be added with the 'searchPath' parameter.
	at org.springframework.beans.factory.support.AbstractAutowireCapableBeanFactory.initializeBean(AbstractAutowireCapableBeanFactory.java:1826) ~[spring-beans-6.2.15.jar:6.2.15]
	at org.springframework.beans.factory.support.AbstractAutowireCapableBeanFactory.doCreateBean(AbstractAutowireCapableBeanFactory.java:607) ~[spring-beans-6.2.15.jar:6.2.15]
	at org.springframework.beans.factory.support.AbstractAutowireCapableBeanFactory.createBean(AbstractAutowireCapableBeanFactory.java:529) ~[spring-beans-6.2.15.jar:6.2.15]
	at org.springframework.beans.factory.support.AbstractBeanFactory.lambda$doGetBean$0(AbstractBeanFactory.java:339) ~[spring-beans-6.2.15.jar:6.2.15]
	at org.springframework.beans.factory.support.DefaultSingletonBeanRegistry.getSingleton(DefaultSingletonBeanRegistry.java:373) ~[spring-beans-6.2.15.jar:6.2.15]
	at org.springframework.beans.factory.support.AbstractBeanFactory.doGetBean(AbstractBeanFactory.java:337) ~[spring-beans-6.2.15.jar:6.2.15]
	at org.springframework.beans.factory.support.AbstractBeanFactory.getBean(AbstractBeanFactory.java:202) ~[spring-beans-6.2.15.jar:6.2.15]
	at org.springframework.beans.factory.support.AbstractBeanFactory.doGetBean(AbstractBeanFactory.java:315) ~[spring-beans-6.2.15.jar:6.2.15]
	... 15 common frames omitted
Caused by: liquibase.exception.LiquibaseException: liquibase.exception.CommandExecutionException: liquibase.exception.ChangeLogParseException: liquibase.exception.SetupException: The file db/changelog/cambios/01-crear-tablas-iniciales.sql was not found in the configured search path:
    - Spring classpath
More locations can be added with the 'searchPath' parameter.
	at liquibase.integration.spring.SpringLiquibase.afterPropertiesSet(SpringLiquibase.java:288) ~[liquibase-core-4.31.1.jar:na]
	at org.springframework.beans.factory.support.AbstractAutowireCapableBeanFactory.invokeInitMethods(AbstractAutowireCapableBeanFactory.java:1873) ~[spring-beans-6.2.15.jar:6.2.15]
	at org.springframework.beans.factory.support.AbstractAutowireCapableBeanFactory.initializeBean(AbstractAutowireCapableBeanFactory.java:1822) ~[spring-beans-6.2.15.jar:6.2.15]
	... 22 common frames omitted
Caused by: liquibase.exception.CommandExecutionException: liquibase.exception.ChangeLogParseException: liquibase.exception.SetupException: The file db/changelog/cambios/01-crear-tablas-iniciales.sql was not found in the configured search path:
    - Spring classpath
More locations can be added with the 'searchPath' parameter.
	at liquibase.command.CommandScope.lambda$execute$6(CommandScope.java:300) ~[liquibase-core-4.31.1.jar:na]
	at liquibase.Scope.child(Scope.java:210) ~[liquibase-core-4.31.1.jar:na]
	at liquibase.Scope.child(Scope.java:186) ~[liquibase-core-4.31.1.jar:na]
	at liquibase.command.CommandScope.execute(CommandScope.java:241) ~[liquibase-core-4.31.1.jar:na]
	at liquibase.Liquibase.lambda$update$0(Liquibase.java:216) ~[liquibase-core-4.31.1.jar:na]
	at liquibase.Scope.lambda$child$0(Scope.java:201) ~[liquibase-core-4.31.1.jar:na]
	at liquibase.Scope.child(Scope.java:210) ~[liquibase-core-4.31.1.jar:na]
	at liquibase.Scope.child(Scope.java:200) ~[liquibase-core-4.31.1.jar:na]
	at liquibase.Scope.child(Scope.java:179) ~[liquibase-core-4.31.1.jar:na]
	at liquibase.Liquibase.runInScope(Liquibase.java:1333) ~[liquibase-core-4.31.1.jar:na]
	at liquibase.Liquibase.update(Liquibase.java:205) ~[liquibase-core-4.31.1.jar:na]
	at liquibase.Liquibase.update(Liquibase.java:188) ~[liquibase-core-4.31.1.jar:na]
	at liquibase.integration.spring.SpringLiquibase.performUpdate(SpringLiquibase.java:326) ~[liquibase-core-4.31.1.jar:na]
	at liquibase.integration.spring.SpringLiquibase.lambda$afterPropertiesSet$0(SpringLiquibase.java:278) ~[liquibase-core-4.31.1.jar:na]
	at liquibase.Scope.lambda$child$0(Scope.java:201) ~[liquibase-core-4.31.1.jar:na]
	at liquibase.Scope.child(Scope.java:210) ~[liquibase-core-4.31.1.jar:na]
	at liquibase.Scope.child(Scope.java:200) ~[liquibase-core-4.31.1.jar:na]
	at liquibase.Scope.child(Scope.java:179) ~[liquibase-core-4.31.1.jar:na]
	at liquibase.integration.spring.SpringLiquibase.afterPropertiesSet(SpringLiquibase.java:271) ~[liquibase-core-4.31.1.jar:na]
	... 24 common frames omitted
Caused by: liquibase.exception.ChangeLogParseException: liquibase.exception.SetupException: The file db/changelog/cambios/01-crear-tablas-iniciales.sql was not found in the configured search path:
    - Spring classpath
More locations can be added with the 'searchPath' parameter.
	at liquibase.parser.core.xml.AbstractChangeLogParser.parse(AbstractChangeLogParser.java:25) ~[liquibase-core-4.31.1.jar:na]
	at liquibase.command.core.helpers.DatabaseChangelogCommandStep.lambda$getDatabaseChangeLog$0(DatabaseChangelogCommandStep.java:125) ~[liquibase-core-4.31.1.jar:na]
	at liquibase.Scope.child(Scope.java:210) ~[liquibase-core-4.31.1.jar:na]
	at liquibase.Scope.child(Scope.java:186) ~[liquibase-core-4.31.1.jar:na]
	at liquibase.command.core.helpers.DatabaseChangelogCommandStep.getDatabaseChangeLog(DatabaseChangelogCommandStep.java:124) ~[liquibase-core-4.31.1.jar:na]
	at liquibase.command.core.helpers.DatabaseChangelogCommandStep.run(DatabaseChangelogCommandStep.java:83) ~[liquibase-core-4.31.1.jar:na]
	at liquibase.command.CommandScope.lambda$execute$6(CommandScope.java:253) ~[liquibase-core-4.31.1.jar:na]
	... 42 common frames omitted
Caused by: liquibase.exception.SetupException: The file db/changelog/cambios/01-crear-tablas-iniciales.sql was not found in the configured search path:
    - Spring classpath
More locations can be added with the 'searchPath' parameter.
	at liquibase.changelog.DatabaseChangeLog.handleInclude(DatabaseChangeLog.java:655) ~[liquibase-core-4.31.1.jar:na]
	at liquibase.changelog.DatabaseChangeLog.handleChildNodeHelper(DatabaseChangeLog.java:477) ~[liquibase-core-4.31.1.jar:na]
	at liquibase.changelog.DatabaseChangeLog.handleChildNode(DatabaseChangeLog.java:462) ~[liquibase-core-4.31.1.jar:na]
	at liquibase.changelog.DatabaseChangeLog.load(DatabaseChangeLog.java:429) ~[liquibase-core-4.31.1.jar:na]
	at liquibase.parser.core.xml.AbstractChangeLogParser.parse(AbstractChangeLogParser.java:23) ~[liquibase-core-4.31.1.jar:na]
	... 48 common frames omitted
Caused by: liquibase.exception.LiquibaseException: The file db/changelog/cambios/01-crear-tablas-iniciales.sql was not found in the configured search path:
    - Spring classpath
More locations can be added with the 'searchPath' parameter.
	at liquibase.changelog.DatabaseChangeLog.include(DatabaseChangeLog.java:1110) ~[liquibase-core-4.31.1.jar:na]
	at liquibase.changelog.DatabaseChangeLog.handleInclude(DatabaseChangeLog.java:644) ~[liquibase-core-4.31.1.jar:na]
	... 52 common frames omitted
Caused by: liquibase.exception.ChangeLogParseException: The file db/changelog/cambios/01-crear-tablas-iniciales.sql was not found in the configured search path:
    - Spring classpath
More locations can be added with the 'searchPath' parameter.
	at liquibase.changelog.DatabaseChangeLog.include(DatabaseChangeLog.java:1071) ~[liquibase-core-4.31.1.jar:na]
	... 53 common frames omitted

2026-03-17T11:26:06.819-06:00  INFO 16356 --- [johnson-sistema] [restartedMain] c.j.practica.JohnsonSistemaApplication   : Starting JohnsonSistemaApplication using Java 17.0.12 with PID 16356 (C:\Users\User\OneDrive\Escritorio\Escuela\PRACTICAS\Sistema_Johnson\johnson-sistema\target\classes started by Franco in C:\Users\User\OneDrive\Escritorio\Escuela\PRACTICAS\Sistema_Johnson\johnson-sistema)
2026-03-17T11:26:06.831-06:00  INFO 16356 --- [johnson-sistema] [restartedMain] c.j.practica.JohnsonSistemaApplication   : No active profile set, falling back to 1 default profile: "default"
2026-03-17T11:26:06.945-06:00  INFO 16356 --- [johnson-sistema] [restartedMain] .e.DevToolsPropertyDefaultsPostProcessor : Devtools property defaults active! Set 'spring.devtools.add-properties' to 'false' to disable
2026-03-17T11:26:06.950-06:00  INFO 16356 --- [johnson-sistema] [restartedMain] .e.DevToolsPropertyDefaultsPostProcessor : For additional web related logging consider setting the 'logging.level.web' property to 'DEBUG'
2026-03-17T11:26:08.301-06:00  INFO 16356 --- [johnson-sistema] [restartedMain] .s.d.r.c.RepositoryConfigurationDelegate : Bootstrapping Spring Data JPA repositories in DEFAULT mode.
2026-03-17T11:26:08.470-06:00  INFO 16356 --- [johnson-sistema] [restartedMain] .s.d.r.c.RepositoryConfigurationDelegate : Finished Spring Data repository scanning in 149 ms. Found 10 JPA repository interfaces.
2026-03-17T11:26:09.502-06:00  INFO 16356 --- [johnson-sistema] [restartedMain] o.s.b.w.embedded.tomcat.TomcatWebServer  : Tomcat initialized with port 8081 (http)
2026-03-17T11:26:09.518-06:00  INFO 16356 --- [johnson-sistema] [restartedMain] o.apache.catalina.core.StandardService   : Starting service [Tomcat]
2026-03-17T11:26:09.518-06:00  INFO 16356 --- [johnson-sistema] [restartedMain] o.apache.catalina.core.StandardEngine    : Starting Servlet engine: [Apache Tomcat/10.1.50]
2026-03-17T11:26:09.603-06:00  INFO 16356 --- [johnson-sistema] [restartedMain] o.a.c.c.C.[Tomcat].[localhost].[/]       : Initializing Spring embedded WebApplicationContext
2026-03-17T11:26:09.603-06:00  INFO 16356 --- [johnson-sistema] [restartedMain] w.s.c.ServletWebServerApplicationContext : Root WebApplicationContext: initialization completed in 2650 ms
2026-03-17T11:26:09.923-06:00  INFO 16356 --- [johnson-sistema] [restartedMain] o.hibernate.jpa.internal.util.LogHelper  : HHH000204: Processing PersistenceUnitInfo [name: default]
2026-03-17T11:26:10.034-06:00  INFO 16356 --- [johnson-sistema] [restartedMain] org.hibernate.Version                    : HHH000412: Hibernate ORM core version 6.6.41.Final
2026-03-17T11:26:10.103-06:00  INFO 16356 --- [johnson-sistema] [restartedMain] o.h.c.internal.RegionFactoryInitiator    : HHH000026: Second-level cache disabled
2026-03-17T11:26:10.602-06:00  INFO 16356 --- [johnson-sistema] [restartedMain] o.s.o.j.p.SpringPersistenceUnitInfo      : No LoadTimeWeaver setup: ignoring JPA class transformer
2026-03-17T11:26:10.651-06:00  INFO 16356 --- [johnson-sistema] [restartedMain] com.zaxxer.hikari.HikariDataSource       : HikariPool-1 - Starting...
2026-03-17T11:26:10.941-06:00  INFO 16356 --- [johnson-sistema] [restartedMain] com.zaxxer.hikari.pool.HikariPool        : HikariPool-1 - Added connection org.postgresql.jdbc.PgConnection@6e7d48d5
2026-03-17T11:26:10.944-06:00  INFO 16356 --- [johnson-sistema] [restartedMain] com.zaxxer.hikari.HikariDataSource       : HikariPool-1 - Start completed.
2026-03-17T11:26:10.988-06:00  WARN 16356 --- [johnson-sistema] [restartedMain] org.hibernate.orm.deprecation            : HHH90000025: PostgreSQLDialect does not need to be specified explicitly using 'hibernate.dialect' (remove the property setting and it will be selected by default)
2026-03-17T11:26:11.023-06:00  INFO 16356 --- [johnson-sistema] [restartedMain] org.hibernate.orm.connections.pooling    : HHH10001005: Database info:
	Database JDBC URL [Connecting through datasource 'HikariDataSource (HikariPool-1)']
	Database driver: undefined/unknown
	Database version: 15.17
	Autocommit mode: undefined/unknown
	Isolation level: undefined/unknown
	Minimum pool size: undefined/unknown
	Maximum pool size: undefined/unknown
2026-03-17T11:26:13.246-06:00  INFO 16356 --- [johnson-sistema] [restartedMain] o.h.e.t.j.p.i.JtaPlatformInitiator       : HHH000489: No JTA platform available (set 'hibernate.transaction.jta.platform' to enable JTA platform integration)
2026-03-17T11:26:13.905-06:00  WARN 16356 --- [johnson-sistema] [restartedMain] o.h.engine.jdbc.spi.SqlExceptionHelper   : SQL Warning Code: 0, SQLState: 00000
2026-03-17T11:26:13.906-06:00  WARN 16356 --- [johnson-sistema] [restartedMain] o.h.engine.jdbc.spi.SqlExceptionHelper   : constraint "ukldv0v52e0udsh2h1rs0r0gw1n" of relation "roles" does not exist, skipping
2026-03-17T11:26:13.934-06:00  WARN 16356 --- [johnson-sistema] [restartedMain] o.h.engine.jdbc.spi.SqlExceptionHelper   : SQL Warning Code: 0, SQLState: 00000
2026-03-17T11:26:13.934-06:00  WARN 16356 --- [johnson-sistema] [restartedMain] o.h.engine.jdbc.spi.SqlExceptionHelper   : constraint "ukcdmw5hxlfj78uf4997i3qyyw5" of relation "usuarios" does not exist, skipping
2026-03-17T11:26:13.962-06:00  WARN 16356 --- [johnson-sistema] [restartedMain] o.h.engine.jdbc.spi.SqlExceptionHelper   : SQL Warning Code: 0, SQLState: 00000
2026-03-17T11:26:13.963-06:00  WARN 16356 --- [johnson-sistema] [restartedMain] o.h.engine.jdbc.spi.SqlExceptionHelper   : constraint "ukm2dvbwfge291euvmk6vkkocao" of relation "usuarios" does not exist, skipping
2026-03-17T11:26:14.151-06:00  INFO 16356 --- [johnson-sistema] [restartedMain] j.LocalContainerEntityManagerFactoryBean : Initialized JPA EntityManagerFactory for persistence unit 'default'
2026-03-17T11:26:14.713-06:00  INFO 16356 --- [johnson-sistema] [restartedMain] o.s.d.j.r.query.QueryEnhancerFactory     : Hibernate is in classpath; If applicable, HQL parser will be used.
2026-03-17T11:26:16.831-06:00  WARN 16356 --- [johnson-sistema] [restartedMain] JpaBaseConfiguration$JpaWebConfiguration : spring.jpa.open-in-view is enabled by default. Therefore, database queries may be performed during view rendering. Explicitly configure spring.jpa.open-in-view to disable this warning
2026-03-17T11:26:17.096-06:00  INFO 16356 --- [johnson-sistema] [restartedMain] o.s.b.a.w.s.WelcomePageHandlerMapping    : Adding welcome page template: index
2026-03-17T11:26:17.354-06:00  INFO 16356 --- [johnson-sistema] [restartedMain] r$InitializeUserDetailsManagerConfigurer : Global AuthenticationManager configured with UserDetailsService bean with name detallesUsuarioServicio
2026-03-17T11:26:18.085-06:00  INFO 16356 --- [johnson-sistema] [restartedMain] o.s.b.d.a.OptionalLiveReloadServer       : LiveReload server is running on port 35729
2026-03-17T11:26:18.122-06:00  INFO 16356 --- [johnson-sistema] [restartedMain] o.s.m.s.b.SimpleBrokerMessageHandler     : Starting...
2026-03-17T11:26:18.123-06:00  INFO 16356 --- [johnson-sistema] [restartedMain] o.s.m.s.b.SimpleBrokerMessageHandler     : BrokerAvailabilityEvent[available=true, SimpleBrokerMessageHandler [org.springframework.messaging.simp.broker.DefaultSubscriptionRegistry@26242163]]
2026-03-17T11:26:18.127-06:00  INFO 16356 --- [johnson-sistema] [restartedMain] o.s.m.s.b.SimpleBrokerMessageHandler     : Started.
2026-03-17T11:26:18.160-06:00  INFO 16356 --- [johnson-sistema] [restartedMain] o.s.b.w.embedded.tomcat.TomcatWebServer  : Tomcat started on port 8081 (http) with context path '/'
2026-03-17T11:26:18.178-06:00  INFO 16356 --- [johnson-sistema] [restartedMain] c.j.practica.JohnsonSistemaApplication   : Started JohnsonSistemaApplication in 12.039 seconds (process running for 12.79)
2026-03-17T11:26:18.718-06:00  INFO 16356 --- [johnson-sistema] [restartedMain] c.johnson.practica.config.CargadorDatos  : Cargando datos iniciales...
2026-03-17T11:26:18.794-06:00  INFO 16356 --- [johnson-sistema] [restartedMain] c.johnson.practica.config.CargadorDatos  : Creando usuario 'admin'...
2026-03-17T11:26:18.935-06:00  INFO 16356 --- [johnson-sistema] [restartedMain] c.johnson.practica.config.CargadorDatos  : Usuario 'admin' creado y guardado. DEBE CAMBIAR CONTRASEÑA.
2026-03-17T11:26:18.969-06:00  INFO 16356 --- [johnson-sistema] [restartedMain] c.johnson.practica.config.CargadorDatos  : Creando usuario 'visitante'...
2026-03-17T11:26:19.096-06:00  INFO 16356 --- [johnson-sistema] [restartedMain] c.johnson.practica.config.CargadorDatos  : Usuario 'visitante' creado y guardado.
2026-03-17T11:28:33.254-06:00  INFO 16356 --- [johnson-sistema] [File Watcher] rtingClassPathChangeChangedEventListener : Restarting due to 1 class path change (0 additions, 0 deletions, 1 modification)
2026-03-17T11:27:18.131-06:00  INFO 16356 --- [johnson-sistema] [MessageBroker-1] o.s.w.s.c.WebSocketMessageBrokerStats    : WebSocketSession[0 current WS(0)-HttpStream(0)-HttpPoll(0), 0 total, 0 closed abnormally (0 connect failure, 0 send limit, 0 transport error)], stompSubProtocol[processed CONNECT(0)-CONNECTED(0)-DISCONNECT(0)], stompBrokerRelay[null], inboundChannel[pool size = 0, active threads = 0, queued tasks = 0, completed tasks = 0], outboundChannel[pool size = 0, active threads = 0, queued tasks = 0, completed tasks = 0], sockJsScheduler[pool size = 3, active threads = 1, queued tasks = 2, completed tasks = 0]
2026-03-17T11:31:02.463-06:00  INFO 16356 --- [johnson-sistema] [Thread-5] o.s.b.w.e.tomcat.GracefulShutdown        : Commencing graceful shutdown. Waiting for active requests to complete
2026-03-17T11:31:03.850-06:00  INFO 16356 --- [johnson-sistema] [tomcat-shutdown] o.s.b.w.e.tomcat.GracefulShutdown        : Graceful shutdown complete
2026-03-17T11:31:03.855-06:00  INFO 16356 --- [johnson-sistema] [Thread-5] o.s.m.s.b.SimpleBrokerMessageHandler     : Stopping...
2026-03-17T11:31:03.856-06:00  INFO 16356 --- [johnson-sistema] [Thread-5] o.s.m.s.b.SimpleBrokerMessageHandler     : BrokerAvailabilityEvent[available=false, SimpleBrokerMessageHandler [org.springframework.messaging.simp.broker.DefaultSubscriptionRegistry@26242163]]
2026-03-17T11:31:03.858-06:00  INFO 16356 --- [johnson-sistema] [Thread-5] o.s.m.s.b.SimpleBrokerMessageHandler     : Stopped.
2026-03-17T11:31:03.867-06:00  INFO 16356 --- [johnson-sistema] [Thread-5] j.LocalContainerEntityManagerFactoryBean : Closing JPA EntityManagerFactory for persistence unit 'default'
2026-03-17T11:31:03.877-06:00  INFO 16356 --- [johnson-sistema] [Thread-5] com.zaxxer.hikari.HikariDataSource       : HikariPool-1 - Shutdown initiated...
2026-03-17T11:31:03.882-06:00  INFO 16356 --- [johnson-sistema] [Thread-5] com.zaxxer.hikari.HikariDataSource       : HikariPool-1 - Shutdown completed.
2026-03-17T11:31:04.065-06:00  INFO 16356 --- [johnson-sistema] [restartedMain] c.j.practica.JohnsonSistemaApplication   : Starting JohnsonSistemaApplication using Java 17.0.12 with PID 16356 (C:\Users\User\OneDrive\Escritorio\Escuela\PRACTICAS\Sistema_Johnson\johnson-sistema\target\classes started by Franco in C:\Users\User\OneDrive\Escritorio\Escuela\PRACTICAS\Sistema_Johnson\johnson-sistema)
2026-03-17T11:31:04.066-06:00  INFO 16356 --- [johnson-sistema] [restartedMain] c.j.practica.JohnsonSistemaApplication   : No active profile set, falling back to 1 default profile: "default"
2026-03-17T11:31:04.741-06:00  INFO 16356 --- [johnson-sistema] [restartedMain] .s.d.r.c.RepositoryConfigurationDelegate : Bootstrapping Spring Data JPA repositories in DEFAULT mode.
2026-03-17T11:31:04.838-06:00  INFO 16356 --- [johnson-sistema] [restartedMain] .s.d.r.c.RepositoryConfigurationDelegate : Finished Spring Data repository scanning in 84 ms. Found 10 JPA repository interfaces.
2026-03-17T11:31:05.227-06:00  INFO 16356 --- [johnson-sistema] [restartedMain] o.s.b.w.embedded.tomcat.TomcatWebServer  : Tomcat initialized with port 8081 (http)
2026-03-17T11:31:05.238-06:00  INFO 16356 --- [johnson-sistema] [restartedMain] o.apache.catalina.core.StandardService   : Starting service [Tomcat]
2026-03-17T11:31:05.240-06:00  INFO 16356 --- [johnson-sistema] [restartedMain] o.apache.catalina.core.StandardEngine    : Starting Servlet engine: [Apache Tomcat/10.1.50]
2026-03-17T11:31:05.389-06:00  INFO 16356 --- [johnson-sistema] [restartedMain] o.a.c.c.C.[Tomcat].[localhost].[/]       : Initializing Spring embedded WebApplicationContext
2026-03-17T11:31:05.410-06:00  INFO 16356 --- [johnson-sistema] [restartedMain] w.s.c.ServletWebServerApplicationContext : Root WebApplicationContext: initialization completed in 1342 ms
2026-03-17T11:31:05.782-06:00  INFO 16356 --- [johnson-sistema] [restartedMain] com.zaxxer.hikari.HikariDataSource       : HikariPool-2 - Starting...
2026-03-17T11:31:05.893-06:00  INFO 16356 --- [johnson-sistema] [restartedMain] com.zaxxer.hikari.pool.HikariPool        : HikariPool-2 - Added connection org.postgresql.jdbc.PgConnection@39fb0b26
2026-03-17T11:31:05.895-06:00  INFO 16356 --- [johnson-sistema] [restartedMain] com.zaxxer.hikari.HikariDataSource       : HikariPool-2 - Start completed.
2026-03-17T11:31:06.276-06:00  INFO 16356 --- [johnson-sistema] [restartedMain] liquibase.database                       : Set default schema name to public
2026-03-17T11:31:06.942-06:00  INFO 16356 --- [johnson-sistema] [restartedMain] liquibase.command                        : Logging exception.
2026-03-17T11:31:06.944-06:00  INFO 16356 --- [johnson-sistema] [restartedMain] liquibase.ui                             : ERROR: Exception Details
2026-03-17T11:31:06.946-06:00  INFO 16356 --- [johnson-sistema] [restartedMain] liquibase.ui                             : ERROR: Exception Primary Class:  ChangeLogParseException
2026-03-17T11:31:06.950-06:00  INFO 16356 --- [johnson-sistema] [restartedMain] liquibase.ui                             : ERROR: Exception Primary Reason:  The file db/changelog/cambios/01-crear-tablas-iniciales.sql was not found in the configured search path:
    - Spring classpath
More locations can be added with the 'searchPath' parameter.
2026-03-17T11:31:06.951-06:00  INFO 16356 --- [johnson-sistema] [restartedMain] liquibase.ui                             : ERROR: Exception Primary Source:  4.31.1
2026-03-17T11:31:06.953-06:00  INFO 16356 --- [johnson-sistema] [restartedMain] liquibase.command                        : Command execution complete
2026-03-17T11:31:08.483-06:00  WARN 16356 --- [johnson-sistema] [restartedMain] ConfigServletWebServerApplicationContext : Exception encountered during context initialization - cancelling refresh attempt: org.springframework.beans.factory.BeanCreationException: Error creating bean with name 'entityManagerFactory' defined in class path resource [org/springframework/boot/autoconfigure/orm/jpa/HibernateJpaConfiguration.class]: Failed to initialize dependency 'liquibase' of LoadTimeWeaverAware bean 'entityManagerFactory': Error creating bean with name 'liquibase' defined in class path resource [org/springframework/boot/autoconfigure/liquibase/LiquibaseAutoConfiguration$LiquibaseConfiguration.class]: liquibase.exception.CommandExecutionException: liquibase.exception.ChangeLogParseException: liquibase.exception.SetupException: The file db/changelog/cambios/01-crear-tablas-iniciales.sql was not found in the configured search path:
    - Spring classpath
More locations can be added with the 'searchPath' parameter.
2026-03-17T11:31:08.486-06:00  INFO 16356 --- [johnson-sistema] [restartedMain] com.zaxxer.hikari.HikariDataSource       : HikariPool-2 - Shutdown initiated...
2026-03-17T11:31:08.515-06:00  INFO 16356 --- [johnson-sistema] [restartedMain] com.zaxxer.hikari.HikariDataSource       : HikariPool-2 - Shutdown completed.
2026-03-17T11:31:08.519-06:00  INFO 16356 --- [johnson-sistema] [restartedMain] o.apache.catalina.core.StandardService   : Stopping service [Tomcat]
2026-03-17T11:31:08.590-06:00  INFO 16356 --- [johnson-sistema] [restartedMain] .s.b.a.l.ConditionEvaluationReportLogger : 

Error starting ApplicationContext. To display the condition evaluation report re-run your application with 'debug' enabled.
2026-03-17T11:31:08.670-06:00 ERROR 16356 --- [johnson-sistema] [restartedMain] o.s.boot.SpringApplication               : Application run failed

org.springframework.beans.factory.BeanCreationException: Error creating bean with name 'entityManagerFactory' defined in class path resource [org/springframework/boot/autoconfigure/orm/jpa/HibernateJpaConfiguration.class]: Failed to initialize dependency 'liquibase' of LoadTimeWeaverAware bean 'entityManagerFactory': Error creating bean with name 'liquibase' defined in class path resource [org/springframework/boot/autoconfigure/liquibase/LiquibaseAutoConfiguration$LiquibaseConfiguration.class]: liquibase.exception.CommandExecutionException: liquibase.exception.ChangeLogParseException: liquibase.exception.SetupException: The file db/changelog/cambios/01-crear-tablas-iniciales.sql was not found in the configured search path:
    - Spring classpath
More locations can be added with the 'searchPath' parameter.
	at org.springframework.beans.factory.support.AbstractBeanFactory.doGetBean(AbstractBeanFactory.java:328) ~[spring-beans-6.2.15.jar:6.2.15]
	at org.springframework.beans.factory.support.AbstractBeanFactory.getBean(AbstractBeanFactory.java:207) ~[spring-beans-6.2.15.jar:6.2.15]
	at org.springframework.context.support.AbstractApplicationContext.finishBeanFactoryInitialization(AbstractApplicationContext.java:973) ~[spring-context-6.2.15.jar:6.2.15]
	at org.springframework.context.support.AbstractApplicationContext.refresh(AbstractApplicationContext.java:627) ~[spring-context-6.2.15.jar:6.2.15]
	at org.springframework.boot.web.servlet.context.ServletWebServerApplicationContext.refresh(ServletWebServerApplicationContext.java:146) ~[spring-boot-3.5.10.jar:3.5.10]
	at org.springframework.boot.SpringApplication.refresh(SpringApplication.java:752) ~[spring-boot-3.5.10.jar:3.5.10]
	at org.springframework.boot.SpringApplication.refreshContext(SpringApplication.java:439) ~[spring-boot-3.5.10.jar:3.5.10]
	at org.springframework.boot.SpringApplication.run(SpringApplication.java:318) ~[spring-boot-3.5.10.jar:3.5.10]
	at org.springframework.boot.SpringApplication.run(SpringApplication.java:1361) ~[spring-boot-3.5.10.jar:3.5.10]
	at org.springframework.boot.SpringApplication.run(SpringApplication.java:1350) ~[spring-boot-3.5.10.jar:3.5.10]
	at com.johnson.practica.JohnsonSistemaApplication.main(JohnsonSistemaApplication.java:16) ~[classes/:na]
	at java.base/jdk.internal.reflect.NativeMethodAccessorImpl.invoke0(Native Method) ~[na:na]
	at java.base/jdk.internal.reflect.NativeMethodAccessorImpl.invoke(NativeMethodAccessorImpl.java:77) ~[na:na]
	at java.base/jdk.internal.reflect.DelegatingMethodAccessorImpl.invoke(DelegatingMethodAccessorImpl.java:43) ~[na:na]
	at java.base/java.lang.reflect.Method.invoke(Method.java:568) ~[na:na]
	at org.springframework.boot.devtools.restart.RestartLauncher.run(RestartLauncher.java:50) ~[spring-boot-devtools-3.5.10.jar:3.5.10]
Caused by: org.springframework.beans.factory.BeanCreationException: Error creating bean with name 'liquibase' defined in class path resource [org/springframework/boot/autoconfigure/liquibase/LiquibaseAutoConfiguration$LiquibaseConfiguration.class]: liquibase.exception.CommandExecutionException: liquibase.exception.ChangeLogParseException: liquibase.exception.SetupException: The file db/changelog/cambios/01-crear-tablas-iniciales.sql was not found in the configured search path:
    - Spring classpath
More locations can be added with the 'searchPath' parameter.
	at org.springframework.beans.factory.support.AbstractAutowireCapableBeanFactory.initializeBean(AbstractAutowireCapableBeanFactory.java:1826) ~[spring-beans-6.2.15.jar:6.2.15]
	at org.springframework.beans.factory.support.AbstractAutowireCapableBeanFactory.doCreateBean(AbstractAutowireCapableBeanFactory.java:607) ~[spring-beans-6.2.15.jar:6.2.15]
	at org.springframework.beans.factory.support.AbstractAutowireCapableBeanFactory.createBean(AbstractAutowireCapableBeanFactory.java:529) ~[spring-beans-6.2.15.jar:6.2.15]
	at org.springframework.beans.factory.support.AbstractBeanFactory.lambda$doGetBean$0(AbstractBeanFactory.java:339) ~[spring-beans-6.2.15.jar:6.2.15]
	at org.springframework.beans.factory.support.DefaultSingletonBeanRegistry.getSingleton(DefaultSingletonBeanRegistry.java:373) ~[spring-beans-6.2.15.jar:6.2.15]
	at org.springframework.beans.factory.support.AbstractBeanFactory.doGetBean(AbstractBeanFactory.java:337) ~[spring-beans-6.2.15.jar:6.2.15]
	at org.springframework.beans.factory.support.AbstractBeanFactory.getBean(AbstractBeanFactory.java:202) ~[spring-beans-6.2.15.jar:6.2.15]
	at org.springframework.beans.factory.support.AbstractBeanFactory.doGetBean(AbstractBeanFactory.java:315) ~[spring-beans-6.2.15.jar:6.2.15]
	... 15 common frames omitted
Caused by: liquibase.exception.LiquibaseException: liquibase.exception.CommandExecutionException: liquibase.exception.ChangeLogParseException: liquibase.exception.SetupException: The file db/changelog/cambios/01-crear-tablas-iniciales.sql was not found in the configured search path:
    - Spring classpath
More locations can be added with the 'searchPath' parameter.
	at liquibase.integration.spring.SpringLiquibase.afterPropertiesSet(SpringLiquibase.java:288) ~[liquibase-core-4.31.1.jar:na]
	at org.springframework.beans.factory.support.AbstractAutowireCapableBeanFactory.invokeInitMethods(AbstractAutowireCapableBeanFactory.java:1873) ~[spring-beans-6.2.15.jar:6.2.15]
	at org.springframework.beans.factory.support.AbstractAutowireCapableBeanFactory.initializeBean(AbstractAutowireCapableBeanFactory.java:1822) ~[spring-beans-6.2.15.jar:6.2.15]
	... 22 common frames omitted
Caused by: liquibase.exception.CommandExecutionException: liquibase.exception.ChangeLogParseException: liquibase.exception.SetupException: The file db/changelog/cambios/01-crear-tablas-iniciales.sql was not found in the configured search path:
    - Spring classpath
More locations can be added with the 'searchPath' parameter.
	at liquibase.command.CommandScope.lambda$execute$6(CommandScope.java:300) ~[liquibase-core-4.31.1.jar:na]
	at liquibase.Scope.child(Scope.java:210) ~[liquibase-core-4.31.1.jar:na]
	at liquibase.Scope.child(Scope.java:186) ~[liquibase-core-4.31.1.jar:na]
	at liquibase.command.CommandScope.execute(CommandScope.java:241) ~[liquibase-core-4.31.1.jar:na]
	at liquibase.Liquibase.lambda$update$0(Liquibase.java:216) ~[liquibase-core-4.31.1.jar:na]
	at liquibase.Scope.lambda$child$0(Scope.java:201) ~[liquibase-core-4.31.1.jar:na]
	at liquibase.Scope.child(Scope.java:210) ~[liquibase-core-4.31.1.jar:na]
	at liquibase.Scope.child(Scope.java:200) ~[liquibase-core-4.31.1.jar:na]
	at liquibase.Scope.child(Scope.java:179) ~[liquibase-core-4.31.1.jar:na]
	at liquibase.Liquibase.runInScope(Liquibase.java:1333) ~[liquibase-core-4.31.1.jar:na]
	at liquibase.Liquibase.update(Liquibase.java:205) ~[liquibase-core-4.31.1.jar:na]
	at liquibase.Liquibase.update(Liquibase.java:188) ~[liquibase-core-4.31.1.jar:na]
	at liquibase.integration.spring.SpringLiquibase.performUpdate(SpringLiquibase.java:326) ~[liquibase-core-4.31.1.jar:na]
	at liquibase.integration.spring.SpringLiquibase.lambda$afterPropertiesSet$0(SpringLiquibase.java:278) ~[liquibase-core-4.31.1.jar:na]
	at liquibase.Scope.lambda$child$0(Scope.java:201) ~[liquibase-core-4.31.1.jar:na]
	at liquibase.Scope.child(Scope.java:210) ~[liquibase-core-4.31.1.jar:na]
	at liquibase.Scope.child(Scope.java:200) ~[liquibase-core-4.31.1.jar:na]
	at liquibase.Scope.child(Scope.java:179) ~[liquibase-core-4.31.1.jar:na]
	at liquibase.integration.spring.SpringLiquibase.afterPropertiesSet(SpringLiquibase.java:271) ~[liquibase-core-4.31.1.jar:na]
	... 24 common frames omitted
Caused by: liquibase.exception.ChangeLogParseException: liquibase.exception.SetupException: The file db/changelog/cambios/01-crear-tablas-iniciales.sql was not found in the configured search path:
    - Spring classpath
More locations can be added with the 'searchPath' parameter.
	at liquibase.parser.core.xml.AbstractChangeLogParser.parse(AbstractChangeLogParser.java:25) ~[liquibase-core-4.31.1.jar:na]
	at liquibase.command.core.helpers.DatabaseChangelogCommandStep.lambda$getDatabaseChangeLog$0(DatabaseChangelogCommandStep.java:125) ~[liquibase-core-4.31.1.jar:na]
	at liquibase.Scope.child(Scope.java:210) ~[liquibase-core-4.31.1.jar:na]
	at liquibase.Scope.child(Scope.java:186) ~[liquibase-core-4.31.1.jar:na]
	at liquibase.command.core.helpers.DatabaseChangelogCommandStep.getDatabaseChangeLog(DatabaseChangelogCommandStep.java:124) ~[liquibase-core-4.31.1.jar:na]
	at liquibase.command.core.helpers.DatabaseChangelogCommandStep.run(DatabaseChangelogCommandStep.java:83) ~[liquibase-core-4.31.1.jar:na]
	at liquibase.command.CommandScope.lambda$execute$6(CommandScope.java:253) ~[liquibase-core-4.31.1.jar:na]
	... 42 common frames omitted
Caused by: liquibase.exception.SetupException: The file db/changelog/cambios/01-crear-tablas-iniciales.sql was not found in the configured search path:
    - Spring classpath
More locations can be added with the 'searchPath' parameter.
	at liquibase.changelog.DatabaseChangeLog.handleInclude(DatabaseChangeLog.java:655) ~[liquibase-core-4.31.1.jar:na]
	at liquibase.changelog.DatabaseChangeLog.handleChildNodeHelper(DatabaseChangeLog.java:477) ~[liquibase-core-4.31.1.jar:na]
	at liquibase.changelog.DatabaseChangeLog.handleChildNode(DatabaseChangeLog.java:462) ~[liquibase-core-4.31.1.jar:na]
	at liquibase.changelog.DatabaseChangeLog.load(DatabaseChangeLog.java:429) ~[liquibase-core-4.31.1.jar:na]
	at liquibase.parser.core.xml.AbstractChangeLogParser.parse(AbstractChangeLogParser.java:23) ~[liquibase-core-4.31.1.jar:na]
	... 48 common frames omitted
Caused by: liquibase.exception.LiquibaseException: The file db/changelog/cambios/01-crear-tablas-iniciales.sql was not found in the configured search path:
    - Spring classpath
More locations can be added with the 'searchPath' parameter.
	at liquibase.changelog.DatabaseChangeLog.include(DatabaseChangeLog.java:1110) ~[liquibase-core-4.31.1.jar:na]
	at liquibase.changelog.DatabaseChangeLog.handleInclude(DatabaseChangeLog.java:644) ~[liquibase-core-4.31.1.jar:na]
	... 52 common frames omitted
Caused by: liquibase.exception.ChangeLogParseException: The file db/changelog/cambios/01-crear-tablas-iniciales.sql was not found in the configured search path:
    - Spring classpath
More locations can be added with the 'searchPath' parameter.
	at liquibase.changelog.DatabaseChangeLog.include(DatabaseChangeLog.java:1071) ~[liquibase-core-4.31.1.jar:na]
	... 53 common frames omitted

2026-03-17T11:31:10.451-06:00  INFO 16356 --- [johnson-sistema] [restartedMain] c.j.practica.JohnsonSistemaApplication   : Starting JohnsonSistemaApplication using Java 17.0.12 with PID 16356 (C:\Users\User\OneDrive\Escritorio\Escuela\PRACTICAS\Sistema_Johnson\johnson-sistema\target\classes started by Franco in C:\Users\User\OneDrive\Escritorio\Escuela\PRACTICAS\Sistema_Johnson\johnson-sistema)
2026-03-17T11:31:10.458-06:00  INFO 16356 --- [johnson-sistema] [restartedMain] c.j.practica.JohnsonSistemaApplication   : No active profile set, falling back to 1 default profile: "default"
2026-03-17T11:31:11.017-06:00  INFO 16356 --- [johnson-sistema] [restartedMain] .s.d.r.c.RepositoryConfigurationDelegate : Bootstrapping Spring Data JPA repositories in DEFAULT mode.
2026-03-17T11:31:11.108-06:00  INFO 16356 --- [johnson-sistema] [restartedMain] .s.d.r.c.RepositoryConfigurationDelegate : Finished Spring Data repository scanning in 83 ms. Found 10 JPA repository interfaces.
2026-03-17T11:31:11.496-06:00  INFO 16356 --- [johnson-sistema] [restartedMain] o.s.b.w.embedded.tomcat.TomcatWebServer  : Tomcat initialized with port 8081 (http)
2026-03-17T11:31:11.500-06:00  INFO 16356 --- [johnson-sistema] [restartedMain] o.apache.catalina.core.StandardService   : Starting service [Tomcat]
2026-03-17T11:31:11.503-06:00  INFO 16356 --- [johnson-sistema] [restartedMain] o.apache.catalina.core.StandardEngine    : Starting Servlet engine: [Apache Tomcat/10.1.50]
2026-03-17T11:31:11.613-06:00  INFO 16356 --- [johnson-sistema] [restartedMain] o.a.c.c.C.[Tomcat-1].[localhost].[/]     : Initializing Spring embedded WebApplicationContext
2026-03-17T11:31:11.614-06:00  INFO 16356 --- [johnson-sistema] [restartedMain] w.s.c.ServletWebServerApplicationContext : Root WebApplicationContext: initialization completed in 1130 ms
2026-03-17T11:31:11.748-06:00  INFO 16356 --- [johnson-sistema] [restartedMain] com.zaxxer.hikari.HikariDataSource       : HikariPool-3 - Starting...
2026-03-17T11:31:11.850-06:00  INFO 16356 --- [johnson-sistema] [restartedMain] com.zaxxer.hikari.pool.HikariPool        : HikariPool-3 - Added connection org.postgresql.jdbc.PgConnection@36ba3e6
2026-03-17T11:31:11.850-06:00  INFO 16356 --- [johnson-sistema] [restartedMain] com.zaxxer.hikari.HikariDataSource       : HikariPool-3 - Start completed.
2026-03-17T11:31:11.879-06:00  INFO 16356 --- [johnson-sistema] [restartedMain] liquibase.database                       : Set default schema name to public
2026-03-17T11:31:11.996-06:00  INFO 16356 --- [johnson-sistema] [restartedMain] liquibase.command                        : Logging exception.
2026-03-17T11:31:11.997-06:00  INFO 16356 --- [johnson-sistema] [restartedMain] liquibase.ui                             : ERROR: Exception Details
2026-03-17T11:31:12.001-06:00  INFO 16356 --- [johnson-sistema] [restartedMain] liquibase.ui                             : ERROR: Exception Primary Class:  ChangeLogParseException
2026-03-17T11:31:12.005-06:00  INFO 16356 --- [johnson-sistema] [restartedMain] liquibase.ui                             : ERROR: Exception Primary Reason:  The file db/changelog/cambios/01-crear-tablas-iniciales.sql was not found in the configured search path:
    - Spring classpath
More locations can be added with the 'searchPath' parameter.
2026-03-17T11:31:12.008-06:00  INFO 16356 --- [johnson-sistema] [restartedMain] liquibase.ui                             : ERROR: Exception Primary Source:  4.31.1
2026-03-17T11:31:12.011-06:00  INFO 16356 --- [johnson-sistema] [restartedMain] liquibase.command                        : Command execution complete
2026-03-17T11:31:12.019-06:00  WARN 16356 --- [johnson-sistema] [restartedMain] ConfigServletWebServerApplicationContext : Exception encountered during context initialization - cancelling refresh attempt: org.springframework.beans.factory.BeanCreationException: Error creating bean with name 'entityManagerFactory' defined in class path resource [org/springframework/boot/autoconfigure/orm/jpa/HibernateJpaConfiguration.class]: Failed to initialize dependency 'liquibase' of LoadTimeWeaverAware bean 'entityManagerFactory': Error creating bean with name 'liquibase' defined in class path resource [org/springframework/boot/autoconfigure/liquibase/LiquibaseAutoConfiguration$LiquibaseConfiguration.class]: liquibase.exception.CommandExecutionException: liquibase.exception.ChangeLogParseException: liquibase.exception.SetupException: The file db/changelog/cambios/01-crear-tablas-iniciales.sql was not found in the configured search path:
    - Spring classpath
More locations can be added with the 'searchPath' parameter.
2026-03-17T11:31:12.021-06:00  INFO 16356 --- [johnson-sistema] [restartedMain] com.zaxxer.hikari.HikariDataSource       : HikariPool-3 - Shutdown initiated...
2026-03-17T11:31:12.130-06:00  INFO 16356 --- [johnson-sistema] [restartedMain] com.zaxxer.hikari.HikariDataSource       : HikariPool-3 - Shutdown completed.
2026-03-17T11:31:12.134-06:00  INFO 16356 --- [johnson-sistema] [restartedMain] o.apache.catalina.core.StandardService   : Stopping service [Tomcat]
2026-03-17T11:31:12.173-06:00  INFO 16356 --- [johnson-sistema] [restartedMain] .s.b.a.l.ConditionEvaluationReportLogger : 

Error starting ApplicationContext. To display the condition evaluation report re-run your application with 'debug' enabled.
2026-03-17T11:31:12.189-06:00 ERROR 16356 --- [johnson-sistema] [restartedMain] o.s.boot.SpringApplication               : Application run failed

org.springframework.beans.factory.BeanCreationException: Error creating bean with name 'entityManagerFactory' defined in class path resource [org/springframework/boot/autoconfigure/orm/jpa/HibernateJpaConfiguration.class]: Failed to initialize dependency 'liquibase' of LoadTimeWeaverAware bean 'entityManagerFactory': Error creating bean with name 'liquibase' defined in class path resource [org/springframework/boot/autoconfigure/liquibase/LiquibaseAutoConfiguration$LiquibaseConfiguration.class]: liquibase.exception.CommandExecutionException: liquibase.exception.ChangeLogParseException: liquibase.exception.SetupException: The file db/changelog/cambios/01-crear-tablas-iniciales.sql was not found in the configured search path:
    - Spring classpath
More locations can be added with the 'searchPath' parameter.
	at org.springframework.beans.factory.support.AbstractBeanFactory.doGetBean(AbstractBeanFactory.java:328) ~[spring-beans-6.2.15.jar:6.2.15]
	at org.springframework.beans.factory.support.AbstractBeanFactory.getBean(AbstractBeanFactory.java:207) ~[spring-beans-6.2.15.jar:6.2.15]
	at org.springframework.context.support.AbstractApplicationContext.finishBeanFactoryInitialization(AbstractApplicationContext.java:973) ~[spring-context-6.2.15.jar:6.2.15]
	at org.springframework.context.support.AbstractApplicationContext.refresh(AbstractApplicationContext.java:627) ~[spring-context-6.2.15.jar:6.2.15]
	at org.springframework.boot.web.servlet.context.ServletWebServerApplicationContext.refresh(ServletWebServerApplicationContext.java:146) ~[spring-boot-3.5.10.jar:3.5.10]
	at org.springframework.boot.SpringApplication.refresh(SpringApplication.java:752) ~[spring-boot-3.5.10.jar:3.5.10]
	at org.springframework.boot.SpringApplication.refreshContext(SpringApplication.java:439) ~[spring-boot-3.5.10.jar:3.5.10]
	at org.springframework.boot.SpringApplication.run(SpringApplication.java:318) ~[spring-boot-3.5.10.jar:3.5.10]
	at org.springframework.boot.SpringApplication.run(SpringApplication.java:1361) ~[spring-boot-3.5.10.jar:3.5.10]
	at org.springframework.boot.SpringApplication.run(SpringApplication.java:1350) ~[spring-boot-3.5.10.jar:3.5.10]
	at com.johnson.practica.JohnsonSistemaApplication.main(JohnsonSistemaApplication.java:16) ~[classes/:na]
	at java.base/jdk.internal.reflect.NativeMethodAccessorImpl.invoke0(Native Method) ~[na:na]
	at java.base/jdk.internal.reflect.NativeMethodAccessorImpl.invoke(NativeMethodAccessorImpl.java:77) ~[na:na]
	at java.base/jdk.internal.reflect.DelegatingMethodAccessorImpl.invoke(DelegatingMethodAccessorImpl.java:43) ~[na:na]
	at java.base/java.lang.reflect.Method.invoke(Method.java:568) ~[na:na]
	at org.springframework.boot.devtools.restart.RestartLauncher.run(RestartLauncher.java:50) ~[spring-boot-devtools-3.5.10.jar:3.5.10]
Caused by: org.springframework.beans.factory.BeanCreationException: Error creating bean with name 'liquibase' defined in class path resource [org/springframework/boot/autoconfigure/liquibase/LiquibaseAutoConfiguration$LiquibaseConfiguration.class]: liquibase.exception.CommandExecutionException: liquibase.exception.ChangeLogParseException: liquibase.exception.SetupException: The file db/changelog/cambios/01-crear-tablas-iniciales.sql was not found in the configured search path:
    - Spring classpath
More locations can be added with the 'searchPath' parameter.
	at org.springframework.beans.factory.support.AbstractAutowireCapableBeanFactory.initializeBean(AbstractAutowireCapableBeanFactory.java:1826) ~[spring-beans-6.2.15.jar:6.2.15]
	at org.springframework.beans.factory.support.AbstractAutowireCapableBeanFactory.doCreateBean(AbstractAutowireCapableBeanFactory.java:607) ~[spring-beans-6.2.15.jar:6.2.15]
	at org.springframework.beans.factory.support.AbstractAutowireCapableBeanFactory.createBean(AbstractAutowireCapableBeanFactory.java:529) ~[spring-beans-6.2.15.jar:6.2.15]
	at org.springframework.beans.factory.support.AbstractBeanFactory.lambda$doGetBean$0(AbstractBeanFactory.java:339) ~[spring-beans-6.2.15.jar:6.2.15]
	at org.springframework.beans.factory.support.DefaultSingletonBeanRegistry.getSingleton(DefaultSingletonBeanRegistry.java:373) ~[spring-beans-6.2.15.jar:6.2.15]
	at org.springframework.beans.factory.support.AbstractBeanFactory.doGetBean(AbstractBeanFactory.java:337) ~[spring-beans-6.2.15.jar:6.2.15]
	at org.springframework.beans.factory.support.AbstractBeanFactory.getBean(AbstractBeanFactory.java:202) ~[spring-beans-6.2.15.jar:6.2.15]
	at org.springframework.beans.factory.support.AbstractBeanFactory.doGetBean(AbstractBeanFactory.java:315) ~[spring-beans-6.2.15.jar:6.2.15]
	... 15 common frames omitted
Caused by: liquibase.exception.LiquibaseException: liquibase.exception.CommandExecutionException: liquibase.exception.ChangeLogParseException: liquibase.exception.SetupException: The file db/changelog/cambios/01-crear-tablas-iniciales.sql was not found in the configured search path:
    - Spring classpath
More locations can be added with the 'searchPath' parameter.
	at liquibase.integration.spring.SpringLiquibase.afterPropertiesSet(SpringLiquibase.java:288) ~[liquibase-core-4.31.1.jar:na]
	at org.springframework.beans.factory.support.AbstractAutowireCapableBeanFactory.invokeInitMethods(AbstractAutowireCapableBeanFactory.java:1873) ~[spring-beans-6.2.15.jar:6.2.15]
	at org.springframework.beans.factory.support.AbstractAutowireCapableBeanFactory.initializeBean(AbstractAutowireCapableBeanFactory.java:1822) ~[spring-beans-6.2.15.jar:6.2.15]
	... 22 common frames omitted
Caused by: liquibase.exception.CommandExecutionException: liquibase.exception.ChangeLogParseException: liquibase.exception.SetupException: The file db/changelog/cambios/01-crear-tablas-iniciales.sql was not found in the configured search path:
    - Spring classpath
More locations can be added with the 'searchPath' parameter.
	at liquibase.command.CommandScope.lambda$execute$6(CommandScope.java:300) ~[liquibase-core-4.31.1.jar:na]
	at liquibase.Scope.child(Scope.java:210) ~[liquibase-core-4.31.1.jar:na]
	at liquibase.Scope.child(Scope.java:186) ~[liquibase-core-4.31.1.jar:na]
	at liquibase.command.CommandScope.execute(CommandScope.java:241) ~[liquibase-core-4.31.1.jar:na]
	at liquibase.Liquibase.lambda$update$0(Liquibase.java:216) ~[liquibase-core-4.31.1.jar:na]
	at liquibase.Scope.lambda$child$0(Scope.java:201) ~[liquibase-core-4.31.1.jar:na]
	at liquibase.Scope.child(Scope.java:210) ~[liquibase-core-4.31.1.jar:na]
	at liquibase.Scope.child(Scope.java:200) ~[liquibase-core-4.31.1.jar:na]
	at liquibase.Scope.child(Scope.java:179) ~[liquibase-core-4.31.1.jar:na]
	at liquibase.Liquibase.runInScope(Liquibase.java:1333) ~[liquibase-core-4.31.1.jar:na]
	at liquibase.Liquibase.update(Liquibase.java:205) ~[liquibase-core-4.31.1.jar:na]
	at liquibase.Liquibase.update(Liquibase.java:188) ~[liquibase-core-4.31.1.jar:na]
	at liquibase.integration.spring.SpringLiquibase.performUpdate(SpringLiquibase.java:326) ~[liquibase-core-4.31.1.jar:na]
	at liquibase.integration.spring.SpringLiquibase.lambda$afterPropertiesSet$0(SpringLiquibase.java:278) ~[liquibase-core-4.31.1.jar:na]
	at liquibase.Scope.lambda$child$0(Scope.java:201) ~[liquibase-core-4.31.1.jar:na]
	at liquibase.Scope.child(Scope.java:210) ~[liquibase-core-4.31.1.jar:na]
	at liquibase.Scope.child(Scope.java:200) ~[liquibase-core-4.31.1.jar:na]
	at liquibase.Scope.child(Scope.java:179) ~[liquibase-core-4.31.1.jar:na]
	at liquibase.integration.spring.SpringLiquibase.afterPropertiesSet(SpringLiquibase.java:271) ~[liquibase-core-4.31.1.jar:na]
	... 24 common frames omitted
Caused by: liquibase.exception.ChangeLogParseException: liquibase.exception.SetupException: The file db/changelog/cambios/01-crear-tablas-iniciales.sql was not found in the configured search path:
    - Spring classpath
More locations can be added with the 'searchPath' parameter.
	at liquibase.parser.core.xml.AbstractChangeLogParser.parse(AbstractChangeLogParser.java:25) ~[liquibase-core-4.31.1.jar:na]
	at liquibase.command.core.helpers.DatabaseChangelogCommandStep.lambda$getDatabaseChangeLog$0(DatabaseChangelogCommandStep.java:125) ~[liquibase-core-4.31.1.jar:na]
	at liquibase.Scope.child(Scope.java:210) ~[liquibase-core-4.31.1.jar:na]
	at liquibase.Scope.child(Scope.java:186) ~[liquibase-core-4.31.1.jar:na]
	at liquibase.command.core.helpers.DatabaseChangelogCommandStep.getDatabaseChangeLog(DatabaseChangelogCommandStep.java:124) ~[liquibase-core-4.31.1.jar:na]
	at liquibase.command.core.helpers.DatabaseChangelogCommandStep.run(DatabaseChangelogCommandStep.java:83) ~[liquibase-core-4.31.1.jar:na]
	at liquibase.command.CommandScope.lambda$execute$6(CommandScope.java:253) ~[liquibase-core-4.31.1.jar:na]
	... 42 common frames omitted
Caused by: liquibase.exception.SetupException: The file db/changelog/cambios/01-crear-tablas-iniciales.sql was not found in the configured search path:
    - Spring classpath
More locations can be added with the 'searchPath' parameter.
	at liquibase.changelog.DatabaseChangeLog.handleInclude(DatabaseChangeLog.java:655) ~[liquibase-core-4.31.1.jar:na]
	at liquibase.changelog.DatabaseChangeLog.handleChildNodeHelper(DatabaseChangeLog.java:477) ~[liquibase-core-4.31.1.jar:na]
	at liquibase.changelog.DatabaseChangeLog.handleChildNode(DatabaseChangeLog.java:462) ~[liquibase-core-4.31.1.jar:na]
	at liquibase.changelog.DatabaseChangeLog.load(DatabaseChangeLog.java:429) ~[liquibase-core-4.31.1.jar:na]
	at liquibase.parser.core.xml.AbstractChangeLogParser.parse(AbstractChangeLogParser.java:23) ~[liquibase-core-4.31.1.jar:na]
	... 48 common frames omitted
Caused by: liquibase.exception.LiquibaseException: The file db/changelog/cambios/01-crear-tablas-iniciales.sql was not found in the configured search path:
    - Spring classpath
More locations can be added with the 'searchPath' parameter.
	at liquibase.changelog.DatabaseChangeLog.include(DatabaseChangeLog.java:1110) ~[liquibase-core-4.31.1.jar:na]
	at liquibase.changelog.DatabaseChangeLog.handleInclude(DatabaseChangeLog.java:644) ~[liquibase-core-4.31.1.jar:na]
	... 52 common frames omitted
Caused by: liquibase.exception.ChangeLogParseException: The file db/changelog/cambios/01-crear-tablas-iniciales.sql was not found in the configured search path:
    - Spring classpath
More locations can be added with the 'searchPath' parameter.
	at liquibase.changelog.DatabaseChangeLog.include(DatabaseChangeLog.java:1071) ~[liquibase-core-4.31.1.jar:na]
	... 53 common frames omitted

2026-03-17T11:33:05.886-06:00  INFO 20028 --- [johnson-sistema] [restartedMain] c.j.practica.JohnsonSistemaApplication   : Starting JohnsonSistemaApplication using Java 17.0.12 with PID 20028 (C:\Users\User\OneDrive\Escritorio\Escuela\PRACTICAS\Sistema_Johnson\johnson-sistema\target\classes started by Franco in C:\Users\User\OneDrive\Escritorio\Escuela\PRACTICAS\Sistema_Johnson\johnson-sistema)
2026-03-17T11:33:05.891-06:00  INFO 20028 --- [johnson-sistema] [restartedMain] c.j.practica.JohnsonSistemaApplication   : No active profile set, falling back to 1 default profile: "default"
2026-03-17T11:33:05.983-06:00  INFO 20028 --- [johnson-sistema] [restartedMain] .e.DevToolsPropertyDefaultsPostProcessor : Devtools property defaults active! Set 'spring.devtools.add-properties' to 'false' to disable
2026-03-17T11:33:05.984-06:00  INFO 20028 --- [johnson-sistema] [restartedMain] .e.DevToolsPropertyDefaultsPostProcessor : For additional web related logging consider setting the 'logging.level.web' property to 'DEBUG'
2026-03-17T11:33:07.929-06:00  INFO 20028 --- [johnson-sistema] [restartedMain] .s.d.r.c.RepositoryConfigurationDelegate : Bootstrapping Spring Data JPA repositories in DEFAULT mode.
2026-03-17T11:33:08.147-06:00  INFO 20028 --- [johnson-sistema] [restartedMain] .s.d.r.c.RepositoryConfigurationDelegate : Finished Spring Data repository scanning in 189 ms. Found 10 JPA repository interfaces.
2026-03-17T11:33:09.870-06:00  INFO 20028 --- [johnson-sistema] [restartedMain] o.s.b.w.embedded.tomcat.TomcatWebServer  : Tomcat initialized with port 8081 (http)
2026-03-17T11:33:09.925-06:00  INFO 20028 --- [johnson-sistema] [restartedMain] o.apache.catalina.core.StandardService   : Starting service [Tomcat]
2026-03-17T11:33:09.929-06:00  INFO 20028 --- [johnson-sistema] [restartedMain] o.apache.catalina.core.StandardEngine    : Starting Servlet engine: [Apache Tomcat/10.1.50]
2026-03-17T11:33:10.029-06:00  INFO 20028 --- [johnson-sistema] [restartedMain] o.a.c.c.C.[Tomcat].[localhost].[/]       : Initializing Spring embedded WebApplicationContext
2026-03-17T11:33:10.035-06:00  INFO 20028 --- [johnson-sistema] [restartedMain] w.s.c.ServletWebServerApplicationContext : Root WebApplicationContext: initialization completed in 4048 ms
2026-03-17T11:33:10.421-06:00  INFO 20028 --- [johnson-sistema] [restartedMain] com.zaxxer.hikari.HikariDataSource       : HikariPool-1 - Starting...
2026-03-17T11:33:11.030-06:00  INFO 20028 --- [johnson-sistema] [restartedMain] com.zaxxer.hikari.pool.HikariPool        : HikariPool-1 - Added connection org.postgresql.jdbc.PgConnection@3a97b27b
2026-03-17T11:33:11.038-06:00  INFO 20028 --- [johnson-sistema] [restartedMain] com.zaxxer.hikari.HikariDataSource       : HikariPool-1 - Start completed.
2026-03-17T11:33:11.644-06:00  INFO 20028 --- [johnson-sistema] [restartedMain] liquibase.database                       : Set default schema name to public
2026-03-17T11:33:12.190-06:00  INFO 20028 --- [johnson-sistema] [restartedMain] liquibase.command                        : Logging exception.
2026-03-17T11:33:12.192-06:00  INFO 20028 --- [johnson-sistema] [restartedMain] liquibase.ui                             : ERROR: Exception Details
2026-03-17T11:33:12.195-06:00  INFO 20028 --- [johnson-sistema] [restartedMain] liquibase.ui                             : ERROR: Exception Primary Class:  ChangeLogParseException
2026-03-17T11:33:12.199-06:00  INFO 20028 --- [johnson-sistema] [restartedMain] liquibase.ui                             : ERROR: Exception Primary Reason:  The file db/changelog/cambios/01-crear-tablas-iniciales.sql was not found in the configured search path:
    - Spring classpath
More locations can be added with the 'searchPath' parameter.
2026-03-17T11:33:12.201-06:00  INFO 20028 --- [johnson-sistema] [restartedMain] liquibase.ui                             : ERROR: Exception Primary Source:  4.31.1
2026-03-17T11:33:12.204-06:00  INFO 20028 --- [johnson-sistema] [restartedMain] liquibase.command                        : Command execution complete
2026-03-17T11:33:13.400-06:00  WARN 20028 --- [johnson-sistema] [restartedMain] ConfigServletWebServerApplicationContext : Exception encountered during context initialization - cancelling refresh attempt: org.springframework.beans.factory.BeanCreationException: Error creating bean with name 'entityManagerFactory' defined in class path resource [org/springframework/boot/autoconfigure/orm/jpa/HibernateJpaConfiguration.class]: Failed to initialize dependency 'liquibase' of LoadTimeWeaverAware bean 'entityManagerFactory': Error creating bean with name 'liquibase' defined in class path resource [org/springframework/boot/autoconfigure/liquibase/LiquibaseAutoConfiguration$LiquibaseConfiguration.class]: liquibase.exception.CommandExecutionException: liquibase.exception.ChangeLogParseException: liquibase.exception.SetupException: The file db/changelog/cambios/01-crear-tablas-iniciales.sql was not found in the configured search path:
    - Spring classpath
More locations can be added with the 'searchPath' parameter.
2026-03-17T11:33:13.402-06:00  INFO 20028 --- [johnson-sistema] [restartedMain] com.zaxxer.hikari.HikariDataSource       : HikariPool-1 - Shutdown initiated...
2026-03-17T11:33:13.411-06:00  INFO 20028 --- [johnson-sistema] [restartedMain] com.zaxxer.hikari.HikariDataSource       : HikariPool-1 - Shutdown completed.
2026-03-17T11:33:13.430-06:00  INFO 20028 --- [johnson-sistema] [restartedMain] o.apache.catalina.core.StandardService   : Stopping service [Tomcat]
2026-03-17T11:33:13.459-06:00  INFO 20028 --- [johnson-sistema] [restartedMain] .s.b.a.l.ConditionEvaluationReportLogger : 

Error starting ApplicationContext. To display the condition evaluation report re-run your application with 'debug' enabled.
2026-03-17T11:33:13.494-06:00 ERROR 20028 --- [johnson-sistema] [restartedMain] o.s.boot.SpringApplication               : Application run failed

org.springframework.beans.factory.BeanCreationException: Error creating bean with name 'entityManagerFactory' defined in class path resource [org/springframework/boot/autoconfigure/orm/jpa/HibernateJpaConfiguration.class]: Failed to initialize dependency 'liquibase' of LoadTimeWeaverAware bean 'entityManagerFactory': Error creating bean with name 'liquibase' defined in class path resource [org/springframework/boot/autoconfigure/liquibase/LiquibaseAutoConfiguration$LiquibaseConfiguration.class]: liquibase.exception.CommandExecutionException: liquibase.exception.ChangeLogParseException: liquibase.exception.SetupException: The file db/changelog/cambios/01-crear-tablas-iniciales.sql was not found in the configured search path:
    - Spring classpath
More locations can be added with the 'searchPath' parameter.
	at org.springframework.beans.factory.support.AbstractBeanFactory.doGetBean(AbstractBeanFactory.java:328) ~[spring-beans-6.2.15.jar:6.2.15]
	at org.springframework.beans.factory.support.AbstractBeanFactory.getBean(AbstractBeanFactory.java:207) ~[spring-beans-6.2.15.jar:6.2.15]
	at org.springframework.context.support.AbstractApplicationContext.finishBeanFactoryInitialization(AbstractApplicationContext.java:973) ~[spring-context-6.2.15.jar:6.2.15]
	at org.springframework.context.support.AbstractApplicationContext.refresh(AbstractApplicationContext.java:627) ~[spring-context-6.2.15.jar:6.2.15]
	at org.springframework.boot.web.servlet.context.ServletWebServerApplicationContext.refresh(ServletWebServerApplicationContext.java:146) ~[spring-boot-3.5.10.jar:3.5.10]
	at org.springframework.boot.SpringApplication.refresh(SpringApplication.java:752) ~[spring-boot-3.5.10.jar:3.5.10]
	at org.springframework.boot.SpringApplication.refreshContext(SpringApplication.java:439) ~[spring-boot-3.5.10.jar:3.5.10]
	at org.springframework.boot.SpringApplication.run(SpringApplication.java:318) ~[spring-boot-3.5.10.jar:3.5.10]
	at org.springframework.boot.SpringApplication.run(SpringApplication.java:1361) ~[spring-boot-3.5.10.jar:3.5.10]
	at org.springframework.boot.SpringApplication.run(SpringApplication.java:1350) ~[spring-boot-3.5.10.jar:3.5.10]
	at com.johnson.practica.JohnsonSistemaApplication.main(JohnsonSistemaApplication.java:16) ~[classes/:na]
	at java.base/jdk.internal.reflect.NativeMethodAccessorImpl.invoke0(Native Method) ~[na:na]
	at java.base/jdk.internal.reflect.NativeMethodAccessorImpl.invoke(NativeMethodAccessorImpl.java:77) ~[na:na]
	at java.base/jdk.internal.reflect.DelegatingMethodAccessorImpl.invoke(DelegatingMethodAccessorImpl.java:43) ~[na:na]
	at java.base/java.lang.reflect.Method.invoke(Method.java:568) ~[na:na]
	at org.springframework.boot.devtools.restart.RestartLauncher.run(RestartLauncher.java:50) ~[spring-boot-devtools-3.5.10.jar:3.5.10]
Caused by: org.springframework.beans.factory.BeanCreationException: Error creating bean with name 'liquibase' defined in class path resource [org/springframework/boot/autoconfigure/liquibase/LiquibaseAutoConfiguration$LiquibaseConfiguration.class]: liquibase.exception.CommandExecutionException: liquibase.exception.ChangeLogParseException: liquibase.exception.SetupException: The file db/changelog/cambios/01-crear-tablas-iniciales.sql was not found in the configured search path:
    - Spring classpath
More locations can be added with the 'searchPath' parameter.
	at org.springframework.beans.factory.support.AbstractAutowireCapableBeanFactory.initializeBean(AbstractAutowireCapableBeanFactory.java:1826) ~[spring-beans-6.2.15.jar:6.2.15]
	at org.springframework.beans.factory.support.AbstractAutowireCapableBeanFactory.doCreateBean(AbstractAutowireCapableBeanFactory.java:607) ~[spring-beans-6.2.15.jar:6.2.15]
	at org.springframework.beans.factory.support.AbstractAutowireCapableBeanFactory.createBean(AbstractAutowireCapableBeanFactory.java:529) ~[spring-beans-6.2.15.jar:6.2.15]
	at org.springframework.beans.factory.support.AbstractBeanFactory.lambda$doGetBean$0(AbstractBeanFactory.java:339) ~[spring-beans-6.2.15.jar:6.2.15]
	at org.springframework.beans.factory.support.DefaultSingletonBeanRegistry.getSingleton(DefaultSingletonBeanRegistry.java:373) ~[spring-beans-6.2.15.jar:6.2.15]
	at org.springframework.beans.factory.support.AbstractBeanFactory.doGetBean(AbstractBeanFactory.java:337) ~[spring-beans-6.2.15.jar:6.2.15]
	at org.springframework.beans.factory.support.AbstractBeanFactory.getBean(AbstractBeanFactory.java:202) ~[spring-beans-6.2.15.jar:6.2.15]
	at org.springframework.beans.factory.support.AbstractBeanFactory.doGetBean(AbstractBeanFactory.java:315) ~[spring-beans-6.2.15.jar:6.2.15]
	... 15 common frames omitted
Caused by: liquibase.exception.LiquibaseException: liquibase.exception.CommandExecutionException: liquibase.exception.ChangeLogParseException: liquibase.exception.SetupException: The file db/changelog/cambios/01-crear-tablas-iniciales.sql was not found in the configured search path:
    - Spring classpath
More locations can be added with the 'searchPath' parameter.
	at liquibase.integration.spring.SpringLiquibase.afterPropertiesSet(SpringLiquibase.java:288) ~[liquibase-core-4.31.1.jar:na]
	at org.springframework.beans.factory.support.AbstractAutowireCapableBeanFactory.invokeInitMethods(AbstractAutowireCapableBeanFactory.java:1873) ~[spring-beans-6.2.15.jar:6.2.15]
	at org.springframework.beans.factory.support.AbstractAutowireCapableBeanFactory.initializeBean(AbstractAutowireCapableBeanFactory.java:1822) ~[spring-beans-6.2.15.jar:6.2.15]
	... 22 common frames omitted
Caused by: liquibase.exception.CommandExecutionException: liquibase.exception.ChangeLogParseException: liquibase.exception.SetupException: The file db/changelog/cambios/01-crear-tablas-iniciales.sql was not found in the configured search path:
    - Spring classpath
More locations can be added with the 'searchPath' parameter.
	at liquibase.command.CommandScope.lambda$execute$6(CommandScope.java:300) ~[liquibase-core-4.31.1.jar:na]
	at liquibase.Scope.child(Scope.java:210) ~[liquibase-core-4.31.1.jar:na]
	at liquibase.Scope.child(Scope.java:186) ~[liquibase-core-4.31.1.jar:na]
	at liquibase.command.CommandScope.execute(CommandScope.java:241) ~[liquibase-core-4.31.1.jar:na]
	at liquibase.Liquibase.lambda$update$0(Liquibase.java:216) ~[liquibase-core-4.31.1.jar:na]
	at liquibase.Scope.lambda$child$0(Scope.java:201) ~[liquibase-core-4.31.1.jar:na]
	at liquibase.Scope.child(Scope.java:210) ~[liquibase-core-4.31.1.jar:na]
	at liquibase.Scope.child(Scope.java:200) ~[liquibase-core-4.31.1.jar:na]
	at liquibase.Scope.child(Scope.java:179) ~[liquibase-core-4.31.1.jar:na]
	at liquibase.Liquibase.runInScope(Liquibase.java:1333) ~[liquibase-core-4.31.1.jar:na]
	at liquibase.Liquibase.update(Liquibase.java:205) ~[liquibase-core-4.31.1.jar:na]
	at liquibase.Liquibase.update(Liquibase.java:188) ~[liquibase-core-4.31.1.jar:na]
	at liquibase.integration.spring.SpringLiquibase.performUpdate(SpringLiquibase.java:326) ~[liquibase-core-4.31.1.jar:na]
	at liquibase.integration.spring.SpringLiquibase.lambda$afterPropertiesSet$0(SpringLiquibase.java:278) ~[liquibase-core-4.31.1.jar:na]
	at liquibase.Scope.lambda$child$0(Scope.java:201) ~[liquibase-core-4.31.1.jar:na]
	at liquibase.Scope.child(Scope.java:210) ~[liquibase-core-4.31.1.jar:na]
	at liquibase.Scope.child(Scope.java:200) ~[liquibase-core-4.31.1.jar:na]
	at liquibase.Scope.child(Scope.java:179) ~[liquibase-core-4.31.1.jar:na]
	at liquibase.integration.spring.SpringLiquibase.afterPropertiesSet(SpringLiquibase.java:271) ~[liquibase-core-4.31.1.jar:na]
	... 24 common frames omitted
Caused by: liquibase.exception.ChangeLogParseException: liquibase.exception.SetupException: The file db/changelog/cambios/01-crear-tablas-iniciales.sql was not found in the configured search path:
    - Spring classpath
More locations can be added with the 'searchPath' parameter.
	at liquibase.parser.core.xml.AbstractChangeLogParser.parse(AbstractChangeLogParser.java:25) ~[liquibase-core-4.31.1.jar:na]
	at liquibase.command.core.helpers.DatabaseChangelogCommandStep.lambda$getDatabaseChangeLog$0(DatabaseChangelogCommandStep.java:125) ~[liquibase-core-4.31.1.jar:na]
	at liquibase.Scope.child(Scope.java:210) ~[liquibase-core-4.31.1.jar:na]
	at liquibase.Scope.child(Scope.java:186) ~[liquibase-core-4.31.1.jar:na]
	at liquibase.command.core.helpers.DatabaseChangelogCommandStep.getDatabaseChangeLog(DatabaseChangelogCommandStep.java:124) ~[liquibase-core-4.31.1.jar:na]
	at liquibase.command.core.helpers.DatabaseChangelogCommandStep.run(DatabaseChangelogCommandStep.java:83) ~[liquibase-core-4.31.1.jar:na]
	at liquibase.command.CommandScope.lambda$execute$6(CommandScope.java:253) ~[liquibase-core-4.31.1.jar:na]
	... 42 common frames omitted
Caused by: liquibase.exception.SetupException: The file db/changelog/cambios/01-crear-tablas-iniciales.sql was not found in the configured search path:
    - Spring classpath
More locations can be added with the 'searchPath' parameter.
	at liquibase.changelog.DatabaseChangeLog.handleInclude(DatabaseChangeLog.java:655) ~[liquibase-core-4.31.1.jar:na]
	at liquibase.changelog.DatabaseChangeLog.handleChildNodeHelper(DatabaseChangeLog.java:477) ~[liquibase-core-4.31.1.jar:na]
	at liquibase.changelog.DatabaseChangeLog.handleChildNode(DatabaseChangeLog.java:462) ~[liquibase-core-4.31.1.jar:na]
	at liquibase.changelog.DatabaseChangeLog.load(DatabaseChangeLog.java:429) ~[liquibase-core-4.31.1.jar:na]
	at liquibase.parser.core.xml.AbstractChangeLogParser.parse(AbstractChangeLogParser.java:23) ~[liquibase-core-4.31.1.jar:na]
	... 48 common frames omitted
Caused by: liquibase.exception.LiquibaseException: The file db/changelog/cambios/01-crear-tablas-iniciales.sql was not found in the configured search path:
    - Spring classpath
More locations can be added with the 'searchPath' parameter.
	at liquibase.changelog.DatabaseChangeLog.include(DatabaseChangeLog.java:1110) ~[liquibase-core-4.31.1.jar:na]
	at liquibase.changelog.DatabaseChangeLog.handleInclude(DatabaseChangeLog.java:644) ~[liquibase-core-4.31.1.jar:na]
	... 52 common frames omitted
Caused by: liquibase.exception.ChangeLogParseException: The file db/changelog/cambios/01-crear-tablas-iniciales.sql was not found in the configured search path:
    - Spring classpath
More locations can be added with the 'searchPath' parameter.
	at liquibase.changelog.DatabaseChangeLog.include(DatabaseChangeLog.java:1071) ~[liquibase-core-4.31.1.jar:na]
	... 53 common frames omitted

2026-03-17T11:36:00.379-06:00  INFO 5560 --- [johnson-sistema] [restartedMain] c.j.practica.JohnsonSistemaApplication   : Starting JohnsonSistemaApplication using Java 17.0.12 with PID 5560 (C:\Users\User\OneDrive\Escritorio\Escuela\PRACTICAS\Sistema_Johnson\johnson-sistema\target\classes started by Franco in C:\Users\User\OneDrive\Escritorio\Escuela\PRACTICAS\Sistema_Johnson\johnson-sistema)
2026-03-17T11:36:00.384-06:00  INFO 5560 --- [johnson-sistema] [restartedMain] c.j.practica.JohnsonSistemaApplication   : No active profile set, falling back to 1 default profile: "default"
2026-03-17T11:36:00.475-06:00  INFO 5560 --- [johnson-sistema] [restartedMain] .e.DevToolsPropertyDefaultsPostProcessor : Devtools property defaults active! Set 'spring.devtools.add-properties' to 'false' to disable
2026-03-17T11:36:00.477-06:00  INFO 5560 --- [johnson-sistema] [restartedMain] .e.DevToolsPropertyDefaultsPostProcessor : For additional web related logging consider setting the 'logging.level.web' property to 'DEBUG'
2026-03-17T11:36:02.424-06:00  INFO 5560 --- [johnson-sistema] [restartedMain] .s.d.r.c.RepositoryConfigurationDelegate : Bootstrapping Spring Data JPA repositories in DEFAULT mode.
2026-03-17T11:36:02.664-06:00  INFO 5560 --- [johnson-sistema] [restartedMain] .s.d.r.c.RepositoryConfigurationDelegate : Finished Spring Data repository scanning in 224 ms. Found 10 JPA repository interfaces.
2026-03-17T11:36:04.236-06:00  INFO 5560 --- [johnson-sistema] [restartedMain] o.s.b.w.embedded.tomcat.TomcatWebServer  : Tomcat initialized with port 8081 (http)
2026-03-17T11:36:04.263-06:00  INFO 5560 --- [johnson-sistema] [restartedMain] o.apache.catalina.core.StandardService   : Starting service [Tomcat]
2026-03-17T11:36:04.272-06:00  INFO 5560 --- [johnson-sistema] [restartedMain] o.apache.catalina.core.StandardEngine    : Starting Servlet engine: [Apache Tomcat/10.1.50]
2026-03-17T11:36:04.369-06:00  INFO 5560 --- [johnson-sistema] [restartedMain] o.a.c.c.C.[Tomcat].[localhost].[/]       : Initializing Spring embedded WebApplicationContext
2026-03-17T11:36:04.370-06:00  INFO 5560 --- [johnson-sistema] [restartedMain] w.s.c.ServletWebServerApplicationContext : Root WebApplicationContext: initialization completed in 3890 ms
2026-03-17T11:36:04.765-06:00  INFO 5560 --- [johnson-sistema] [restartedMain] com.zaxxer.hikari.HikariDataSource       : HikariPool-1 - Starting...
2026-03-17T11:36:05.289-06:00  INFO 5560 --- [johnson-sistema] [restartedMain] com.zaxxer.hikari.pool.HikariPool        : HikariPool-1 - Added connection org.postgresql.jdbc.PgConnection@1cb83cb3
2026-03-17T11:36:05.296-06:00  INFO 5560 --- [johnson-sistema] [restartedMain] com.zaxxer.hikari.HikariDataSource       : HikariPool-1 - Start completed.
2026-03-17T11:36:05.765-06:00  INFO 5560 --- [johnson-sistema] [restartedMain] liquibase.database                       : Set default schema name to public
2026-03-17T11:36:06.608-06:00  INFO 5560 --- [johnson-sistema] [restartedMain] liquibase.changelog                      : Creating database history table with name: public.databasechangelog
2026-03-17T11:36:06.785-06:00  INFO 5560 --- [johnson-sistema] [restartedMain] liquibase.changelog                      : Reading from public.databasechangelog
2026-03-17T11:36:06.859-06:00  INFO 5560 --- [johnson-sistema] [restartedMain] liquibase.snapshot                       : Creating snapshot
2026-03-17T11:36:07.093-06:00  INFO 5560 --- [johnson-sistema] [restartedMain] liquibase.lockservice                    : Successfully acquired change log lock
2026-03-17T11:36:07.100-06:00  INFO 5560 --- [johnson-sistema] [restartedMain] liquibase.command                        : Using deploymentId: 3768964709
2026-03-17T11:36:07.106-06:00  INFO 5560 --- [johnson-sistema] [restartedMain] liquibase.changelog                      : Reading from public.databasechangelog
2026-03-17T11:36:07.162-06:00  INFO 5560 --- [johnson-sistema] [restartedMain] liquibase.ui                             : Running Changeset: db/changelog/cambios/crear-tablas-iniciales.sql::1::franco
2026-03-17T11:36:07.242-06:00 ERROR 5560 --- [johnson-sistema] [restartedMain] liquibase.changelog                      : ChangeSet db/changelog/cambios/crear-tablas-iniciales.sql::1::franco encountered an exception.

liquibase.exception.DatabaseException: ERROR: relation "adjuntos" already exists [Failed SQL: (0) CREATE TABLE adjuntos (id bigint generated by default as identity, datos oid not null, nombre_archivo varchar(255), subido_en timestamp(6), tipo_contenido varchar(255), elemento_checklist_id bigint, proyecto_id bigint, subido_por_id bigint, primary key (id))]
	at liquibase.executor.jvm.JdbcExecutor$ExecuteStatementCallback.doInStatement(JdbcExecutor.java:497) ~[liquibase-core-4.31.1.jar:na]
	at liquibase.executor.jvm.JdbcExecutor.execute(JdbcExecutor.java:83) ~[liquibase-core-4.31.1.jar:na]
	at liquibase.executor.jvm.JdbcExecutor.execute(JdbcExecutor.java:185) ~[liquibase-core-4.31.1.jar:na]
	at liquibase.executor.AbstractExecutor.execute(AbstractExecutor.java:141) ~[liquibase-core-4.31.1.jar:na]
	at liquibase.database.AbstractJdbcDatabase.executeStatements(AbstractJdbcDatabase.java:1189) ~[liquibase-core-4.31.1.jar:na]
	at liquibase.changelog.ChangeSet.execute(ChangeSet.java:790) ~[liquibase-core-4.31.1.jar:na]
	at liquibase.changelog.visitor.UpdateVisitor.executeAcceptedChange(UpdateVisitor.java:126) ~[liquibase-core-4.31.1.jar:na]
	at liquibase.changelog.visitor.UpdateVisitor.visit(UpdateVisitor.java:70) ~[liquibase-core-4.31.1.jar:na]
	at liquibase.changelog.ChangeLogIterator.lambda$run$0(ChangeLogIterator.java:133) ~[liquibase-core-4.31.1.jar:na]
	at liquibase.Scope.lambda$child$0(Scope.java:201) ~[liquibase-core-4.31.1.jar:na]
	at liquibase.Scope.child(Scope.java:210) ~[liquibase-core-4.31.1.jar:na]
	at liquibase.Scope.child(Scope.java:200) ~[liquibase-core-4.31.1.jar:na]
	at liquibase.Scope.child(Scope.java:179) ~[liquibase-core-4.31.1.jar:na]
	at liquibase.changelog.ChangeLogIterator.lambda$run$1(ChangeLogIterator.java:122) ~[liquibase-core-4.31.1.jar:na]
	at liquibase.Scope.lambda$child$0(Scope.java:201) ~[liquibase-core-4.31.1.jar:na]
	at liquibase.Scope.child(Scope.java:210) ~[liquibase-core-4.31.1.jar:na]
	at liquibase.Scope.child(Scope.java:200) ~[liquibase-core-4.31.1.jar:na]
	at liquibase.Scope.child(Scope.java:179) ~[liquibase-core-4.31.1.jar:na]
	at liquibase.Scope.child(Scope.java:267) ~[liquibase-core-4.31.1.jar:na]
	at liquibase.Scope.child(Scope.java:271) ~[liquibase-core-4.31.1.jar:na]
	at liquibase.changelog.ChangeLogIterator.run(ChangeLogIterator.java:91) ~[liquibase-core-4.31.1.jar:na]
	at liquibase.command.core.AbstractUpdateCommandStep.lambda$run$0(AbstractUpdateCommandStep.java:114) ~[liquibase-core-4.31.1.jar:na]
	at liquibase.Scope.lambda$child$0(Scope.java:201) ~[liquibase-core-4.31.1.jar:na]
	at liquibase.Scope.child(Scope.java:210) ~[liquibase-core-4.31.1.jar:na]
	at liquibase.Scope.child(Scope.java:200) ~[liquibase-core-4.31.1.jar:na]
	at liquibase.Scope.child(Scope.java:179) ~[liquibase-core-4.31.1.jar:na]
	at liquibase.command.core.AbstractUpdateCommandStep.run(AbstractUpdateCommandStep.java:112) ~[liquibase-core-4.31.1.jar:na]
	at liquibase.command.core.UpdateCommandStep.run(UpdateCommandStep.java:100) ~[liquibase-core-4.31.1.jar:na]
	at liquibase.command.CommandScope.lambda$execute$6(CommandScope.java:253) ~[liquibase-core-4.31.1.jar:na]
	at liquibase.Scope.child(Scope.java:210) ~[liquibase-core-4.31.1.jar:na]
	at liquibase.Scope.child(Scope.java:186) ~[liquibase-core-4.31.1.jar:na]
	at liquibase.command.CommandScope.execute(CommandScope.java:241) ~[liquibase-core-4.31.1.jar:na]
	at liquibase.Liquibase.lambda$update$0(Liquibase.java:216) ~[liquibase-core-4.31.1.jar:na]
	at liquibase.Scope.lambda$child$0(Scope.java:201) ~[liquibase-core-4.31.1.jar:na]
	at liquibase.Scope.child(Scope.java:210) ~[liquibase-core-4.31.1.jar:na]
	at liquibase.Scope.child(Scope.java:200) ~[liquibase-core-4.31.1.jar:na]
	at liquibase.Scope.child(Scope.java:179) ~[liquibase-core-4.31.1.jar:na]
	at liquibase.Liquibase.runInScope(Liquibase.java:1333) ~[liquibase-core-4.31.1.jar:na]
	at liquibase.Liquibase.update(Liquibase.java:205) ~[liquibase-core-4.31.1.jar:na]
	at liquibase.Liquibase.update(Liquibase.java:188) ~[liquibase-core-4.31.1.jar:na]
	at liquibase.integration.spring.SpringLiquibase.performUpdate(SpringLiquibase.java:326) ~[liquibase-core-4.31.1.jar:na]
	at liquibase.integration.spring.SpringLiquibase.lambda$afterPropertiesSet$0(SpringLiquibase.java:278) ~[liquibase-core-4.31.1.jar:na]
	at liquibase.Scope.lambda$child$0(Scope.java:201) ~[liquibase-core-4.31.1.jar:na]
	at liquibase.Scope.child(Scope.java:210) ~[liquibase-core-4.31.1.jar:na]
	at liquibase.Scope.child(Scope.java:200) ~[liquibase-core-4.31.1.jar:na]
	at liquibase.Scope.child(Scope.java:179) ~[liquibase-core-4.31.1.jar:na]
	at liquibase.integration.spring.SpringLiquibase.afterPropertiesSet(SpringLiquibase.java:271) ~[liquibase-core-4.31.1.jar:na]
	at org.springframework.beans.factory.support.AbstractAutowireCapableBeanFactory.invokeInitMethods(AbstractAutowireCapableBeanFactory.java:1873) ~[spring-beans-6.2.15.jar:6.2.15]
	at org.springframework.beans.factory.support.AbstractAutowireCapableBeanFactory.initializeBean(AbstractAutowireCapableBeanFactory.java:1822) ~[spring-beans-6.2.15.jar:6.2.15]
	at org.springframework.beans.factory.support.AbstractAutowireCapableBeanFactory.doCreateBean(AbstractAutowireCapableBeanFactory.java:607) ~[spring-beans-6.2.15.jar:6.2.15]
	at org.springframework.beans.factory.support.AbstractAutowireCapableBeanFactory.createBean(AbstractAutowireCapableBeanFactory.java:529) ~[spring-beans-6.2.15.jar:6.2.15]
	at org.springframework.beans.factory.support.AbstractBeanFactory.lambda$doGetBean$0(AbstractBeanFactory.java:339) ~[spring-beans-6.2.15.jar:6.2.15]
	at org.springframework.beans.factory.support.DefaultSingletonBeanRegistry.getSingleton(DefaultSingletonBeanRegistry.java:373) ~[spring-beans-6.2.15.jar:6.2.15]
	at org.springframework.beans.factory.support.AbstractBeanFactory.doGetBean(AbstractBeanFactory.java:337) ~[spring-beans-6.2.15.jar:6.2.15]
	at org.springframework.beans.factory.support.AbstractBeanFactory.getBean(AbstractBeanFactory.java:202) ~[spring-beans-6.2.15.jar:6.2.15]
	at org.springframework.beans.factory.support.AbstractBeanFactory.doGetBean(AbstractBeanFactory.java:315) ~[spring-beans-6.2.15.jar:6.2.15]
	at org.springframework.beans.factory.support.AbstractBeanFactory.getBean(AbstractBeanFactory.java:207) ~[spring-beans-6.2.15.jar:6.2.15]
	at org.springframework.context.support.AbstractApplicationContext.finishBeanFactoryInitialization(AbstractApplicationContext.java:973) ~[spring-context-6.2.15.jar:6.2.15]
	at org.springframework.context.support.AbstractApplicationContext.refresh(AbstractApplicationContext.java:627) ~[spring-context-6.2.15.jar:6.2.15]
	at org.springframework.boot.web.servlet.context.ServletWebServerApplicationContext.refresh(ServletWebServerApplicationContext.java:146) ~[spring-boot-3.5.10.jar:3.5.10]
	at org.springframework.boot.SpringApplication.refresh(SpringApplication.java:752) ~[spring-boot-3.5.10.jar:3.5.10]
	at org.springframework.boot.SpringApplication.refreshContext(SpringApplication.java:439) ~[spring-boot-3.5.10.jar:3.5.10]
	at org.springframework.boot.SpringApplication.run(SpringApplication.java:318) ~[spring-boot-3.5.10.jar:3.5.10]
	at org.springframework.boot.SpringApplication.run(SpringApplication.java:1361) ~[spring-boot-3.5.10.jar:3.5.10]
	at org.springframework.boot.SpringApplication.run(SpringApplication.java:1350) ~[spring-boot-3.5.10.jar:3.5.10]
	at com.johnson.practica.JohnsonSistemaApplication.main(JohnsonSistemaApplication.java:16) ~[classes/:na]
	at java.base/jdk.internal.reflect.NativeMethodAccessorImpl.invoke0(Native Method) ~[na:na]
	at java.base/jdk.internal.reflect.NativeMethodAccessorImpl.invoke(NativeMethodAccessorImpl.java:77) ~[na:na]
	at java.base/jdk.internal.reflect.DelegatingMethodAccessorImpl.invoke(DelegatingMethodAccessorImpl.java:43) ~[na:na]
	at java.base/java.lang.reflect.Method.invoke(Method.java:568) ~[na:na]
	at org.springframework.boot.devtools.restart.RestartLauncher.run(RestartLauncher.java:50) ~[spring-boot-devtools-3.5.10.jar:3.5.10]
Caused by: org.postgresql.util.PSQLException: ERROR: relation "adjuntos" already exists
	at org.postgresql.core.v3.QueryExecutorImpl.receiveErrorResponse(QueryExecutorImpl.java:2846) ~[postgresql-42.7.9.jar:42.7.9]
	at org.postgresql.core.v3.QueryExecutorImpl.processResults(QueryExecutorImpl.java:2531) ~[postgresql-42.7.9.jar:42.7.9]
	at org.postgresql.core.v3.QueryExecutorImpl.execute(QueryExecutorImpl.java:429) ~[postgresql-42.7.9.jar:42.7.9]
	at org.postgresql.jdbc.PgStatement.executeInternal(PgStatement.java:526) ~[postgresql-42.7.9.jar:42.7.9]
	at org.postgresql.jdbc.PgStatement.execute(PgStatement.java:436) ~[postgresql-42.7.9.jar:42.7.9]
	at org.postgresql.jdbc.PgStatement.executeWithFlags(PgStatement.java:358) ~[postgresql-42.7.9.jar:42.7.9]
	at org.postgresql.jdbc.PgStatement.executeCachedSql(PgStatement.java:343) ~[postgresql-42.7.9.jar:42.7.9]
	at org.postgresql.jdbc.PgStatement.executeWithFlags(PgStatement.java:319) ~[postgresql-42.7.9.jar:42.7.9]
	at org.postgresql.jdbc.PgStatement.execute(PgStatement.java:314) ~[postgresql-42.7.9.jar:42.7.9]
	at com.zaxxer.hikari.pool.ProxyStatement.execute(ProxyStatement.java:95) ~[HikariCP-6.3.3.jar:na]
	at com.zaxxer.hikari.pool.HikariProxyStatement.execute(HikariProxyStatement.java) ~[HikariCP-6.3.3.jar:na]
	at liquibase.executor.jvm.JdbcExecutor$ExecuteStatementCallback.doInStatement(JdbcExecutor.java:491) ~[liquibase-core-4.31.1.jar:na]
	... 70 common frames omitted

2026-03-17T11:36:07.271-06:00  INFO 5560 --- [johnson-sistema] [restartedMain] liquibase.util                           : UPDATE SUMMARY
2026-03-17T11:36:07.272-06:00  INFO 5560 --- [johnson-sistema] [restartedMain] liquibase.util                           : Run:                          0
2026-03-17T11:36:07.273-06:00  INFO 5560 --- [johnson-sistema] [restartedMain] liquibase.util                           : Previously run:               0
2026-03-17T11:36:07.274-06:00  INFO 5560 --- [johnson-sistema] [restartedMain] liquibase.util                           : Filtered out:                 0
2026-03-17T11:36:07.275-06:00  INFO 5560 --- [johnson-sistema] [restartedMain] liquibase.util                           : -------------------------------
2026-03-17T11:36:07.276-06:00  INFO 5560 --- [johnson-sistema] [restartedMain] liquibase.util                           : Total change sets:            1
2026-03-17T11:36:07.279-06:00  INFO 5560 --- [johnson-sistema] [restartedMain] liquibase.util                           : Update summary generated
2026-03-17T11:36:07.284-06:00  INFO 5560 --- [johnson-sistema] [restartedMain] liquibase.command                        : Update command encountered an exception.
2026-03-17T11:36:07.306-06:00  INFO 5560 --- [johnson-sistema] [restartedMain] liquibase.lockservice                    : Successfully released change log lock
2026-03-17T11:36:07.312-06:00  INFO 5560 --- [johnson-sistema] [restartedMain] liquibase.command                        : Logging exception.
2026-03-17T11:36:07.313-06:00  INFO 5560 --- [johnson-sistema] [restartedMain] liquibase.ui                             : ERROR: Exception Details
2026-03-17T11:36:07.315-06:00  INFO 5560 --- [johnson-sistema] [restartedMain] liquibase.ui                             : ERROR: Exception Primary Class:  PSQLException
2026-03-17T11:36:07.316-06:00  INFO 5560 --- [johnson-sistema] [restartedMain] liquibase.ui                             : ERROR: Exception Primary Reason:  ERROR: relation "adjuntos" already exists
2026-03-17T11:36:07.320-06:00  INFO 5560 --- [johnson-sistema] [restartedMain] liquibase.ui                             : ERROR: Exception Primary Source:  PostgreSQL 15.17
2026-03-17T11:36:07.323-06:00  INFO 5560 --- [johnson-sistema] [restartedMain] liquibase.command                        : Command execution complete
2026-03-17T11:36:08.685-06:00  WARN 5560 --- [johnson-sistema] [restartedMain] ConfigServletWebServerApplicationContext : Exception encountered during context initialization - cancelling refresh attempt: org.springframework.beans.factory.BeanCreationException: Error creating bean with name 'entityManagerFactory' defined in class path resource [org/springframework/boot/autoconfigure/orm/jpa/HibernateJpaConfiguration.class]: Failed to initialize dependency 'liquibase' of LoadTimeWeaverAware bean 'entityManagerFactory': Error creating bean with name 'liquibase' defined in class path resource [org/springframework/boot/autoconfigure/liquibase/LiquibaseAutoConfiguration$LiquibaseConfiguration.class]: liquibase.exception.CommandExecutionException: liquibase.exception.LiquibaseException: liquibase.exception.MigrationFailedException: Migration failed for changeset db/changelog/cambios/crear-tablas-iniciales.sql::1::franco:
     Reason: liquibase.exception.DatabaseException: ERROR: relation "adjuntos" already exists [Failed SQL: (0) CREATE TABLE adjuntos (id bigint generated by default as identity, datos oid not null, nombre_archivo varchar(255), subido_en timestamp(6), tipo_contenido varchar(255), elemento_checklist_id bigint, proyecto_id bigint, subido_por_id bigint, primary key (id))]
2026-03-17T11:36:08.688-06:00  INFO 5560 --- [johnson-sistema] [restartedMain] com.zaxxer.hikari.HikariDataSource       : HikariPool-1 - Shutdown initiated...
2026-03-17T11:36:08.704-06:00  INFO 5560 --- [johnson-sistema] [restartedMain] com.zaxxer.hikari.HikariDataSource       : HikariPool-1 - Shutdown completed.
2026-03-17T11:36:08.723-06:00  INFO 5560 --- [johnson-sistema] [restartedMain] o.apache.catalina.core.StandardService   : Stopping service [Tomcat]
2026-03-17T11:36:08.779-06:00  INFO 5560 --- [johnson-sistema] [restartedMain] .s.b.a.l.ConditionEvaluationReportLogger : 

Error starting ApplicationContext. To display the condition evaluation report re-run your application with 'debug' enabled.
2026-03-17T11:36:08.863-06:00 ERROR 5560 --- [johnson-sistema] [restartedMain] o.s.boot.SpringApplication               : Application run failed

org.springframework.beans.factory.BeanCreationException: Error creating bean with name 'entityManagerFactory' defined in class path resource [org/springframework/boot/autoconfigure/orm/jpa/HibernateJpaConfiguration.class]: Failed to initialize dependency 'liquibase' of LoadTimeWeaverAware bean 'entityManagerFactory': Error creating bean with name 'liquibase' defined in class path resource [org/springframework/boot/autoconfigure/liquibase/LiquibaseAutoConfiguration$LiquibaseConfiguration.class]: liquibase.exception.CommandExecutionException: liquibase.exception.LiquibaseException: liquibase.exception.MigrationFailedException: Migration failed for changeset db/changelog/cambios/crear-tablas-iniciales.sql::1::franco:
     Reason: liquibase.exception.DatabaseException: ERROR: relation "adjuntos" already exists [Failed SQL: (0) CREATE TABLE adjuntos (id bigint generated by default as identity, datos oid not null, nombre_archivo varchar(255), subido_en timestamp(6), tipo_contenido varchar(255), elemento_checklist_id bigint, proyecto_id bigint, subido_por_id bigint, primary key (id))]
	at org.springframework.beans.factory.support.AbstractBeanFactory.doGetBean(AbstractBeanFactory.java:328) ~[spring-beans-6.2.15.jar:6.2.15]
	at org.springframework.beans.factory.support.AbstractBeanFactory.getBean(AbstractBeanFactory.java:207) ~[spring-beans-6.2.15.jar:6.2.15]
	at org.springframework.context.support.AbstractApplicationContext.finishBeanFactoryInitialization(AbstractApplicationContext.java:973) ~[spring-context-6.2.15.jar:6.2.15]
	at org.springframework.context.support.AbstractApplicationContext.refresh(AbstractApplicationContext.java:627) ~[spring-context-6.2.15.jar:6.2.15]
	at org.springframework.boot.web.servlet.context.ServletWebServerApplicationContext.refresh(ServletWebServerApplicationContext.java:146) ~[spring-boot-3.5.10.jar:3.5.10]
	at org.springframework.boot.SpringApplication.refresh(SpringApplication.java:752) ~[spring-boot-3.5.10.jar:3.5.10]
	at org.springframework.boot.SpringApplication.refreshContext(SpringApplication.java:439) ~[spring-boot-3.5.10.jar:3.5.10]
	at org.springframework.boot.SpringApplication.run(SpringApplication.java:318) ~[spring-boot-3.5.10.jar:3.5.10]
	at org.springframework.boot.SpringApplication.run(SpringApplication.java:1361) ~[spring-boot-3.5.10.jar:3.5.10]
	at org.springframework.boot.SpringApplication.run(SpringApplication.java:1350) ~[spring-boot-3.5.10.jar:3.5.10]
	at com.johnson.practica.JohnsonSistemaApplication.main(JohnsonSistemaApplication.java:16) ~[classes/:na]
	at java.base/jdk.internal.reflect.NativeMethodAccessorImpl.invoke0(Native Method) ~[na:na]
	at java.base/jdk.internal.reflect.NativeMethodAccessorImpl.invoke(NativeMethodAccessorImpl.java:77) ~[na:na]
	at java.base/jdk.internal.reflect.DelegatingMethodAccessorImpl.invoke(DelegatingMethodAccessorImpl.java:43) ~[na:na]
	at java.base/java.lang.reflect.Method.invoke(Method.java:568) ~[na:na]
	at org.springframework.boot.devtools.restart.RestartLauncher.run(RestartLauncher.java:50) ~[spring-boot-devtools-3.5.10.jar:3.5.10]
Caused by: org.springframework.beans.factory.BeanCreationException: Error creating bean with name 'liquibase' defined in class path resource [org/springframework/boot/autoconfigure/liquibase/LiquibaseAutoConfiguration$LiquibaseConfiguration.class]: liquibase.exception.CommandExecutionException: liquibase.exception.LiquibaseException: liquibase.exception.MigrationFailedException: Migration failed for changeset db/changelog/cambios/crear-tablas-iniciales.sql::1::franco:
     Reason: liquibase.exception.DatabaseException: ERROR: relation "adjuntos" already exists [Failed SQL: (0) CREATE TABLE adjuntos (id bigint generated by default as identity, datos oid not null, nombre_archivo varchar(255), subido_en timestamp(6), tipo_contenido varchar(255), elemento_checklist_id bigint, proyecto_id bigint, subido_por_id bigint, primary key (id))]
	at org.springframework.beans.factory.support.AbstractAutowireCapableBeanFactory.initializeBean(AbstractAutowireCapableBeanFactory.java:1826) ~[spring-beans-6.2.15.jar:6.2.15]
	at org.springframework.beans.factory.support.AbstractAutowireCapableBeanFactory.doCreateBean(AbstractAutowireCapableBeanFactory.java:607) ~[spring-beans-6.2.15.jar:6.2.15]
	at org.springframework.beans.factory.support.AbstractAutowireCapableBeanFactory.createBean(AbstractAutowireCapableBeanFactory.java:529) ~[spring-beans-6.2.15.jar:6.2.15]
	at org.springframework.beans.factory.support.AbstractBeanFactory.lambda$doGetBean$0(AbstractBeanFactory.java:339) ~[spring-beans-6.2.15.jar:6.2.15]
	at org.springframework.beans.factory.support.DefaultSingletonBeanRegistry.getSingleton(DefaultSingletonBeanRegistry.java:373) ~[spring-beans-6.2.15.jar:6.2.15]
	at org.springframework.beans.factory.support.AbstractBeanFactory.doGetBean(AbstractBeanFactory.java:337) ~[spring-beans-6.2.15.jar:6.2.15]
	at org.springframework.beans.factory.support.AbstractBeanFactory.getBean(AbstractBeanFactory.java:202) ~[spring-beans-6.2.15.jar:6.2.15]
	at org.springframework.beans.factory.support.AbstractBeanFactory.doGetBean(AbstractBeanFactory.java:315) ~[spring-beans-6.2.15.jar:6.2.15]
	... 15 common frames omitted
Caused by: liquibase.exception.LiquibaseException: liquibase.exception.CommandExecutionException: liquibase.exception.LiquibaseException: liquibase.exception.MigrationFailedException: Migration failed for changeset db/changelog/cambios/crear-tablas-iniciales.sql::1::franco:
     Reason: liquibase.exception.DatabaseException: ERROR: relation "adjuntos" already exists [Failed SQL: (0) CREATE TABLE adjuntos (id bigint generated by default as identity, datos oid not null, nombre_archivo varchar(255), subido_en timestamp(6), tipo_contenido varchar(255), elemento_checklist_id bigint, proyecto_id bigint, subido_por_id bigint, primary key (id))]
	at liquibase.integration.spring.SpringLiquibase.afterPropertiesSet(SpringLiquibase.java:288) ~[liquibase-core-4.31.1.jar:na]
	at org.springframework.beans.factory.support.AbstractAutowireCapableBeanFactory.invokeInitMethods(AbstractAutowireCapableBeanFactory.java:1873) ~[spring-beans-6.2.15.jar:6.2.15]
	at org.springframework.beans.factory.support.AbstractAutowireCapableBeanFactory.initializeBean(AbstractAutowireCapableBeanFactory.java:1822) ~[spring-beans-6.2.15.jar:6.2.15]
	... 22 common frames omitted
Caused by: liquibase.exception.CommandExecutionException: liquibase.exception.LiquibaseException: liquibase.exception.MigrationFailedException: Migration failed for changeset db/changelog/cambios/crear-tablas-iniciales.sql::1::franco:
     Reason: liquibase.exception.DatabaseException: ERROR: relation "adjuntos" already exists [Failed SQL: (0) CREATE TABLE adjuntos (id bigint generated by default as identity, datos oid not null, nombre_archivo varchar(255), subido_en timestamp(6), tipo_contenido varchar(255), elemento_checklist_id bigint, proyecto_id bigint, subido_por_id bigint, primary key (id))]
	at liquibase.command.CommandScope.lambda$execute$6(CommandScope.java:300) ~[liquibase-core-4.31.1.jar:na]
	at liquibase.Scope.child(Scope.java:210) ~[liquibase-core-4.31.1.jar:na]
	at liquibase.Scope.child(Scope.java:186) ~[liquibase-core-4.31.1.jar:na]
	at liquibase.command.CommandScope.execute(CommandScope.java:241) ~[liquibase-core-4.31.1.jar:na]
	at liquibase.Liquibase.lambda$update$0(Liquibase.java:216) ~[liquibase-core-4.31.1.jar:na]
	at liquibase.Scope.lambda$child$0(Scope.java:201) ~[liquibase-core-4.31.1.jar:na]
	at liquibase.Scope.child(Scope.java:210) ~[liquibase-core-4.31.1.jar:na]
	at liquibase.Scope.child(Scope.java:200) ~[liquibase-core-4.31.1.jar:na]
	at liquibase.Scope.child(Scope.java:179) ~[liquibase-core-4.31.1.jar:na]
	at liquibase.Liquibase.runInScope(Liquibase.java:1333) ~[liquibase-core-4.31.1.jar:na]
	at liquibase.Liquibase.update(Liquibase.java:205) ~[liquibase-core-4.31.1.jar:na]
	at liquibase.Liquibase.update(Liquibase.java:188) ~[liquibase-core-4.31.1.jar:na]
	at liquibase.integration.spring.SpringLiquibase.performUpdate(SpringLiquibase.java:326) ~[liquibase-core-4.31.1.jar:na]
	at liquibase.integration.spring.SpringLiquibase.lambda$afterPropertiesSet$0(SpringLiquibase.java:278) ~[liquibase-core-4.31.1.jar:na]
	at liquibase.Scope.lambda$child$0(Scope.java:201) ~[liquibase-core-4.31.1.jar:na]
	at liquibase.Scope.child(Scope.java:210) ~[liquibase-core-4.31.1.jar:na]
	at liquibase.Scope.child(Scope.java:200) ~[liquibase-core-4.31.1.jar:na]
	at liquibase.Scope.child(Scope.java:179) ~[liquibase-core-4.31.1.jar:na]
	at liquibase.integration.spring.SpringLiquibase.afterPropertiesSet(SpringLiquibase.java:271) ~[liquibase-core-4.31.1.jar:na]
	... 24 common frames omitted
Caused by: liquibase.exception.LiquibaseException: liquibase.exception.MigrationFailedException: Migration failed for changeset db/changelog/cambios/crear-tablas-iniciales.sql::1::franco:
     Reason: liquibase.exception.DatabaseException: ERROR: relation "adjuntos" already exists [Failed SQL: (0) CREATE TABLE adjuntos (id bigint generated by default as identity, datos oid not null, nombre_archivo varchar(255), subido_en timestamp(6), tipo_contenido varchar(255), elemento_checklist_id bigint, proyecto_id bigint, subido_por_id bigint, primary key (id))]
	at liquibase.changelog.ChangeLogIterator.run(ChangeLogIterator.java:155) ~[liquibase-core-4.31.1.jar:na]
	at liquibase.command.core.AbstractUpdateCommandStep.lambda$run$0(AbstractUpdateCommandStep.java:114) ~[liquibase-core-4.31.1.jar:na]
	at liquibase.Scope.lambda$child$0(Scope.java:201) ~[liquibase-core-4.31.1.jar:na]
	at liquibase.Scope.child(Scope.java:210) ~[liquibase-core-4.31.1.jar:na]
	at liquibase.Scope.child(Scope.java:200) ~[liquibase-core-4.31.1.jar:na]
	at liquibase.Scope.child(Scope.java:179) ~[liquibase-core-4.31.1.jar:na]
	at liquibase.command.core.AbstractUpdateCommandStep.run(AbstractUpdateCommandStep.java:112) ~[liquibase-core-4.31.1.jar:na]
	at liquibase.command.core.UpdateCommandStep.run(UpdateCommandStep.java:100) ~[liquibase-core-4.31.1.jar:na]
	at liquibase.command.CommandScope.lambda$execute$6(CommandScope.java:253) ~[liquibase-core-4.31.1.jar:na]
	... 42 common frames omitted
Caused by: liquibase.exception.MigrationFailedException: Migration failed for changeset db/changelog/cambios/crear-tablas-iniciales.sql::1::franco:
     Reason: liquibase.exception.DatabaseException: ERROR: relation "adjuntos" already exists [Failed SQL: (0) CREATE TABLE adjuntos (id bigint generated by default as identity, datos oid not null, nombre_archivo varchar(255), subido_en timestamp(6), tipo_contenido varchar(255), elemento_checklist_id bigint, proyecto_id bigint, subido_por_id bigint, primary key (id))]
	at liquibase.changelog.ChangeSet.execute(ChangeSet.java:840) ~[liquibase-core-4.31.1.jar:na]
	at liquibase.changelog.visitor.UpdateVisitor.executeAcceptedChange(UpdateVisitor.java:126) ~[liquibase-core-4.31.1.jar:na]
	at liquibase.changelog.visitor.UpdateVisitor.visit(UpdateVisitor.java:70) ~[liquibase-core-4.31.1.jar:na]
	at liquibase.changelog.ChangeLogIterator.lambda$run$0(ChangeLogIterator.java:133) ~[liquibase-core-4.31.1.jar:na]
	at liquibase.Scope.lambda$child$0(Scope.java:201) ~[liquibase-core-4.31.1.jar:na]
	at liquibase.Scope.child(Scope.java:210) ~[liquibase-core-4.31.1.jar:na]
	at liquibase.Scope.child(Scope.java:200) ~[liquibase-core-4.31.1.jar:na]
	at liquibase.Scope.child(Scope.java:179) ~[liquibase-core-4.31.1.jar:na]
	at liquibase.changelog.ChangeLogIterator.lambda$run$1(ChangeLogIterator.java:122) ~[liquibase-core-4.31.1.jar:na]
	at liquibase.Scope.lambda$child$0(Scope.java:201) ~[liquibase-core-4.31.1.jar:na]
	at liquibase.Scope.child(Scope.java:210) ~[liquibase-core-4.31.1.jar:na]
	at liquibase.Scope.child(Scope.java:200) ~[liquibase-core-4.31.1.jar:na]
	at liquibase.Scope.child(Scope.java:179) ~[liquibase-core-4.31.1.jar:na]
	at liquibase.Scope.child(Scope.java:267) ~[liquibase-core-4.31.1.jar:na]
	at liquibase.Scope.child(Scope.java:271) ~[liquibase-core-4.31.1.jar:na]
	at liquibase.changelog.ChangeLogIterator.run(ChangeLogIterator.java:91) ~[liquibase-core-4.31.1.jar:na]
	... 50 common frames omitted
Caused by: liquibase.exception.DatabaseException: ERROR: relation "adjuntos" already exists [Failed SQL: (0) CREATE TABLE adjuntos (id bigint generated by default as identity, datos oid not null, nombre_archivo varchar(255), subido_en timestamp(6), tipo_contenido varchar(255), elemento_checklist_id bigint, proyecto_id bigint, subido_por_id bigint, primary key (id))]
	at liquibase.executor.jvm.JdbcExecutor$ExecuteStatementCallback.doInStatement(JdbcExecutor.java:497) ~[liquibase-core-4.31.1.jar:na]
	at liquibase.executor.jvm.JdbcExecutor.execute(JdbcExecutor.java:83) ~[liquibase-core-4.31.1.jar:na]
	at liquibase.executor.jvm.JdbcExecutor.execute(JdbcExecutor.java:185) ~[liquibase-core-4.31.1.jar:na]
	at liquibase.executor.AbstractExecutor.execute(AbstractExecutor.java:141) ~[liquibase-core-4.31.1.jar:na]
	at liquibase.database.AbstractJdbcDatabase.executeStatements(AbstractJdbcDatabase.java:1189) ~[liquibase-core-4.31.1.jar:na]
	at liquibase.changelog.ChangeSet.execute(ChangeSet.java:790) ~[liquibase-core-4.31.1.jar:na]
	... 65 common frames omitted
Caused by: org.postgresql.util.PSQLException: ERROR: relation "adjuntos" already exists
	at org.postgresql.core.v3.QueryExecutorImpl.receiveErrorResponse(QueryExecutorImpl.java:2846) ~[postgresql-42.7.9.jar:42.7.9]
	at org.postgresql.core.v3.QueryExecutorImpl.processResults(QueryExecutorImpl.java:2531) ~[postgresql-42.7.9.jar:42.7.9]
	at org.postgresql.core.v3.QueryExecutorImpl.execute(QueryExecutorImpl.java:429) ~[postgresql-42.7.9.jar:42.7.9]
	at org.postgresql.jdbc.PgStatement.executeInternal(PgStatement.java:526) ~[postgresql-42.7.9.jar:42.7.9]
	at org.postgresql.jdbc.PgStatement.execute(PgStatement.java:436) ~[postgresql-42.7.9.jar:42.7.9]
	at org.postgresql.jdbc.PgStatement.executeWithFlags(PgStatement.java:358) ~[postgresql-42.7.9.jar:42.7.9]
	at org.postgresql.jdbc.PgStatement.executeCachedSql(PgStatement.java:343) ~[postgresql-42.7.9.jar:42.7.9]
	at org.postgresql.jdbc.PgStatement.executeWithFlags(PgStatement.java:319) ~[postgresql-42.7.9.jar:42.7.9]
	at org.postgresql.jdbc.PgStatement.execute(PgStatement.java:314) ~[postgresql-42.7.9.jar:42.7.9]
	at com.zaxxer.hikari.pool.ProxyStatement.execute(ProxyStatement.java:95) ~[HikariCP-6.3.3.jar:na]
	at com.zaxxer.hikari.pool.HikariProxyStatement.execute(HikariProxyStatement.java) ~[HikariCP-6.3.3.jar:na]
	at liquibase.executor.jvm.JdbcExecutor$ExecuteStatementCallback.doInStatement(JdbcExecutor.java:491) ~[liquibase-core-4.31.1.jar:na]
	... 70 common frames omitted

2026-03-17T11:40:00.177-06:00  INFO 5012 --- [johnson-sistema] [restartedMain] c.j.practica.JohnsonSistemaApplication   : Starting JohnsonSistemaApplication using Java 17.0.12 with PID 5012 (C:\Users\User\OneDrive\Escritorio\Escuela\PRACTICAS\Sistema_Johnson\johnson-sistema\target\classes started by Franco in C:\Users\User\OneDrive\Escritorio\Escuela\PRACTICAS\Sistema_Johnson\johnson-sistema)
2026-03-17T11:40:00.185-06:00  INFO 5012 --- [johnson-sistema] [restartedMain] c.j.practica.JohnsonSistemaApplication   : No active profile set, falling back to 1 default profile: "default"
2026-03-17T11:40:00.332-06:00  INFO 5012 --- [johnson-sistema] [restartedMain] .e.DevToolsPropertyDefaultsPostProcessor : Devtools property defaults active! Set 'spring.devtools.add-properties' to 'false' to disable
2026-03-17T11:40:00.333-06:00  INFO 5012 --- [johnson-sistema] [restartedMain] .e.DevToolsPropertyDefaultsPostProcessor : For additional web related logging consider setting the 'logging.level.web' property to 'DEBUG'
2026-03-17T11:40:02.852-06:00  INFO 5012 --- [johnson-sistema] [restartedMain] .s.d.r.c.RepositoryConfigurationDelegate : Bootstrapping Spring Data JPA repositories in DEFAULT mode.
2026-03-17T11:40:03.134-06:00  INFO 5012 --- [johnson-sistema] [restartedMain] .s.d.r.c.RepositoryConfigurationDelegate : Finished Spring Data repository scanning in 250 ms. Found 10 JPA repository interfaces.
2026-03-17T11:40:05.408-06:00  INFO 5012 --- [johnson-sistema] [restartedMain] o.s.b.w.embedded.tomcat.TomcatWebServer  : Tomcat initialized with port 8081 (http)
2026-03-17T11:40:05.446-06:00  INFO 5012 --- [johnson-sistema] [restartedMain] o.apache.catalina.core.StandardService   : Starting service [Tomcat]
2026-03-17T11:40:05.449-06:00  INFO 5012 --- [johnson-sistema] [restartedMain] o.apache.catalina.core.StandardEngine    : Starting Servlet engine: [Apache Tomcat/10.1.50]
2026-03-17T11:40:05.579-06:00  INFO 5012 --- [johnson-sistema] [restartedMain] o.a.c.c.C.[Tomcat].[localhost].[/]       : Initializing Spring embedded WebApplicationContext
2026-03-17T11:40:05.581-06:00  INFO 5012 --- [johnson-sistema] [restartedMain] w.s.c.ServletWebServerApplicationContext : Root WebApplicationContext: initialization completed in 5244 ms
2026-03-17T11:40:06.037-06:00  INFO 5012 --- [johnson-sistema] [restartedMain] com.zaxxer.hikari.HikariDataSource       : HikariPool-1 - Starting...
2026-03-17T11:40:07.210-06:00  WARN 5012 --- [johnson-sistema] [restartedMain] ConfigServletWebServerApplicationContext : Exception encountered during context initialization - cancelling refresh attempt: org.springframework.beans.factory.BeanCreationException: Error creating bean with name 'entityManagerFactory' defined in class path resource [org/springframework/boot/autoconfigure/orm/jpa/HibernateJpaConfiguration.class]: Failed to initialize dependency 'liquibase' of LoadTimeWeaverAware bean 'entityManagerFactory': Error creating bean with name 'liquibase' defined in class path resource [org/springframework/boot/autoconfigure/liquibase/LiquibaseAutoConfiguration$LiquibaseConfiguration.class]: liquibase.exception.DatabaseException: org.postgresql.util.PSQLException: El intento de conexión falló.
2026-03-17T11:40:07.225-06:00  INFO 5012 --- [johnson-sistema] [restartedMain] o.apache.catalina.core.StandardService   : Stopping service [Tomcat]
2026-03-17T11:40:07.271-06:00  INFO 5012 --- [johnson-sistema] [restartedMain] .s.b.a.l.ConditionEvaluationReportLogger : 

Error starting ApplicationContext. To display the condition evaluation report re-run your application with 'debug' enabled.
2026-03-17T11:40:07.347-06:00 ERROR 5012 --- [johnson-sistema] [restartedMain] o.s.boot.SpringApplication               : Application run failed

org.springframework.beans.factory.BeanCreationException: Error creating bean with name 'entityManagerFactory' defined in class path resource [org/springframework/boot/autoconfigure/orm/jpa/HibernateJpaConfiguration.class]: Failed to initialize dependency 'liquibase' of LoadTimeWeaverAware bean 'entityManagerFactory': Error creating bean with name 'liquibase' defined in class path resource [org/springframework/boot/autoconfigure/liquibase/LiquibaseAutoConfiguration$LiquibaseConfiguration.class]: liquibase.exception.DatabaseException: org.postgresql.util.PSQLException: El intento de conexión falló.
	at org.springframework.beans.factory.support.AbstractBeanFactory.doGetBean(AbstractBeanFactory.java:328) ~[spring-beans-6.2.15.jar:6.2.15]
	at org.springframework.beans.factory.support.AbstractBeanFactory.getBean(AbstractBeanFactory.java:207) ~[spring-beans-6.2.15.jar:6.2.15]
	at org.springframework.context.support.AbstractApplicationContext.finishBeanFactoryInitialization(AbstractApplicationContext.java:973) ~[spring-context-6.2.15.jar:6.2.15]
	at org.springframework.context.support.AbstractApplicationContext.refresh(AbstractApplicationContext.java:627) ~[spring-context-6.2.15.jar:6.2.15]
	at org.springframework.boot.web.servlet.context.ServletWebServerApplicationContext.refresh(ServletWebServerApplicationContext.java:146) ~[spring-boot-3.5.10.jar:3.5.10]
	at org.springframework.boot.SpringApplication.refresh(SpringApplication.java:752) ~[spring-boot-3.5.10.jar:3.5.10]
	at org.springframework.boot.SpringApplication.refreshContext(SpringApplication.java:439) ~[spring-boot-3.5.10.jar:3.5.10]
	at org.springframework.boot.SpringApplication.run(SpringApplication.java:318) ~[spring-boot-3.5.10.jar:3.5.10]
	at org.springframework.boot.SpringApplication.run(SpringApplication.java:1361) ~[spring-boot-3.5.10.jar:3.5.10]
	at org.springframework.boot.SpringApplication.run(SpringApplication.java:1350) ~[spring-boot-3.5.10.jar:3.5.10]
	at com.johnson.practica.JohnsonSistemaApplication.main(JohnsonSistemaApplication.java:16) ~[classes/:na]
	at java.base/jdk.internal.reflect.NativeMethodAccessorImpl.invoke0(Native Method) ~[na:na]
	at java.base/jdk.internal.reflect.NativeMethodAccessorImpl.invoke(NativeMethodAccessorImpl.java:77) ~[na:na]
	at java.base/jdk.internal.reflect.DelegatingMethodAccessorImpl.invoke(DelegatingMethodAccessorImpl.java:43) ~[na:na]
	at java.base/java.lang.reflect.Method.invoke(Method.java:568) ~[na:na]
	at org.springframework.boot.devtools.restart.RestartLauncher.run(RestartLauncher.java:50) ~[spring-boot-devtools-3.5.10.jar:3.5.10]
Caused by: org.springframework.beans.factory.BeanCreationException: Error creating bean with name 'liquibase' defined in class path resource [org/springframework/boot/autoconfigure/liquibase/LiquibaseAutoConfiguration$LiquibaseConfiguration.class]: liquibase.exception.DatabaseException: org.postgresql.util.PSQLException: El intento de conexión falló.
	at org.springframework.beans.factory.support.AbstractAutowireCapableBeanFactory.initializeBean(AbstractAutowireCapableBeanFactory.java:1826) ~[spring-beans-6.2.15.jar:6.2.15]
	at org.springframework.beans.factory.support.AbstractAutowireCapableBeanFactory.doCreateBean(AbstractAutowireCapableBeanFactory.java:607) ~[spring-beans-6.2.15.jar:6.2.15]
	at org.springframework.beans.factory.support.AbstractAutowireCapableBeanFactory.createBean(AbstractAutowireCapableBeanFactory.java:529) ~[spring-beans-6.2.15.jar:6.2.15]
	at org.springframework.beans.factory.support.AbstractBeanFactory.lambda$doGetBean$0(AbstractBeanFactory.java:339) ~[spring-beans-6.2.15.jar:6.2.15]
	at org.springframework.beans.factory.support.DefaultSingletonBeanRegistry.getSingleton(DefaultSingletonBeanRegistry.java:373) ~[spring-beans-6.2.15.jar:6.2.15]
	at org.springframework.beans.factory.support.AbstractBeanFactory.doGetBean(AbstractBeanFactory.java:337) ~[spring-beans-6.2.15.jar:6.2.15]
	at org.springframework.beans.factory.support.AbstractBeanFactory.getBean(AbstractBeanFactory.java:202) ~[spring-beans-6.2.15.jar:6.2.15]
	at org.springframework.beans.factory.support.AbstractBeanFactory.doGetBean(AbstractBeanFactory.java:315) ~[spring-beans-6.2.15.jar:6.2.15]
	... 15 common frames omitted
Caused by: liquibase.exception.LiquibaseException: liquibase.exception.DatabaseException: org.postgresql.util.PSQLException: El intento de conexión falló.
	at liquibase.integration.spring.SpringLiquibase.afterPropertiesSet(SpringLiquibase.java:288) ~[liquibase-core-4.31.1.jar:na]
	at org.springframework.beans.factory.support.AbstractAutowireCapableBeanFactory.invokeInitMethods(AbstractAutowireCapableBeanFactory.java:1873) ~[spring-beans-6.2.15.jar:6.2.15]
	at org.springframework.beans.factory.support.AbstractAutowireCapableBeanFactory.initializeBean(AbstractAutowireCapableBeanFactory.java:1822) ~[spring-beans-6.2.15.jar:6.2.15]
	... 22 common frames omitted
Caused by: liquibase.exception.DatabaseException: org.postgresql.util.PSQLException: El intento de conexión falló.
	at liquibase.integration.spring.SpringLiquibase.lambda$afterPropertiesSet$0(SpringLiquibase.java:280) ~[liquibase-core-4.31.1.jar:na]
	at liquibase.Scope.lambda$child$0(Scope.java:201) ~[liquibase-core-4.31.1.jar:na]
	at liquibase.Scope.child(Scope.java:210) ~[liquibase-core-4.31.1.jar:na]
	at liquibase.Scope.child(Scope.java:200) ~[liquibase-core-4.31.1.jar:na]
	at liquibase.Scope.child(Scope.java:179) ~[liquibase-core-4.31.1.jar:na]
	at liquibase.integration.spring.SpringLiquibase.afterPropertiesSet(SpringLiquibase.java:271) ~[liquibase-core-4.31.1.jar:na]
	... 24 common frames omitted
Caused by: org.postgresql.util.PSQLException: El intento de conexión falló.
	at org.postgresql.core.v3.ConnectionFactoryImpl.openConnectionImpl(ConnectionFactoryImpl.java:385) ~[postgresql-42.7.9.jar:42.7.9]
	at org.postgresql.core.ConnectionFactory.openConnection(ConnectionFactory.java:57) ~[postgresql-42.7.9.jar:42.7.9]
	at org.postgresql.jdbc.PgConnection.<init>(PgConnection.java:290) ~[postgresql-42.7.9.jar:42.7.9]
	at org.postgresql.Driver.makeConnection(Driver.java:448) ~[postgresql-42.7.9.jar:42.7.9]
	at org.postgresql.Driver.connect(Driver.java:298) ~[postgresql-42.7.9.jar:42.7.9]
	at com.zaxxer.hikari.util.DriverDataSource.getConnection(DriverDataSource.java:144) ~[HikariCP-6.3.3.jar:na]
	at com.zaxxer.hikari.pool.PoolBase.newConnection(PoolBase.java:370) ~[HikariCP-6.3.3.jar:na]
	at com.zaxxer.hikari.pool.PoolBase.newPoolEntry(PoolBase.java:207) ~[HikariCP-6.3.3.jar:na]
	at com.zaxxer.hikari.pool.HikariPool.createPoolEntry(HikariPool.java:488) ~[HikariCP-6.3.3.jar:na]
	at com.zaxxer.hikari.pool.HikariPool.checkFailFast(HikariPool.java:576) ~[HikariCP-6.3.3.jar:na]
	at com.zaxxer.hikari.pool.HikariPool.<init>(HikariPool.java:97) ~[HikariCP-6.3.3.jar:na]
	at com.zaxxer.hikari.HikariDataSource.getConnection(HikariDataSource.java:111) ~[HikariCP-6.3.3.jar:na]
	at liquibase.integration.spring.SpringLiquibase.lambda$afterPropertiesSet$0(SpringLiquibase.java:275) ~[liquibase-core-4.31.1.jar:na]
	... 29 common frames omitted
Caused by: java.io.EOFException
	at org.postgresql.core.PGStream.receiveChar(PGStream.java:479) ~[postgresql-42.7.9.jar:42.7.9]
	at org.postgresql.core.v3.ConnectionFactoryImpl.enableSSL(ConnectionFactoryImpl.java:627) ~[postgresql-42.7.9.jar:42.7.9]
	at org.postgresql.core.v3.ConnectionFactoryImpl.tryConnect(ConnectionFactoryImpl.java:207) ~[postgresql-42.7.9.jar:42.7.9]
	at org.postgresql.core.v3.ConnectionFactoryImpl.openConnectionImpl(ConnectionFactoryImpl.java:289) ~[postgresql-42.7.9.jar:42.7.9]
	... 41 common frames omitted

2026-03-17T11:43:25.376-06:00  INFO 23524 --- [johnson-sistema] [restartedMain] c.j.practica.JohnsonSistemaApplication   : Starting JohnsonSistemaApplication using Java 17.0.12 with PID 23524 (C:\Users\User\OneDrive\Escritorio\Escuela\PRACTICAS\Sistema_Johnson\johnson-sistema\target\classes started by Franco in C:\Users\User\OneDrive\Escritorio\Escuela\PRACTICAS\Sistema_Johnson\johnson-sistema)
2026-03-17T11:43:25.376-06:00  INFO 23524 --- [johnson-sistema] [restartedMain] c.j.practica.JohnsonSistemaApplication   : No active profile set, falling back to 1 default profile: "default"
2026-03-17T11:43:25.528-06:00  INFO 23524 --- [johnson-sistema] [restartedMain] .e.DevToolsPropertyDefaultsPostProcessor : Devtools property defaults active! Set 'spring.devtools.add-properties' to 'false' to disable
2026-03-17T11:43:25.530-06:00  INFO 23524 --- [johnson-sistema] [restartedMain] .e.DevToolsPropertyDefaultsPostProcessor : For additional web related logging consider setting the 'logging.level.web' property to 'DEBUG'
2026-03-17T11:43:28.325-06:00  INFO 23524 --- [johnson-sistema] [restartedMain] .s.d.r.c.RepositoryConfigurationDelegate : Bootstrapping Spring Data JPA repositories in DEFAULT mode.
2026-03-17T11:43:29.171-06:00  INFO 23524 --- [johnson-sistema] [restartedMain] .s.d.r.c.RepositoryConfigurationDelegate : Finished Spring Data repository scanning in 778 ms. Found 10 JPA repository interfaces.
2026-03-17T11:43:31.699-06:00  INFO 23524 --- [johnson-sistema] [restartedMain] o.s.b.w.embedded.tomcat.TomcatWebServer  : Tomcat initialized with port 8081 (http)
2026-03-17T11:43:31.727-06:00  INFO 23524 --- [johnson-sistema] [restartedMain] o.apache.catalina.core.StandardService   : Starting service [Tomcat]
2026-03-17T11:43:31.729-06:00  INFO 23524 --- [johnson-sistema] [restartedMain] o.apache.catalina.core.StandardEngine    : Starting Servlet engine: [Apache Tomcat/10.1.50]
2026-03-17T11:43:31.844-06:00  INFO 23524 --- [johnson-sistema] [restartedMain] o.a.c.c.C.[Tomcat].[localhost].[/]       : Initializing Spring embedded WebApplicationContext
2026-03-17T11:43:31.846-06:00  INFO 23524 --- [johnson-sistema] [restartedMain] w.s.c.ServletWebServerApplicationContext : Root WebApplicationContext: initialization completed in 6313 ms
2026-03-17T11:43:32.314-06:00  INFO 23524 --- [johnson-sistema] [restartedMain] com.zaxxer.hikari.HikariDataSource       : HikariPool-1 - Starting...
2026-03-17T11:43:33.063-06:00  INFO 23524 --- [johnson-sistema] [restartedMain] com.zaxxer.hikari.pool.HikariPool        : HikariPool-1 - Added connection org.postgresql.jdbc.PgConnection@10d28d28
2026-03-17T11:43:33.070-06:00  INFO 23524 --- [johnson-sistema] [restartedMain] com.zaxxer.hikari.HikariDataSource       : HikariPool-1 - Start completed.
2026-03-17T11:43:33.538-06:00  INFO 23524 --- [johnson-sistema] [restartedMain] liquibase.database                       : Set default schema name to public
2026-03-17T11:43:34.192-06:00  INFO 23524 --- [johnson-sistema] [restartedMain] liquibase.changelog                      : Creating database history table with name: public.databasechangelog
2026-03-17T11:43:34.337-06:00  INFO 23524 --- [johnson-sistema] [restartedMain] liquibase.changelog                      : Reading from public.databasechangelog
2026-03-17T11:43:34.389-06:00  INFO 23524 --- [johnson-sistema] [restartedMain] liquibase.snapshot                       : Creating snapshot
2026-03-17T11:43:34.680-06:00  INFO 23524 --- [johnson-sistema] [restartedMain] liquibase.lockservice                    : Successfully acquired change log lock
2026-03-17T11:43:34.684-06:00  INFO 23524 --- [johnson-sistema] [restartedMain] liquibase.command                        : Using deploymentId: 3769412260
2026-03-17T11:43:34.691-06:00  INFO 23524 --- [johnson-sistema] [restartedMain] liquibase.changelog                      : Reading from public.databasechangelog
2026-03-17T11:43:34.757-06:00  INFO 23524 --- [johnson-sistema] [restartedMain] liquibase.ui                             : Running Changeset: db/changelog/cambios/crear-tablas-iniciales.sql::1::franco
2026-03-17T11:43:35.734-06:00  INFO 23524 --- [johnson-sistema] [restartedMain] liquibase.changelog                      : Custom SQL executed
2026-03-17T11:43:35.746-06:00  INFO 23524 --- [johnson-sistema] [restartedMain] liquibase.changelog                      : ChangeSet db/changelog/cambios/crear-tablas-iniciales.sql::1::franco ran successfully in 984ms
2026-03-17T11:43:35.805-06:00  INFO 23524 --- [johnson-sistema] [restartedMain] liquibase.util                           : UPDATE SUMMARY
2026-03-17T11:43:35.806-06:00  INFO 23524 --- [johnson-sistema] [restartedMain] liquibase.util                           : Run:                          1
2026-03-17T11:43:35.813-06:00  INFO 23524 --- [johnson-sistema] [restartedMain] liquibase.util                           : Previously run:               0
2026-03-17T11:43:35.814-06:00  INFO 23524 --- [johnson-sistema] [restartedMain] liquibase.util                           : Filtered out:                 0
2026-03-17T11:43:35.814-06:00  INFO 23524 --- [johnson-sistema] [restartedMain] liquibase.util                           : -------------------------------
2026-03-17T11:43:35.816-06:00  INFO 23524 --- [johnson-sistema] [restartedMain] liquibase.util                           : Total change sets:            1
2026-03-17T11:43:35.819-06:00  INFO 23524 --- [johnson-sistema] [restartedMain] liquibase.util                           : Update summary generated
2026-03-17T11:43:35.824-06:00  INFO 23524 --- [johnson-sistema] [restartedMain] liquibase.command                        : Update command completed successfully.
2026-03-17T11:43:35.829-06:00  INFO 23524 --- [johnson-sistema] [restartedMain] liquibase.ui                             : Liquibase: Update has been successful. Rows affected: 1
2026-03-17T11:43:35.842-06:00  INFO 23524 --- [johnson-sistema] [restartedMain] liquibase.lockservice                    : Successfully released change log lock
2026-03-17T11:43:35.848-06:00  INFO 23524 --- [johnson-sistema] [restartedMain] liquibase.command                        : Command execution complete
2026-03-17T11:43:37.357-06:00  INFO 23524 --- [johnson-sistema] [restartedMain] o.hibernate.jpa.internal.util.LogHelper  : HHH000204: Processing PersistenceUnitInfo [name: default]
2026-03-17T11:43:37.522-06:00  INFO 23524 --- [johnson-sistema] [restartedMain] org.hibernate.Version                    : HHH000412: Hibernate ORM core version 6.6.41.Final
2026-03-17T11:43:37.617-06:00  INFO 23524 --- [johnson-sistema] [restartedMain] o.h.c.internal.RegionFactoryInitiator    : HHH000026: Second-level cache disabled
2026-03-17T11:43:38.264-06:00  INFO 23524 --- [johnson-sistema] [restartedMain] o.s.o.j.p.SpringPersistenceUnitInfo      : No LoadTimeWeaver setup: ignoring JPA class transformer
2026-03-17T11:43:38.493-06:00  WARN 23524 --- [johnson-sistema] [restartedMain] org.hibernate.orm.deprecation            : HHH90000025: PostgreSQLDialect does not need to be specified explicitly using 'hibernate.dialect' (remove the property setting and it will be selected by default)
2026-03-17T11:43:38.548-06:00  INFO 23524 --- [johnson-sistema] [restartedMain] org.hibernate.orm.connections.pooling    : HHH10001005: Database info:
	Database JDBC URL [Connecting through datasource 'HikariDataSource (HikariPool-1)']
	Database driver: undefined/unknown
	Database version: 15.17
	Autocommit mode: undefined/unknown
	Isolation level: undefined/unknown
	Minimum pool size: undefined/unknown
	Maximum pool size: undefined/unknown
2026-03-17T11:43:41.199-06:00  INFO 23524 --- [johnson-sistema] [restartedMain] o.h.e.t.j.p.i.JtaPlatformInitiator       : HHH000489: No JTA platform available (set 'hibernate.transaction.jta.platform' to enable JTA platform integration)
2026-03-17T11:43:41.337-06:00  INFO 23524 --- [johnson-sistema] [restartedMain] j.LocalContainerEntityManagerFactoryBean : Initialized JPA EntityManagerFactory for persistence unit 'default'
2026-03-17T11:43:41.943-06:00  INFO 23524 --- [johnson-sistema] [restartedMain] o.s.d.j.r.query.QueryEnhancerFactory     : Hibernate is in classpath; If applicable, HQL parser will be used.
2026-03-17T11:43:44.319-06:00  WARN 23524 --- [johnson-sistema] [restartedMain] JpaBaseConfiguration$JpaWebConfiguration : spring.jpa.open-in-view is enabled by default. Therefore, database queries may be performed during view rendering. Explicitly configure spring.jpa.open-in-view to disable this warning
2026-03-17T11:43:44.494-06:00  INFO 23524 --- [johnson-sistema] [restartedMain] o.s.b.a.w.s.WelcomePageHandlerMapping    : Adding welcome page template: index
2026-03-17T11:43:44.972-06:00  INFO 23524 --- [johnson-sistema] [restartedMain] r$InitializeUserDetailsManagerConfigurer : Global AuthenticationManager configured with UserDetailsService bean with name detallesUsuarioServicio
2026-03-17T11:43:46.315-06:00  INFO 23524 --- [johnson-sistema] [restartedMain] o.s.b.d.a.OptionalLiveReloadServer       : LiveReload server is running on port 35729
2026-03-17T11:43:46.362-06:00  INFO 23524 --- [johnson-sistema] [restartedMain] o.s.m.s.b.SimpleBrokerMessageHandler     : Starting...
2026-03-17T11:43:46.367-06:00  INFO 23524 --- [johnson-sistema] [restartedMain] o.s.m.s.b.SimpleBrokerMessageHandler     : BrokerAvailabilityEvent[available=true, SimpleBrokerMessageHandler [org.springframework.messaging.simp.broker.DefaultSubscriptionRegistry@60b4350a]]
2026-03-17T11:43:46.370-06:00  INFO 23524 --- [johnson-sistema] [restartedMain] o.s.m.s.b.SimpleBrokerMessageHandler     : Started.
2026-03-17T11:43:46.417-06:00  INFO 23524 --- [johnson-sistema] [restartedMain] o.s.b.w.embedded.tomcat.TomcatWebServer  : Tomcat started on port 8081 (http) with context path '/'
2026-03-17T11:43:46.459-06:00  INFO 23524 --- [johnson-sistema] [restartedMain] c.j.practica.JohnsonSistemaApplication   : Started JohnsonSistemaApplication in 23.065 seconds (process running for 24.819)
2026-03-17T11:43:46.501-06:00  INFO 23524 --- [johnson-sistema] [restartedMain] c.johnson.practica.config.CargadorDatos  : Cargando datos iniciales...
2026-03-17T11:43:47.034-06:00  INFO 23524 --- [johnson-sistema] [restartedMain] c.johnson.practica.config.CargadorDatos  : Creando usuario 'admin'...
2026-03-17T11:43:47.235-06:00  INFO 23524 --- [johnson-sistema] [restartedMain] c.johnson.practica.config.CargadorDatos  : Usuario 'admin' creado y guardado. DEBE CAMBIAR CONTRASEÑA.
2026-03-17T11:43:47.269-06:00  INFO 23524 --- [johnson-sistema] [restartedMain] c.johnson.practica.config.CargadorDatos  : Creando usuario 'visitante'...
2026-03-17T11:43:47.477-06:00  INFO 23524 --- [johnson-sistema] [restartedMain] c.johnson.practica.config.CargadorDatos  : Usuario 'visitante' creado y guardado.
2026-03-17T11:44:42.686-06:00  INFO 23524 --- [johnson-sistema] [http-nio-8081-exec-1] o.a.c.c.C.[Tomcat].[localhost].[/]       : Initializing Spring DispatcherServlet 'dispatcherServlet'
2026-03-17T11:44:42.688-06:00  INFO 23524 --- [johnson-sistema] [http-nio-8081-exec-1] o.s.web.servlet.DispatcherServlet        : Initializing Servlet 'dispatcherServlet'
2026-03-17T11:44:42.692-06:00  INFO 23524 --- [johnson-sistema] [http-nio-8081-exec-1] o.s.web.servlet.DispatcherServlet        : Completed initialization in 0 ms
2026-03-17T11:44:46.388-06:00  INFO 23524 --- [johnson-sistema] [MessageBroker-1] o.s.w.s.c.WebSocketMessageBrokerStats    : WebSocketSession[0 current WS(0)-HttpStream(0)-HttpPoll(0), 0 total, 0 closed abnormally (0 connect failure, 0 send limit, 0 transport error)], stompSubProtocol[processed CONNECT(0)-CONNECTED(0)-DISCONNECT(0)], stompBrokerRelay[null], inboundChannel[pool size = 0, active threads = 0, queued tasks = 0, completed tasks = 0], outboundChannel[pool size = 0, active threads = 0, queued tasks = 0, completed tasks = 0], sockJsScheduler[pool size = 3, active threads = 1, queued tasks = 2, completed tasks = 0]
2026-03-17T11:44:49.359-06:00  INFO 23524 --- [johnson-sistema] [http-nio-8081-exec-3] c.j.p.servicio.DetallesUsuarioServicio   : Intentando cargar usuario por nombre de usuario: admin
2026-03-17T11:44:49.415-06:00  INFO 23524 --- [johnson-sistema] [http-nio-8081-exec-3] c.j.p.servicio.DetallesUsuarioServicio   : Usuario encontrado: admin
2026-03-17T11:44:49.909-06:00  INFO 23524 --- [johnson-sistema] [http-nio-8081-exec-3] c.j.p.servicio.DetallesUsuarioServicio   : Intentando cargar usuario por nombre de usuario: admin
2026-03-17T11:44:49.939-06:00  INFO 23524 --- [johnson-sistema] [http-nio-8081-exec-3] c.j.p.servicio.DetallesUsuarioServicio   : Usuario encontrado: admin
2026-03-17T11:44:56.476-06:00  INFO 23524 --- [johnson-sistema] [http-nio-8081-exec-5] c.j.p.servicio.DetallesUsuarioServicio   : Intentando cargar usuario por nombre de usuario: admin
2026-03-17T11:44:56.546-06:00  INFO 23524 --- [johnson-sistema] [http-nio-8081-exec-5] c.j.p.servicio.DetallesUsuarioServicio   : Usuario encontrado: admin
2026-03-17T11:44:57.002-06:00  INFO 23524 --- [johnson-sistema] [http-nio-8081-exec-5] c.j.p.servicio.DetallesUsuarioServicio   : Intentando cargar usuario por nombre de usuario: admin
2026-03-17T11:44:57.052-06:00  INFO 23524 --- [johnson-sistema] [http-nio-8081-exec-5] c.j.p.servicio.DetallesUsuarioServicio   : Usuario encontrado: admin
2026-03-17T11:45:02.749-06:00  INFO 23524 --- [johnson-sistema] [http-nio-8081-exec-7] c.j.p.servicio.DetallesUsuarioServicio   : Intentando cargar usuario por nombre de usuario: admin
2026-03-17T11:45:02.779-06:00  INFO 23524 --- [johnson-sistema] [http-nio-8081-exec-7] c.j.p.servicio.DetallesUsuarioServicio   : Usuario encontrado: admin
2026-03-17T11:45:03.041-06:00  INFO 23524 --- [johnson-sistema] [http-nio-8081-exec-7] c.j.p.servicio.DetallesUsuarioServicio   : Intentando cargar usuario por nombre de usuario: admin
2026-03-17T11:45:03.067-06:00  INFO 23524 --- [johnson-sistema] [http-nio-8081-exec-7] c.j.p.servicio.DetallesUsuarioServicio   : Usuario encontrado: admin
2026-03-17T11:47:00.725-06:00  INFO 23524 --- [johnson-sistema] [http-nio-8081-exec-10] c.j.p.servicio.DetallesUsuarioServicio   : Intentando cargar usuario por nombre de usuario: admin
2026-03-17T11:47:00.752-06:00  INFO 23524 --- [johnson-sistema] [http-nio-8081-exec-10] c.j.p.servicio.DetallesUsuarioServicio   : Usuario encontrado: admin
2026-03-17T11:48:21.439-06:00  INFO 23524 --- [johnson-sistema] [File Watcher] rtingClassPathChangeChangedEventListener : Restarting due to 1 class path change (0 additions, 0 deletions, 1 modification)
2026-03-17T11:48:21.526-06:00  INFO 23524 --- [johnson-sistema] [Thread-6] o.s.b.w.e.tomcat.GracefulShutdown        : Commencing graceful shutdown. Waiting for active requests to complete
2026-03-17T11:48:23.871-06:00  INFO 23524 --- [johnson-sistema] [tomcat-shutdown] o.s.b.w.e.tomcat.GracefulShutdown        : Graceful shutdown complete
2026-03-17T11:48:23.881-06:00  INFO 23524 --- [johnson-sistema] [Thread-6] o.s.m.s.b.SimpleBrokerMessageHandler     : Stopping...
2026-03-17T11:48:23.882-06:00  INFO 23524 --- [johnson-sistema] [Thread-6] o.s.m.s.b.SimpleBrokerMessageHandler     : BrokerAvailabilityEvent[available=false, SimpleBrokerMessageHandler [org.springframework.messaging.simp.broker.DefaultSubscriptionRegistry@60b4350a]]
2026-03-17T11:48:23.885-06:00  INFO 23524 --- [johnson-sistema] [Thread-6] o.s.m.s.b.SimpleBrokerMessageHandler     : Stopped.
2026-03-17T11:48:23.900-06:00  INFO 23524 --- [johnson-sistema] [Thread-6] j.LocalContainerEntityManagerFactoryBean : Closing JPA EntityManagerFactory for persistence unit 'default'
2026-03-17T11:48:23.920-06:00  INFO 23524 --- [johnson-sistema] [Thread-6] com.zaxxer.hikari.HikariDataSource       : HikariPool-1 - Shutdown initiated...
2026-03-17T11:48:23.941-06:00  INFO 23524 --- [johnson-sistema] [Thread-6] com.zaxxer.hikari.HikariDataSource       : HikariPool-1 - Shutdown completed.
2026-03-17T11:48:24.477-06:00  INFO 23524 --- [johnson-sistema] [restartedMain] c.j.practica.JohnsonSistemaApplication   : Starting JohnsonSistemaApplication using Java 17.0.12 with PID 23524 (C:\Users\User\OneDrive\Escritorio\Escuela\PRACTICAS\Sistema_Johnson\johnson-sistema\target\classes started by Franco in C:\Users\User\OneDrive\Escritorio\Escuela\PRACTICAS\Sistema_Johnson\johnson-sistema)
2026-03-17T11:48:24.480-06:00  INFO 23524 --- [johnson-sistema] [restartedMain] c.j.practica.JohnsonSistemaApplication   : No active profile set, falling back to 1 default profile: "default"
2026-03-17T11:48:25.802-06:00  INFO 23524 --- [johnson-sistema] [restartedMain] .s.d.r.c.RepositoryConfigurationDelegate : Bootstrapping Spring Data JPA repositories in DEFAULT mode.
2026-03-17T11:48:26.124-06:00  INFO 23524 --- [johnson-sistema] [restartedMain] .s.d.r.c.RepositoryConfigurationDelegate : Finished Spring Data repository scanning in 284 ms. Found 10 JPA repository interfaces.
2026-03-17T11:48:27.390-06:00  INFO 23524 --- [johnson-sistema] [restartedMain] o.s.b.w.embedded.tomcat.TomcatWebServer  : Tomcat initialized with port 8081 (http)
2026-03-17T11:48:27.400-06:00  INFO 23524 --- [johnson-sistema] [restartedMain] o.apache.catalina.core.StandardService   : Starting service [Tomcat]
2026-03-17T11:48:27.416-06:00  INFO 23524 --- [johnson-sistema] [restartedMain] o.apache.catalina.core.StandardEngine    : Starting Servlet engine: [Apache Tomcat/10.1.50]
2026-03-17T11:48:27.728-06:00  INFO 23524 --- [johnson-sistema] [restartedMain] o.a.c.c.C.[Tomcat].[localhost].[/]       : Initializing Spring embedded WebApplicationContext
2026-03-17T11:48:27.765-06:00  INFO 23524 --- [johnson-sistema] [restartedMain] w.s.c.ServletWebServerApplicationContext : Root WebApplicationContext: initialization completed in 3265 ms
2026-03-17T11:48:28.703-06:00  INFO 23524 --- [johnson-sistema] [restartedMain] com.zaxxer.hikari.HikariDataSource       : HikariPool-2 - Starting...
2026-03-17T11:48:28.895-06:00  INFO 23524 --- [johnson-sistema] [restartedMain] com.zaxxer.hikari.pool.HikariPool        : HikariPool-2 - Added connection org.postgresql.jdbc.PgConnection@23265365
2026-03-17T11:48:28.897-06:00  INFO 23524 --- [johnson-sistema] [restartedMain] com.zaxxer.hikari.HikariDataSource       : HikariPool-2 - Start completed.
2026-03-17T11:48:28.940-06:00  INFO 23524 --- [johnson-sistema] [restartedMain] liquibase.database                       : Set default schema name to public
2026-03-17T11:48:29.400-06:00  INFO 23524 --- [johnson-sistema] [restartedMain] liquibase.changelog                      : Reading from public.databasechangelog
2026-03-17T11:48:29.451-06:00  INFO 23524 --- [johnson-sistema] [restartedMain] liquibase.ui                             : Database is up to date, no changesets to execute
2026-03-17T11:48:29.457-06:00  INFO 23524 --- [johnson-sistema] [restartedMain] liquibase.changelog                      : Reading from public.databasechangelog
2026-03-17T11:48:29.468-06:00  INFO 23524 --- [johnson-sistema] [restartedMain] liquibase.util                           : UPDATE SUMMARY
2026-03-17T11:48:29.469-06:00  INFO 23524 --- [johnson-sistema] [restartedMain] liquibase.util                           : Run:                          0
2026-03-17T11:48:29.471-06:00  INFO 23524 --- [johnson-sistema] [restartedMain] liquibase.util                           : Previously run:               1
2026-03-17T11:48:29.472-06:00  INFO 23524 --- [johnson-sistema] [restartedMain] liquibase.util                           : Filtered out:                 0
2026-03-17T11:48:29.474-06:00  INFO 23524 --- [johnson-sistema] [restartedMain] liquibase.util                           : -------------------------------
2026-03-17T11:48:29.475-06:00  INFO 23524 --- [johnson-sistema] [restartedMain] liquibase.util                           : Total change sets:            1
2026-03-17T11:48:29.477-06:00  INFO 23524 --- [johnson-sistema] [restartedMain] liquibase.util                           : Update summary generated
2026-03-17T11:48:29.479-06:00  INFO 23524 --- [johnson-sistema] [restartedMain] liquibase.command                        : Command execution complete
2026-03-17T11:48:29.622-06:00  INFO 23524 --- [johnson-sistema] [restartedMain] o.hibernate.jpa.internal.util.LogHelper  : HHH000204: Processing PersistenceUnitInfo [name: default]
2026-03-17T11:48:29.644-06:00  INFO 23524 --- [johnson-sistema] [restartedMain] o.h.c.internal.RegionFactoryInitiator    : HHH000026: Second-level cache disabled
2026-03-17T11:48:29.698-06:00  INFO 23524 --- [johnson-sistema] [restartedMain] o.s.o.j.p.SpringPersistenceUnitInfo      : No LoadTimeWeaver setup: ignoring JPA class transformer
2026-03-17T11:48:29.710-06:00  WARN 23524 --- [johnson-sistema] [restartedMain] org.hibernate.orm.deprecation            : HHH90000025: PostgreSQLDialect does not need to be specified explicitly using 'hibernate.dialect' (remove the property setting and it will be selected by default)
2026-03-17T11:48:29.720-06:00  INFO 23524 --- [johnson-sistema] [restartedMain] org.hibernate.orm.connections.pooling    : HHH10001005: Database info:
	Database JDBC URL [Connecting through datasource 'HikariDataSource (HikariPool-2)']
	Database driver: undefined/unknown
	Database version: 15.17
	Autocommit mode: undefined/unknown
	Isolation level: undefined/unknown
	Minimum pool size: undefined/unknown
	Maximum pool size: undefined/unknown
2026-03-17T11:48:30.717-06:00  INFO 23524 --- [johnson-sistema] [restartedMain] o.h.e.t.j.p.i.JtaPlatformInitiator       : HHH000489: No JTA platform available (set 'hibernate.transaction.jta.platform' to enable JTA platform integration)
2026-03-17T11:48:30.834-06:00  INFO 23524 --- [johnson-sistema] [restartedMain] j.LocalContainerEntityManagerFactoryBean : Initialized JPA EntityManagerFactory for persistence unit 'default'
2026-03-17T11:48:34.619-06:00  WARN 23524 --- [johnson-sistema] [restartedMain] JpaBaseConfiguration$JpaWebConfiguration : spring.jpa.open-in-view is enabled by default. Therefore, database queries may be performed during view rendering. Explicitly configure spring.jpa.open-in-view to disable this warning
2026-03-17T11:48:35.272-06:00  INFO 23524 --- [johnson-sistema] [restartedMain] o.s.b.a.w.s.WelcomePageHandlerMapping    : Adding welcome page template: index
2026-03-17T11:48:36.031-06:00  INFO 23524 --- [johnson-sistema] [restartedMain] r$InitializeUserDetailsManagerConfigurer : Global AuthenticationManager configured with UserDetailsService bean with name detallesUsuarioServicio
2026-03-17T11:48:37.933-06:00  INFO 23524 --- [johnson-sistema] [restartedMain] o.s.b.d.a.OptionalLiveReloadServer       : LiveReload server is running on port 35729
2026-03-17T11:48:38.015-06:00  INFO 23524 --- [johnson-sistema] [restartedMain] o.s.m.s.b.SimpleBrokerMessageHandler     : Starting...
2026-03-17T11:48:38.037-06:00  INFO 23524 --- [johnson-sistema] [restartedMain] o.s.m.s.b.SimpleBrokerMessageHandler     : BrokerAvailabilityEvent[available=true, SimpleBrokerMessageHandler [org.springframework.messaging.simp.broker.DefaultSubscriptionRegistry@3fd805f2]]
2026-03-17T11:48:38.049-06:00  INFO 23524 --- [johnson-sistema] [restartedMain] o.s.m.s.b.SimpleBrokerMessageHandler     : Started.
2026-03-17T11:48:38.076-06:00  INFO 23524 --- [johnson-sistema] [restartedMain] o.s.b.w.embedded.tomcat.TomcatWebServer  : Tomcat started on port 8081 (http) with context path '/'
2026-03-17T11:48:38.101-06:00  INFO 23524 --- [johnson-sistema] [restartedMain] c.j.practica.JohnsonSistemaApplication   : Started JohnsonSistemaApplication in 13.847 seconds (process running for 316.46)
2026-03-17T11:48:38.837-06:00  INFO 23524 --- [johnson-sistema] [restartedMain] c.johnson.practica.config.CargadorDatos  : Cargando datos iniciales...
2026-03-17T11:48:38.945-06:00  INFO 23524 --- [johnson-sistema] [restartedMain] .ConditionEvaluationDeltaLoggingListener : Condition evaluation unchanged
2026-03-17T11:49:38.013-06:00  INFO 23524 --- [johnson-sistema] [MessageBroker-1] o.s.w.s.c.WebSocketMessageBrokerStats    : WebSocketSession[0 current WS(0)-HttpStream(0)-HttpPoll(0), 0 total, 0 closed abnormally (0 connect failure, 0 send limit, 0 transport error)], stompSubProtocol[processed CONNECT(0)-CONNECTED(0)-DISCONNECT(0)], stompBrokerRelay[null], inboundChannel[pool size = 0, active threads = 0, queued tasks = 0, completed tasks = 0], outboundChannel[pool size = 0, active threads = 0, queued tasks = 0, completed tasks = 0], sockJsScheduler[pool size = 3, active threads = 1, queued tasks = 2, completed tasks = 0]
2026-03-17T11:56:57.169-06:00  INFO 23524 --- [johnson-sistema] [http-nio-8081-exec-1] o.a.c.c.C.[Tomcat].[localhost].[/]       : Initializing Spring DispatcherServlet 'dispatcherServlet'
2026-03-17T11:56:57.170-06:00  INFO 23524 --- [johnson-sistema] [http-nio-8081-exec-1] o.s.web.servlet.DispatcherServlet        : Initializing Servlet 'dispatcherServlet'
2026-03-17T11:56:57.185-06:00  INFO 23524 --- [johnson-sistema] [http-nio-8081-exec-1] o.s.web.servlet.DispatcherServlet        : Completed initialization in 8 ms
2026-03-17T12:02:07.618-06:00 ERROR 23524 --- [johnson-sistema] [http-nio-8081-exec-6] org.thymeleaf.TemplateEngine             : [THYMELEAF][http-nio-8081-exec-6] Exception processing template "index": An error happened during template parsing (template: "class path resource [templates/index.html]")

org.thymeleaf.exceptions.TemplateInputException: An error happened during template parsing (template: "class path resource [templates/index.html]")
	at org.thymeleaf.templateparser.markup.AbstractMarkupTemplateParser.parse(AbstractMarkupTemplateParser.java:241) ~[thymeleaf-3.1.3.RELEASE.jar:3.1.3.RELEASE]
	at org.thymeleaf.templateparser.markup.AbstractMarkupTemplateParser.parseStandalone(AbstractMarkupTemplateParser.java:100) ~[thymeleaf-3.1.3.RELEASE.jar:3.1.3.RELEASE]
	at org.thymeleaf.engine.TemplateManager.parseAndProcess(TemplateManager.java:666) ~[thymeleaf-3.1.3.RELEASE.jar:3.1.3.RELEASE]
	at org.thymeleaf.TemplateEngine.process(TemplateEngine.java:1103) ~[thymeleaf-3.1.3.RELEASE.jar:3.1.3.RELEASE]
	at org.thymeleaf.TemplateEngine.process(TemplateEngine.java:1077) ~[thymeleaf-3.1.3.RELEASE.jar:3.1.3.RELEASE]
	at org.thymeleaf.spring6.view.ThymeleafView.renderFragment(ThymeleafView.java:372) ~[thymeleaf-spring6-3.1.3.RELEASE.jar:3.1.3.RELEASE]
	at org.thymeleaf.spring6.view.ThymeleafView.render(ThymeleafView.java:192) ~[thymeleaf-spring6-3.1.3.RELEASE.jar:3.1.3.RELEASE]
	at org.springframework.web.servlet.DispatcherServlet.render(DispatcherServlet.java:1438) ~[spring-webmvc-6.2.15.jar:6.2.15]
	at org.springframework.web.servlet.DispatcherServlet.processDispatchResult(DispatcherServlet.java:1168) ~[spring-webmvc-6.2.15.jar:6.2.15]
	at org.springframework.web.servlet.DispatcherServlet.doDispatch(DispatcherServlet.java:1106) ~[spring-webmvc-6.2.15.jar:6.2.15]
	at org.springframework.web.servlet.DispatcherServlet.doService(DispatcherServlet.java:979) ~[spring-webmvc-6.2.15.jar:6.2.15]
	at org.springframework.web.servlet.FrameworkServlet.processRequest(FrameworkServlet.java:1014) ~[spring-webmvc-6.2.15.jar:6.2.15]
	at org.springframework.web.servlet.FrameworkServlet.doGet(FrameworkServlet.java:903) ~[spring-webmvc-6.2.15.jar:6.2.15]
	at jakarta.servlet.http.HttpServlet.service(HttpServlet.java:564) ~[tomcat-embed-core-10.1.50.jar:6.0]
	at org.springframework.web.servlet.FrameworkServlet.service(FrameworkServlet.java:885) ~[spring-webmvc-6.2.15.jar:6.2.15]
	at jakarta.servlet.http.HttpServlet.service(HttpServlet.java:658) ~[tomcat-embed-core-10.1.50.jar:6.0]
	at org.apache.catalina.core.ApplicationFilterChain.internalDoFilter(ApplicationFilterChain.java:193) ~[tomcat-embed-core-10.1.50.jar:10.1.50]
	at org.apache.catalina.core.ApplicationFilterChain.doFilter(ApplicationFilterChain.java:138) ~[tomcat-embed-core-10.1.50.jar:10.1.50]
	at org.apache.tomcat.websocket.server.WsFilter.doFilter(WsFilter.java:51) ~[tomcat-embed-websocket-10.1.50.jar:10.1.50]
	at org.apache.catalina.core.ApplicationFilterChain.internalDoFilter(ApplicationFilterChain.java:162) ~[tomcat-embed-core-10.1.50.jar:10.1.50]
	at org.apache.catalina.core.ApplicationFilterChain.doFilter(ApplicationFilterChain.java:138) ~[tomcat-embed-core-10.1.50.jar:10.1.50]
	at org.springframework.web.filter.CompositeFilter$VirtualFilterChain.doFilter(CompositeFilter.java:108) ~[spring-web-6.2.15.jar:6.2.15]
	at org.springframework.web.filter.CompositeFilter$VirtualFilterChain.doFilter(CompositeFilter.java:108) ~[spring-web-6.2.15.jar:6.2.15]
	at org.springframework.security.web.FilterChainProxy.lambda$doFilterInternal$3(FilterChainProxy.java:231) ~[spring-security-web-6.5.7.jar:6.5.7]
	at org.springframework.security.web.FilterChainProxy$VirtualFilterChain.doFilter(FilterChainProxy.java:365) ~[spring-security-web-6.5.7.jar:6.5.7]
	at org.springframework.security.web.access.intercept.AuthorizationFilter.doFilter(AuthorizationFilter.java:101) ~[spring-security-web-6.5.7.jar:6.5.7]
	at org.springframework.security.web.FilterChainProxy$VirtualFilterChain.doFilter(FilterChainProxy.java:374) ~[spring-security-web-6.5.7.jar:6.5.7]
	at org.springframework.security.web.access.ExceptionTranslationFilter.doFilter(ExceptionTranslationFilter.java:125) ~[spring-security-web-6.5.7.jar:6.5.7]
	at org.springframework.security.web.access.ExceptionTranslationFilter.doFilter(ExceptionTranslationFilter.java:119) ~[spring-security-web-6.5.7.jar:6.5.7]
	at org.springframework.security.web.FilterChainProxy$VirtualFilterChain.doFilter(FilterChainProxy.java:374) ~[spring-security-web-6.5.7.jar:6.5.7]
	at org.springframework.security.web.authentication.AnonymousAuthenticationFilter.doFilter(AnonymousAuthenticationFilter.java:100) ~[spring-security-web-6.5.7.jar:6.5.7]
	at org.springframework.security.web.FilterChainProxy$VirtualFilterChain.doFilter(FilterChainProxy.java:374) ~[spring-security-web-6.5.7.jar:6.5.7]
	at org.springframework.security.web.servletapi.SecurityContextHolderAwareRequestFilter.doFilter(SecurityContextHolderAwareRequestFilter.java:179) ~[spring-security-web-6.5.7.jar:6.5.7]
	at org.springframework.security.web.FilterChainProxy$VirtualFilterChain.doFilter(FilterChainProxy.java:374) ~[spring-security-web-6.5.7.jar:6.5.7]
	at org.springframework.security.web.savedrequest.RequestCacheAwareFilter.doFilter(RequestCacheAwareFilter.java:63) ~[spring-security-web-6.5.7.jar:6.5.7]
	at org.springframework.security.web.FilterChainProxy$VirtualFilterChain.doFilter(FilterChainProxy.java:374) ~[spring-security-web-6.5.7.jar:6.5.7]
	at org.springframework.security.web.authentication.AbstractAuthenticationProcessingFilter.doFilter(AbstractAuthenticationProcessingFilter.java:235) ~[spring-security-web-6.5.7.jar:6.5.7]
	at org.springframework.security.web.authentication.AbstractAuthenticationProcessingFilter.doFilter(AbstractAuthenticationProcessingFilter.java:229) ~[spring-security-web-6.5.7.jar:6.5.7]
	at org.springframework.security.web.FilterChainProxy$VirtualFilterChain.doFilter(FilterChainProxy.java:374) ~[spring-security-web-6.5.7.jar:6.5.7]
	at org.springframework.security.web.authentication.logout.LogoutFilter.doFilter(LogoutFilter.java:107) ~[spring-security-web-6.5.7.jar:6.5.7]
	at org.springframework.security.web.authentication.logout.LogoutFilter.doFilter(LogoutFilter.java:93) ~[spring-security-web-6.5.7.jar:6.5.7]
	at org.springframework.security.web.FilterChainProxy$VirtualFilterChain.doFilter(FilterChainProxy.java:374) ~[spring-security-web-6.5.7.jar:6.5.7]
	at org.springframework.security.web.csrf.CsrfFilter.doFilterInternal(CsrfFilter.java:117) ~[spring-security-web-6.5.7.jar:6.5.7]
	at org.springframework.web.filter.OncePerRequestFilter.doFilter(OncePerRequestFilter.java:116) ~[spring-web-6.2.15.jar:6.2.15]
	at org.springframework.security.web.FilterChainProxy$VirtualFilterChain.doFilter(FilterChainProxy.java:374) ~[spring-security-web-6.5.7.jar:6.5.7]
	at org.springframework.security.web.header.HeaderWriterFilter.doHeadersAfter(HeaderWriterFilter.java:90) ~[spring-security-web-6.5.7.jar:6.5.7]
	at org.springframework.security.web.header.HeaderWriterFilter.doFilterInternal(HeaderWriterFilter.java:75) ~[spring-security-web-6.5.7.jar:6.5.7]
	at org.springframework.web.filter.OncePerRequestFilter.doFilter(OncePerRequestFilter.java:116) ~[spring-web-6.2.15.jar:6.2.15]
	at org.springframework.security.web.FilterChainProxy$VirtualFilterChain.doFilter(FilterChainProxy.java:374) ~[spring-security-web-6.5.7.jar:6.5.7]
	at org.springframework.security.web.context.SecurityContextHolderFilter.doFilter(SecurityContextHolderFilter.java:82) ~[spring-security-web-6.5.7.jar:6.5.7]
	at org.springframework.security.web.context.SecurityContextHolderFilter.doFilter(SecurityContextHolderFilter.java:69) ~[spring-security-web-6.5.7.jar:6.5.7]
	at org.springframework.security.web.FilterChainProxy$VirtualFilterChain.doFilter(FilterChainProxy.java:374) ~[spring-security-web-6.5.7.jar:6.5.7]
	at org.springframework.security.web.context.request.async.WebAsyncManagerIntegrationFilter.doFilterInternal(WebAsyncManagerIntegrationFilter.java:62) ~[spring-security-web-6.5.7.jar:6.5.7]
	at org.springframework.web.filter.OncePerRequestFilter.doFilter(OncePerRequestFilter.java:116) ~[spring-web-6.2.15.jar:6.2.15]
	at org.springframework.security.web.FilterChainProxy$VirtualFilterChain.doFilter(FilterChainProxy.java:374) ~[spring-security-web-6.5.7.jar:6.5.7]
	at org.springframework.security.web.session.DisableEncodeUrlFilter.doFilterInternal(DisableEncodeUrlFilter.java:42) ~[spring-security-web-6.5.7.jar:6.5.7]
	at org.springframework.web.filter.OncePerRequestFilter.doFilter(OncePerRequestFilter.java:116) ~[spring-web-6.2.15.jar:6.2.15]
	at org.springframework.security.web.FilterChainProxy$VirtualFilterChain.doFilter(FilterChainProxy.java:374) ~[spring-security-web-6.5.7.jar:6.5.7]
	at org.springframework.security.web.FilterChainProxy.doFilterInternal(FilterChainProxy.java:233) ~[spring-security-web-6.5.7.jar:6.5.7]
	at org.springframework.security.web.FilterChainProxy.doFilter(FilterChainProxy.java:191) ~[spring-security-web-6.5.7.jar:6.5.7]
	at org.springframework.web.filter.CompositeFilter$VirtualFilterChain.doFilter(CompositeFilter.java:113) ~[spring-web-6.2.15.jar:6.2.15]
	at org.springframework.web.filter.ServletRequestPathFilter.doFilter(ServletRequestPathFilter.java:52) ~[spring-web-6.2.15.jar:6.2.15]
	at org.springframework.web.filter.CompositeFilter$VirtualFilterChain.doFilter(CompositeFilter.java:113) ~[spring-web-6.2.15.jar:6.2.15]
	at org.springframework.web.filter.CompositeFilter.doFilter(CompositeFilter.java:74) ~[spring-web-6.2.15.jar:6.2.15]
	at org.springframework.security.config.annotation.web.configuration.WebSecurityConfiguration$CompositeFilterChainProxy.doFilter(WebSecurityConfiguration.java:319) ~[spring-security-config-6.5.7.jar:6.5.7]
	at org.springframework.web.filter.CompositeFilter$VirtualFilterChain.doFilter(CompositeFilter.java:113) ~[spring-web-6.2.15.jar:6.2.15]
	at org.springframework.web.servlet.handler.HandlerMappingIntrospector.lambda$createCacheFilter$4(HandlerMappingIntrospector.java:267) ~[spring-webmvc-6.2.15.jar:6.2.15]
	at org.springframework.web.filter.CompositeFilter$VirtualFilterChain.doFilter(CompositeFilter.java:113) ~[spring-web-6.2.15.jar:6.2.15]
	at org.springframework.web.filter.CompositeFilter.doFilter(CompositeFilter.java:74) ~[spring-web-6.2.15.jar:6.2.15]
	at org.springframework.security.config.annotation.web.configuration.WebMvcSecurityConfiguration$CompositeFilterChainProxy.doFilter(WebMvcSecurityConfiguration.java:240) ~[spring-security-config-6.5.7.jar:6.5.7]
	at org.springframework.web.filter.DelegatingFilterProxy.invokeDelegate(DelegatingFilterProxy.java:362) ~[spring-web-6.2.15.jar:6.2.15]
	at org.springframework.web.filter.DelegatingFilterProxy.doFilter(DelegatingFilterProxy.java:278) ~[spring-web-6.2.15.jar:6.2.15]
	at org.apache.catalina.core.ApplicationFilterChain.internalDoFilter(ApplicationFilterChain.java:162) ~[tomcat-embed-core-10.1.50.jar:10.1.50]
	at org.apache.catalina.core.ApplicationFilterChain.doFilter(ApplicationFilterChain.java:138) ~[tomcat-embed-core-10.1.50.jar:10.1.50]
	at org.springframework.web.filter.RequestContextFilter.doFilterInternal(RequestContextFilter.java:100) ~[spring-web-6.2.15.jar:6.2.15]
	at org.springframework.web.filter.OncePerRequestFilter.doFilter(OncePerRequestFilter.java:116) ~[spring-web-6.2.15.jar:6.2.15]
	at org.apache.catalina.core.ApplicationFilterChain.internalDoFilter(ApplicationFilterChain.java:162) ~[tomcat-embed-core-10.1.50.jar:10.1.50]
	at org.apache.catalina.core.ApplicationFilterChain.doFilter(ApplicationFilterChain.java:138) ~[tomcat-embed-core-10.1.50.jar:10.1.50]
	at org.springframework.web.filter.FormContentFilter.doFilterInternal(FormContentFilter.java:93) ~[spring-web-6.2.15.jar:6.2.15]
	at org.springframework.web.filter.OncePerRequestFilter.doFilter(OncePerRequestFilter.java:116) ~[spring-web-6.2.15.jar:6.2.15]
	at org.apache.catalina.core.ApplicationFilterChain.internalDoFilter(ApplicationFilterChain.java:162) ~[tomcat-embed-core-10.1.50.jar:10.1.50]
	at org.apache.catalina.core.ApplicationFilterChain.doFilter(ApplicationFilterChain.java:138) ~[tomcat-embed-core-10.1.50.jar:10.1.50]
	at org.springframework.web.filter.CharacterEncodingFilter.doFilterInternal(CharacterEncodingFilter.java:201) ~[spring-web-6.2.15.jar:6.2.15]
	at org.springframework.web.filter.OncePerRequestFilter.doFilter(OncePerRequestFilter.java:116) ~[spring-web-6.2.15.jar:6.2.15]
	at org.apache.catalina.core.ApplicationFilterChain.internalDoFilter(ApplicationFilterChain.java:162) ~[tomcat-embed-core-10.1.50.jar:10.1.50]
	at org.apache.catalina.core.ApplicationFilterChain.doFilter(ApplicationFilterChain.java:138) ~[tomcat-embed-core-10.1.50.jar:10.1.50]
	at org.apache.catalina.core.StandardWrapperValve.invoke(StandardWrapperValve.java:165) ~[tomcat-embed-core-10.1.50.jar:10.1.50]
	at org.apache.catalina.core.StandardContextValve.invoke(StandardContextValve.java:88) ~[tomcat-embed-core-10.1.50.jar:10.1.50]
	at org.apache.catalina.authenticator.AuthenticatorBase.invoke(AuthenticatorBase.java:482) ~[tomcat-embed-core-10.1.50.jar:10.1.50]
	at org.apache.catalina.core.StandardHostValve.invoke(StandardHostValve.java:113) ~[tomcat-embed-core-10.1.50.jar:10.1.50]
	at org.apache.catalina.valves.ErrorReportValve.invoke(ErrorReportValve.java:83) ~[tomcat-embed-core-10.1.50.jar:10.1.50]
	at org.apache.catalina.core.StandardEngineValve.invoke(StandardEngineValve.java:72) ~[tomcat-embed-core-10.1.50.jar:10.1.50]
	at org.apache.catalina.connector.CoyoteAdapter.service(CoyoteAdapter.java:342) ~[tomcat-embed-core-10.1.50.jar:10.1.50]
	at org.apache.coyote.http11.Http11Processor.service(Http11Processor.java:399) ~[tomcat-embed-core-10.1.50.jar:10.1.50]
	at org.apache.coyote.AbstractProcessorLight.process(AbstractProcessorLight.java:63) ~[tomcat-embed-core-10.1.50.jar:10.1.50]
	at org.apache.coyote.AbstractProtocol$ConnectionHandler.process(AbstractProtocol.java:903) ~[tomcat-embed-core-10.1.50.jar:10.1.50]
	at org.apache.tomcat.util.net.NioEndpoint$SocketProcessor.doRun(NioEndpoint.java:1774) ~[tomcat-embed-core-10.1.50.jar:10.1.50]
	at org.apache.tomcat.util.net.SocketProcessorBase.run(SocketProcessorBase.java:52) ~[tomcat-embed-core-10.1.50.jar:10.1.50]
	at org.apache.tomcat.util.threads.ThreadPoolExecutor.runWorker(ThreadPoolExecutor.java:973) ~[tomcat-embed-core-10.1.50.jar:10.1.50]
	at org.apache.tomcat.util.threads.ThreadPoolExecutor$Worker.run(ThreadPoolExecutor.java:491) ~[tomcat-embed-core-10.1.50.jar:10.1.50]
	at org.apache.tomcat.util.threads.TaskThread$WrappingRunnable.run(TaskThread.java:63) ~[tomcat-embed-core-10.1.50.jar:10.1.50]
	at java.base/java.lang.Thread.run(Thread.java:842) ~[na:na]
Caused by: org.attoparser.ParseException: Exception evaluating SpringEL expression: "p.id" (template: "index" - line 120, col 12)
	at org.attoparser.MarkupParser.parseDocument(MarkupParser.java:393) ~[attoparser-2.0.7.RELEASE.jar:2.0.7.RELEASE]
	at org.attoparser.MarkupParser.parse(MarkupParser.java:257) ~[attoparser-2.0.7.RELEASE.jar:2.0.7.RELEASE]
	at org.thymeleaf.templateparser.markup.AbstractMarkupTemplateParser.parse(AbstractMarkupTemplateParser.java:230) ~[thymeleaf-3.1.3.RELEASE.jar:3.1.3.RELEASE]
	... 101 common frames omitted
Caused by: org.thymeleaf.exceptions.TemplateProcessingException: Exception evaluating SpringEL expression: "p.id" (template: "index" - line 120, col 12)
	at org.thymeleaf.spring6.expression.SPELVariableExpressionEvaluator.evaluate(SPELVariableExpressionEvaluator.java:292) ~[thymeleaf-spring6-3.1.3.RELEASE.jar:3.1.3.RELEASE]
	at org.thymeleaf.standard.expression.VariableExpression.executeVariableExpression(VariableExpression.java:166) ~[thymeleaf-3.1.3.RELEASE.jar:3.1.3.RELEASE]
	at org.thymeleaf.standard.expression.SimpleExpression.executeSimple(SimpleExpression.java:66) ~[thymeleaf-3.1.3.RELEASE.jar:3.1.3.RELEASE]
	at org.thymeleaf.standard.expression.Expression.execute(Expression.java:109) ~[thymeleaf-3.1.3.RELEASE.jar:3.1.3.RELEASE]
	at org.thymeleaf.standard.expression.Expression.execute(Expression.java:138) ~[thymeleaf-3.1.3.RELEASE.jar:3.1.3.RELEASE]
	at org.thymeleaf.standard.expression.LinkExpression.resolveParameters(LinkExpression.java:339) ~[thymeleaf-3.1.3.RELEASE.jar:3.1.3.RELEASE]
	at org.thymeleaf.standard.expression.LinkExpression.executeLinkExpression(LinkExpression.java:285) ~[thymeleaf-3.1.3.RELEASE.jar:3.1.3.RELEASE]
	at org.thymeleaf.standard.expression.SimpleExpression.executeSimple(SimpleExpression.java:85) ~[thymeleaf-3.1.3.RELEASE.jar:3.1.3.RELEASE]
	at org.thymeleaf.standard.expression.Expression.execute(Expression.java:109) ~[thymeleaf-3.1.3.RELEASE.jar:3.1.3.RELEASE]
	at org.thymeleaf.standard.expression.Expression.execute(Expression.java:138) ~[thymeleaf-3.1.3.RELEASE.jar:3.1.3.RELEASE]
	at org.thymeleaf.standard.processor.AbstractStandardExpressionAttributeTagProcessor.doProcess(AbstractStandardExpressionAttributeTagProcessor.java:144) ~[thymeleaf-3.1.3.RELEASE.jar:3.1.3.RELEASE]
	at org.thymeleaf.processor.element.AbstractAttributeTagProcessor.doProcess(AbstractAttributeTagProcessor.java:74) ~[thymeleaf-3.1.3.RELEASE.jar:3.1.3.RELEASE]
	at org.thymeleaf.processor.element.AbstractElementTagProcessor.process(AbstractElementTagProcessor.java:95) ~[thymeleaf-3.1.3.RELEASE.jar:3.1.3.RELEASE]
	at org.thymeleaf.util.ProcessorConfigurationUtils$ElementTagProcessorWrapper.process(ProcessorConfigurationUtils.java:633) ~[thymeleaf-3.1.3.RELEASE.jar:3.1.3.RELEASE]
	at org.thymeleaf.engine.ProcessorTemplateHandler.handleOpenElement(ProcessorTemplateHandler.java:1314) ~[thymeleaf-3.1.3.RELEASE.jar:3.1.3.RELEASE]
	at org.thymeleaf.engine.TemplateHandlerAdapterMarkupHandler.handleOpenElementEnd(TemplateHandlerAdapterMarkupHandler.java:304) ~[thymeleaf-3.1.3.RELEASE.jar:3.1.3.RELEASE]
	at org.thymeleaf.templateparser.markup.InlinedOutputExpressionMarkupHandler$InlineMarkupAdapterPreProcessorHandler.handleOpenElementEnd(InlinedOutputExpressionMarkupHandler.java:278) ~[thymeleaf-3.1.3.RELEASE.jar:3.1.3.RELEASE]
	at org.thymeleaf.standard.inline.OutputExpressionInlinePreProcessorHandler.handleOpenElementEnd(OutputExpressionInlinePreProcessorHandler.java:186) ~[thymeleaf-3.1.3.RELEASE.jar:3.1.3.RELEASE]
	at org.thymeleaf.templateparser.markup.InlinedOutputExpressionMarkupHandler.handleOpenElementEnd(InlinedOutputExpressionMarkupHandler.java:124) ~[thymeleaf-3.1.3.RELEASE.jar:3.1.3.RELEASE]
	at org.attoparser.HtmlElement.handleOpenElementEnd(HtmlElement.java:109) ~[attoparser-2.0.7.RELEASE.jar:2.0.7.RELEASE]
	at org.attoparser.HtmlMarkupHandler.handleOpenElementEnd(HtmlMarkupHandler.java:297) ~[attoparser-2.0.7.RELEASE.jar:2.0.7.RELEASE]
	at org.attoparser.MarkupEventProcessorHandler.handleOpenElementEnd(MarkupEventProcessorHandler.java:402) ~[attoparser-2.0.7.RELEASE.jar:2.0.7.RELEASE]
	at org.attoparser.ParsingElementMarkupUtil.parseOpenElement(ParsingElementMarkupUtil.java:159) ~[attoparser-2.0.7.RELEASE.jar:2.0.7.RELEASE]
	at org.attoparser.MarkupParser.parseBuffer(MarkupParser.java:710) ~[attoparser-2.0.7.RELEASE.jar:2.0.7.RELEASE]
	at org.attoparser.MarkupParser.parseDocument(MarkupParser.java:301) ~[attoparser-2.0.7.RELEASE.jar:2.0.7.RELEASE]
	... 103 common frames omitted
Caused by: org.springframework.expression.spel.SpelEvaluationException: EL1007E: Property or field 'id' cannot be found on null
	at org.springframework.expression.spel.ast.PropertyOrFieldReference.readProperty(PropertyOrFieldReference.java:225) ~[spring-expression-6.2.15.jar:6.2.15]
	at org.springframework.expression.spel.ast.PropertyOrFieldReference.getValueInternal(PropertyOrFieldReference.java:112) ~[spring-expression-6.2.15.jar:6.2.15]
	at org.springframework.expression.spel.ast.PropertyOrFieldReference$AccessorValueRef.getValue(PropertyOrFieldReference.java:376) ~[spring-expression-6.2.15.jar:6.2.15]
	at org.springframework.expression.spel.ast.CompoundExpression.getValueInternal(CompoundExpression.java:97) ~[spring-expression-6.2.15.jar:6.2.15]
	at org.springframework.expression.spel.ast.SpelNodeImpl.getValue(SpelNodeImpl.java:116) ~[spring-expression-6.2.15.jar:6.2.15]
	at org.springframework.expression.spel.standard.SpelExpression.getValue(SpelExpression.java:338) ~[spring-expression-6.2.15.jar:6.2.15]
	at org.thymeleaf.spring6.expression.SPELVariableExpressionEvaluator.evaluate(SPELVariableExpressionEvaluator.java:265) ~[thymeleaf-spring6-3.1.3.RELEASE.jar:3.1.3.RELEASE]
	... 127 common frames omitted

2026-03-17T12:02:07.783-06:00 ERROR 23524 --- [johnson-sistema] [http-nio-8081-exec-6] o.a.c.c.C.[.[.[/].[dispatcherServlet]    : Servlet.service() for servlet [dispatcherServlet] in context with path [] threw exception [Request processing failed: org.thymeleaf.exceptions.TemplateInputException: An error happened during template parsing (template: "class path resource [templates/index.html]")] with root cause

org.springframework.expression.spel.SpelEvaluationException: EL1007E: Property or field 'id' cannot be found on null
	at org.springframework.expression.spel.ast.PropertyOrFieldReference.readProperty(PropertyOrFieldReference.java:225) ~[spring-expression-6.2.15.jar:6.2.15]
	at org.springframework.expression.spel.ast.PropertyOrFieldReference.getValueInternal(PropertyOrFieldReference.java:112) ~[spring-expression-6.2.15.jar:6.2.15]
	at org.springframework.expression.spel.ast.PropertyOrFieldReference$AccessorValueRef.getValue(PropertyOrFieldReference.java:376) ~[spring-expression-6.2.15.jar:6.2.15]
	at org.springframework.expression.spel.ast.CompoundExpression.getValueInternal(CompoundExpression.java:97) ~[spring-expression-6.2.15.jar:6.2.15]
	at org.springframework.expression.spel.ast.SpelNodeImpl.getValue(SpelNodeImpl.java:116) ~[spring-expression-6.2.15.jar:6.2.15]
	at org.springframework.expression.spel.standard.SpelExpression.getValue(SpelExpression.java:338) ~[spring-expression-6.2.15.jar:6.2.15]
	at org.thymeleaf.spring6.expression.SPELVariableExpressionEvaluator.evaluate(SPELVariableExpressionEvaluator.java:265) ~[thymeleaf-spring6-3.1.3.RELEASE.jar:3.1.3.RELEASE]
	at org.thymeleaf.standard.expression.VariableExpression.executeVariableExpression(VariableExpression.java:166) ~[thymeleaf-3.1.3.RELEASE.jar:3.1.3.RELEASE]
	at org.thymeleaf.standard.expression.SimpleExpression.executeSimple(SimpleExpression.java:66) ~[thymeleaf-3.1.3.RELEASE.jar:3.1.3.RELEASE]
	at org.thymeleaf.standard.expression.Expression.execute(Expression.java:109) ~[thymeleaf-3.1.3.RELEASE.jar:3.1.3.RELEASE]
	at org.thymeleaf.standard.expression.Expression.execute(Expression.java:138) ~[thymeleaf-3.1.3.RELEASE.jar:3.1.3.RELEASE]
	at org.thymeleaf.standard.expression.LinkExpression.resolveParameters(LinkExpression.java:339) ~[thymeleaf-3.1.3.RELEASE.jar:3.1.3.RELEASE]
	at org.thymeleaf.standard.expression.LinkExpression.executeLinkExpression(LinkExpression.java:285) ~[thymeleaf-3.1.3.RELEASE.jar:3.1.3.RELEASE]
	at org.thymeleaf.standard.expression.SimpleExpression.executeSimple(SimpleExpression.java:85) ~[thymeleaf-3.1.3.RELEASE.jar:3.1.3.RELEASE]
	at org.thymeleaf.standard.expression.Expression.execute(Expression.java:109) ~[thymeleaf-3.1.3.RELEASE.jar:3.1.3.RELEASE]
	at org.thymeleaf.standard.expression.Expression.execute(Expression.java:138) ~[thymeleaf-3.1.3.RELEASE.jar:3.1.3.RELEASE]
	at org.thymeleaf.standard.processor.AbstractStandardExpressionAttributeTagProcessor.doProcess(AbstractStandardExpressionAttributeTagProcessor.java:144) ~[thymeleaf-3.1.3.RELEASE.jar:3.1.3.RELEASE]
	at org.thymeleaf.processor.element.AbstractAttributeTagProcessor.doProcess(AbstractAttributeTagProcessor.java:74) ~[thymeleaf-3.1.3.RELEASE.jar:3.1.3.RELEASE]
	at org.thymeleaf.processor.element.AbstractElementTagProcessor.process(AbstractElementTagProcessor.java:95) ~[thymeleaf-3.1.3.RELEASE.jar:3.1.3.RELEASE]
	at org.thymeleaf.util.ProcessorConfigurationUtils$ElementTagProcessorWrapper.process(ProcessorConfigurationUtils.java:633) ~[thymeleaf-3.1.3.RELEASE.jar:3.1.3.RELEASE]
	at org.thymeleaf.engine.ProcessorTemplateHandler.handleOpenElement(ProcessorTemplateHandler.java:1314) ~[thymeleaf-3.1.3.RELEASE.jar:3.1.3.RELEASE]
	at org.thymeleaf.engine.TemplateHandlerAdapterMarkupHandler.handleOpenElementEnd(TemplateHandlerAdapterMarkupHandler.java:304) ~[thymeleaf-3.1.3.RELEASE.jar:3.1.3.RELEASE]
	at org.thymeleaf.templateparser.markup.InlinedOutputExpressionMarkupHandler$InlineMarkupAdapterPreProcessorHandler.handleOpenElementEnd(InlinedOutputExpressionMarkupHandler.java:278) ~[thymeleaf-3.1.3.RELEASE.jar:3.1.3.RELEASE]
	at org.thymeleaf.standard.inline.OutputExpressionInlinePreProcessorHandler.handleOpenElementEnd(OutputExpressionInlinePreProcessorHandler.java:186) ~[thymeleaf-3.1.3.RELEASE.jar:3.1.3.RELEASE]
	at org.thymeleaf.templateparser.markup.InlinedOutputExpressionMarkupHandler.handleOpenElementEnd(InlinedOutputExpressionMarkupHandler.java:124) ~[thymeleaf-3.1.3.RELEASE.jar:3.1.3.RELEASE]
	at org.attoparser.HtmlElement.handleOpenElementEnd(HtmlElement.java:109) ~[attoparser-2.0.7.RELEASE.jar:2.0.7.RELEASE]
	at org.attoparser.HtmlMarkupHandler.handleOpenElementEnd(HtmlMarkupHandler.java:297) ~[attoparser-2.0.7.RELEASE.jar:2.0.7.RELEASE]
	at org.attoparser.MarkupEventProcessorHandler.handleOpenElementEnd(MarkupEventProcessorHandler.java:402) ~[attoparser-2.0.7.RELEASE.jar:2.0.7.RELEASE]
	at org.attoparser.ParsingElementMarkupUtil.parseOpenElement(ParsingElementMarkupUtil.java:159) ~[attoparser-2.0.7.RELEASE.jar:2.0.7.RELEASE]
	at org.attoparser.MarkupParser.parseBuffer(MarkupParser.java:710) ~[attoparser-2.0.7.RELEASE.jar:2.0.7.RELEASE]
	at org.attoparser.MarkupParser.parseDocument(MarkupParser.java:301) ~[attoparser-2.0.7.RELEASE.jar:2.0.7.RELEASE]
	at org.attoparser.MarkupParser.parse(MarkupParser.java:257) ~[attoparser-2.0.7.RELEASE.jar:2.0.7.RELEASE]
	at org.thymeleaf.templateparser.markup.AbstractMarkupTemplateParser.parse(AbstractMarkupTemplateParser.java:230) ~[thymeleaf-3.1.3.RELEASE.jar:3.1.3.RELEASE]
	at org.thymeleaf.templateparser.markup.AbstractMarkupTemplateParser.parseStandalone(AbstractMarkupTemplateParser.java:100) ~[thymeleaf-3.1.3.RELEASE.jar:3.1.3.RELEASE]
	at org.thymeleaf.engine.TemplateManager.parseAndProcess(TemplateManager.java:666) ~[thymeleaf-3.1.3.RELEASE.jar:3.1.3.RELEASE]
	at org.thymeleaf.TemplateEngine.process(TemplateEngine.java:1103) ~[thymeleaf-3.1.3.RELEASE.jar:3.1.3.RELEASE]
	at org.thymeleaf.TemplateEngine.process(TemplateEngine.java:1077) ~[thymeleaf-3.1.3.RELEASE.jar:3.1.3.RELEASE]
	at org.thymeleaf.spring6.view.ThymeleafView.renderFragment(ThymeleafView.java:372) ~[thymeleaf-spring6-3.1.3.RELEASE.jar:3.1.3.RELEASE]
	at org.thymeleaf.spring6.view.ThymeleafView.render(ThymeleafView.java:192) ~[thymeleaf-spring6-3.1.3.RELEASE.jar:3.1.3.RELEASE]
	at org.springframework.web.servlet.DispatcherServlet.render(DispatcherServlet.java:1438) ~[spring-webmvc-6.2.15.jar:6.2.15]
	at org.springframework.web.servlet.DispatcherServlet.processDispatchResult(DispatcherServlet.java:1168) ~[spring-webmvc-6.2.15.jar:6.2.15]
	at org.springframework.web.servlet.DispatcherServlet.doDispatch(DispatcherServlet.java:1106) ~[spring-webmvc-6.2.15.jar:6.2.15]
	at org.springframework.web.servlet.DispatcherServlet.doService(DispatcherServlet.java:979) ~[spring-webmvc-6.2.15.jar:6.2.15]
	at org.springframework.web.servlet.FrameworkServlet.processRequest(FrameworkServlet.java:1014) ~[spring-webmvc-6.2.15.jar:6.2.15]
	at org.springframework.web.servlet.FrameworkServlet.doGet(FrameworkServlet.java:903) ~[spring-webmvc-6.2.15.jar:6.2.15]
	at jakarta.servlet.http.HttpServlet.service(HttpServlet.java:564) ~[tomcat-embed-core-10.1.50.jar:6.0]
	at org.springframework.web.servlet.FrameworkServlet.service(FrameworkServlet.java:885) ~[spring-webmvc-6.2.15.jar:6.2.15]
	at jakarta.servlet.http.HttpServlet.service(HttpServlet.java:658) ~[tomcat-embed-core-10.1.50.jar:6.0]
	at org.apache.catalina.core.ApplicationFilterChain.internalDoFilter(ApplicationFilterChain.java:193) ~[tomcat-embed-core-10.1.50.jar:10.1.50]
	at org.apache.catalina.core.ApplicationFilterChain.doFilter(ApplicationFilterChain.java:138) ~[tomcat-embed-core-10.1.50.jar:10.1.50]
	at org.apache.tomcat.websocket.server.WsFilter.doFilter(WsFilter.java:51) ~[tomcat-embed-websocket-10.1.50.jar:10.1.50]
	at org.apache.catalina.core.ApplicationFilterChain.internalDoFilter(ApplicationFilterChain.java:162) ~[tomcat-embed-core-10.1.50.jar:10.1.50]
	at org.apache.catalina.core.ApplicationFilterChain.doFilter(ApplicationFilterChain.java:138) ~[tomcat-embed-core-10.1.50.jar:10.1.50]
	at org.springframework.web.filter.CompositeFilter$VirtualFilterChain.doFilter(CompositeFilter.java:108) ~[spring-web-6.2.15.jar:6.2.15]
	at org.springframework.web.filter.CompositeFilter$VirtualFilterChain.doFilter(CompositeFilter.java:108) ~[spring-web-6.2.15.jar:6.2.15]
	at org.springframework.security.web.FilterChainProxy.lambda$doFilterInternal$3(FilterChainProxy.java:231) ~[spring-security-web-6.5.7.jar:6.5.7]
	at org.springframework.security.web.FilterChainProxy$VirtualFilterChain.doFilter(FilterChainProxy.java:365) ~[spring-security-web-6.5.7.jar:6.5.7]
	at org.springframework.security.web.access.intercept.AuthorizationFilter.doFilter(AuthorizationFilter.java:101) ~[spring-security-web-6.5.7.jar:6.5.7]
	at org.springframework.security.web.FilterChainProxy$VirtualFilterChain.doFilter(FilterChainProxy.java:374) ~[spring-security-web-6.5.7.jar:6.5.7]
	at org.springframework.security.web.access.ExceptionTranslationFilter.doFilter(ExceptionTranslationFilter.java:125) ~[spring-security-web-6.5.7.jar:6.5.7]
	at org.springframework.security.web.access.ExceptionTranslationFilter.doFilter(ExceptionTranslationFilter.java:119) ~[spring-security-web-6.5.7.jar:6.5.7]
	at org.springframework.security.web.FilterChainProxy$VirtualFilterChain.doFilter(FilterChainProxy.java:374) ~[spring-security-web-6.5.7.jar:6.5.7]
	at org.springframework.security.web.authentication.AnonymousAuthenticationFilter.doFilter(AnonymousAuthenticationFilter.java:100) ~[spring-security-web-6.5.7.jar:6.5.7]
	at org.springframework.security.web.FilterChainProxy$VirtualFilterChain.doFilter(FilterChainProxy.java:374) ~[spring-security-web-6.5.7.jar:6.5.7]
	at org.springframework.security.web.servletapi.SecurityContextHolderAwareRequestFilter.doFilter(SecurityContextHolderAwareRequestFilter.java:179) ~[spring-security-web-6.5.7.jar:6.5.7]
	at org.springframework.security.web.FilterChainProxy$VirtualFilterChain.doFilter(FilterChainProxy.java:374) ~[spring-security-web-6.5.7.jar:6.5.7]
	at org.springframework.security.web.savedrequest.RequestCacheAwareFilter.doFilter(RequestCacheAwareFilter.java:63) ~[spring-security-web-6.5.7.jar:6.5.7]
	at org.springframework.security.web.FilterChainProxy$VirtualFilterChain.doFilter(FilterChainProxy.java:374) ~[spring-security-web-6.5.7.jar:6.5.7]
	at org.springframework.security.web.authentication.AbstractAuthenticationProcessingFilter.doFilter(AbstractAuthenticationProcessingFilter.java:235) ~[spring-security-web-6.5.7.jar:6.5.7]
	at org.springframework.security.web.authentication.AbstractAuthenticationProcessingFilter.doFilter(AbstractAuthenticationProcessingFilter.java:229) ~[spring-security-web-6.5.7.jar:6.5.7]
	at org.springframework.security.web.FilterChainProxy$VirtualFilterChain.doFilter(FilterChainProxy.java:374) ~[spring-security-web-6.5.7.jar:6.5.7]
	at org.springframework.security.web.authentication.logout.LogoutFilter.doFilter(LogoutFilter.java:107) ~[spring-security-web-6.5.7.jar:6.5.7]
	at org.springframework.security.web.authentication.logout.LogoutFilter.doFilter(LogoutFilter.java:93) ~[spring-security-web-6.5.7.jar:6.5.7]
	at org.springframework.security.web.FilterChainProxy$VirtualFilterChain.doFilter(FilterChainProxy.java:374) ~[spring-security-web-6.5.7.jar:6.5.7]
	at org.springframework.security.web.csrf.CsrfFilter.doFilterInternal(CsrfFilter.java:117) ~[spring-security-web-6.5.7.jar:6.5.7]
	at org.springframework.web.filter.OncePerRequestFilter.doFilter(OncePerRequestFilter.java:116) ~[spring-web-6.2.15.jar:6.2.15]
	at org.springframework.security.web.FilterChainProxy$VirtualFilterChain.doFilter(FilterChainProxy.java:374) ~[spring-security-web-6.5.7.jar:6.5.7]
	at org.springframework.security.web.header.HeaderWriterFilter.doHeadersAfter(HeaderWriterFilter.java:90) ~[spring-security-web-6.5.7.jar:6.5.7]
	at org.springframework.security.web.header.HeaderWriterFilter.doFilterInternal(HeaderWriterFilter.java:75) ~[spring-security-web-6.5.7.jar:6.5.7]
	at org.springframework.web.filter.OncePerRequestFilter.doFilter(OncePerRequestFilter.java:116) ~[spring-web-6.2.15.jar:6.2.15]
	at org.springframework.security.web.FilterChainProxy$VirtualFilterChain.doFilter(FilterChainProxy.java:374) ~[spring-security-web-6.5.7.jar:6.5.7]
	at org.springframework.security.web.context.SecurityContextHolderFilter.doFilter(SecurityContextHolderFilter.java:82) ~[spring-security-web-6.5.7.jar:6.5.7]
	at org.springframework.security.web.context.SecurityContextHolderFilter.doFilter(SecurityContextHolderFilter.java:69) ~[spring-security-web-6.5.7.jar:6.5.7]
	at org.springframework.security.web.FilterChainProxy$VirtualFilterChain.doFilter(FilterChainProxy.java:374) ~[spring-security-web-6.5.7.jar:6.5.7]
	at org.springframework.security.web.context.request.async.WebAsyncManagerIntegrationFilter.doFilterInternal(WebAsyncManagerIntegrationFilter.java:62) ~[spring-security-web-6.5.7.jar:6.5.7]
	at org.springframework.web.filter.OncePerRequestFilter.doFilter(OncePerRequestFilter.java:116) ~[spring-web-6.2.15.jar:6.2.15]
	at org.springframework.security.web.FilterChainProxy$VirtualFilterChain.doFilter(FilterChainProxy.java:374) ~[spring-security-web-6.5.7.jar:6.5.7]
	at org.springframework.security.web.session.DisableEncodeUrlFilter.doFilterInternal(DisableEncodeUrlFilter.java:42) ~[spring-security-web-6.5.7.jar:6.5.7]
	at org.springframework.web.filter.OncePerRequestFilter.doFilter(OncePerRequestFilter.java:116) ~[spring-web-6.2.15.jar:6.2.15]
	at org.springframework.security.web.FilterChainProxy$VirtualFilterChain.doFilter(FilterChainProxy.java:374) ~[spring-security-web-6.5.7.jar:6.5.7]
	at org.springframework.security.web.FilterChainProxy.doFilterInternal(FilterChainProxy.java:233) ~[spring-security-web-6.5.7.jar:6.5.7]
	at org.springframework.security.web.FilterChainProxy.doFilter(FilterChainProxy.java:191) ~[spring-security-web-6.5.7.jar:6.5.7]
	at org.springframework.web.filter.CompositeFilter$VirtualFilterChain.doFilter(CompositeFilter.java:113) ~[spring-web-6.2.15.jar:6.2.15]
	at org.springframework.web.filter.ServletRequestPathFilter.doFilter(ServletRequestPathFilter.java:52) ~[spring-web-6.2.15.jar:6.2.15]
	at org.springframework.web.filter.CompositeFilter$VirtualFilterChain.doFilter(CompositeFilter.java:113) ~[spring-web-6.2.15.jar:6.2.15]
	at org.springframework.web.filter.CompositeFilter.doFilter(CompositeFilter.java:74) ~[spring-web-6.2.15.jar:6.2.15]
	at org.springframework.security.config.annotation.web.configuration.WebSecurityConfiguration$CompositeFilterChainProxy.doFilter(WebSecurityConfiguration.java:319) ~[spring-security-config-6.5.7.jar:6.5.7]
	at org.springframework.web.filter.CompositeFilter$VirtualFilterChain.doFilter(CompositeFilter.java:113) ~[spring-web-6.2.15.jar:6.2.15]
	at org.springframework.web.servlet.handler.HandlerMappingIntrospector.lambda$createCacheFilter$4(HandlerMappingIntrospector.java:267) ~[spring-webmvc-6.2.15.jar:6.2.15]
	at org.springframework.web.filter.CompositeFilter$VirtualFilterChain.doFilter(CompositeFilter.java:113) ~[spring-web-6.2.15.jar:6.2.15]
	at org.springframework.web.filter.CompositeFilter.doFilter(CompositeFilter.java:74) ~[spring-web-6.2.15.jar:6.2.15]
	at org.springframework.security.config.annotation.web.configuration.WebMvcSecurityConfiguration$CompositeFilterChainProxy.doFilter(WebMvcSecurityConfiguration.java:240) ~[spring-security-config-6.5.7.jar:6.5.7]
	at org.springframework.web.filter.DelegatingFilterProxy.invokeDelegate(DelegatingFilterProxy.java:362) ~[spring-web-6.2.15.jar:6.2.15]
	at org.springframework.web.filter.DelegatingFilterProxy.doFilter(DelegatingFilterProxy.java:278) ~[spring-web-6.2.15.jar:6.2.15]
	at org.apache.catalina.core.ApplicationFilterChain.internalDoFilter(ApplicationFilterChain.java:162) ~[tomcat-embed-core-10.1.50.jar:10.1.50]
	at org.apache.catalina.core.ApplicationFilterChain.doFilter(ApplicationFilterChain.java:138) ~[tomcat-embed-core-10.1.50.jar:10.1.50]
	at org.springframework.web.filter.RequestContextFilter.doFilterInternal(RequestContextFilter.java:100) ~[spring-web-6.2.15.jar:6.2.15]
	at org.springframework.web.filter.OncePerRequestFilter.doFilter(OncePerRequestFilter.java:116) ~[spring-web-6.2.15.jar:6.2.15]
	at org.apache.catalina.core.ApplicationFilterChain.internalDoFilter(ApplicationFilterChain.java:162) ~[tomcat-embed-core-10.1.50.jar:10.1.50]
	at org.apache.catalina.core.ApplicationFilterChain.doFilter(ApplicationFilterChain.java:138) ~[tomcat-embed-core-10.1.50.jar:10.1.50]
	at org.springframework.web.filter.FormContentFilter.doFilterInternal(FormContentFilter.java:93) ~[spring-web-6.2.15.jar:6.2.15]
	at org.springframework.web.filter.OncePerRequestFilter.doFilter(OncePerRequestFilter.java:116) ~[spring-web-6.2.15.jar:6.2.15]
	at org.apache.catalina.core.ApplicationFilterChain.internalDoFilter(ApplicationFilterChain.java:162) ~[tomcat-embed-core-10.1.50.jar:10.1.50]
	at org.apache.catalina.core.ApplicationFilterChain.doFilter(ApplicationFilterChain.java:138) ~[tomcat-embed-core-10.1.50.jar:10.1.50]
	at org.springframework.web.filter.CharacterEncodingFilter.doFilterInternal(CharacterEncodingFilter.java:201) ~[spring-web-6.2.15.jar:6.2.15]
	at org.springframework.web.filter.OncePerRequestFilter.doFilter(OncePerRequestFilter.java:116) ~[spring-web-6.2.15.jar:6.2.15]
	at org.apache.catalina.core.ApplicationFilterChain.internalDoFilter(ApplicationFilterChain.java:162) ~[tomcat-embed-core-10.1.50.jar:10.1.50]
	at org.apache.catalina.core.ApplicationFilterChain.doFilter(ApplicationFilterChain.java:138) ~[tomcat-embed-core-10.1.50.jar:10.1.50]
	at org.apache.catalina.core.StandardWrapperValve.invoke(StandardWrapperValve.java:165) ~[tomcat-embed-core-10.1.50.jar:10.1.50]
	at org.apache.catalina.core.StandardContextValve.invoke(StandardContextValve.java:88) ~[tomcat-embed-core-10.1.50.jar:10.1.50]
	at org.apache.catalina.authenticator.AuthenticatorBase.invoke(AuthenticatorBase.java:482) ~[tomcat-embed-core-10.1.50.jar:10.1.50]
	at org.apache.catalina.core.StandardHostValve.invoke(StandardHostValve.java:113) ~[tomcat-embed-core-10.1.50.jar:10.1.50]
	at org.apache.catalina.valves.ErrorReportValve.invoke(ErrorReportValve.java:83) ~[tomcat-embed-core-10.1.50.jar:10.1.50]
	at org.apache.catalina.core.StandardEngineValve.invoke(StandardEngineValve.java:72) ~[tomcat-embed-core-10.1.50.jar:10.1.50]
	at org.apache.catalina.connector.CoyoteAdapter.service(CoyoteAdapter.java:342) ~[tomcat-embed-core-10.1.50.jar:10.1.50]
	at org.apache.coyote.http11.Http11Processor.service(Http11Processor.java:399) ~[tomcat-embed-core-10.1.50.jar:10.1.50]
	at org.apache.coyote.AbstractProcessorLight.process(AbstractProcessorLight.java:63) ~[tomcat-embed-core-10.1.50.jar:10.1.50]
	at org.apache.coyote.AbstractProtocol$ConnectionHandler.process(AbstractProtocol.java:903) ~[tomcat-embed-core-10.1.50.jar:10.1.50]
	at org.apache.tomcat.util.net.NioEndpoint$SocketProcessor.doRun(NioEndpoint.java:1774) ~[tomcat-embed-core-10.1.50.jar:10.1.50]
	at org.apache.tomcat.util.net.SocketProcessorBase.run(SocketProcessorBase.java:52) ~[tomcat-embed-core-10.1.50.jar:10.1.50]
	at org.apache.tomcat.util.threads.ThreadPoolExecutor.runWorker(ThreadPoolExecutor.java:973) ~[tomcat-embed-core-10.1.50.jar:10.1.50]
	at org.apache.tomcat.util.threads.ThreadPoolExecutor$Worker.run(ThreadPoolExecutor.java:491) ~[tomcat-embed-core-10.1.50.jar:10.1.50]
	at org.apache.tomcat.util.threads.TaskThread$WrappingRunnable.run(TaskThread.java:63) ~[tomcat-embed-core-10.1.50.jar:10.1.50]
	at java.base/java.lang.Thread.run(Thread.java:842) ~[na:na]

2026-03-17T12:02:07.979-06:00 ERROR 23524 --- [johnson-sistema] [http-nio-8081-exec-6] s.e.ErrorMvcAutoConfiguration$StaticView : Cannot render error page for request [/] and exception [An error happened during template parsing (template: "class path resource [templates/index.html]")] as the response has already been committed. As a result, the response may have the wrong status code.
2026-03-17T12:02:10.549-06:00 ERROR 23524 --- [johnson-sistema] [http-nio-8081-exec-1] org.thymeleaf.TemplateEngine             : [THYMELEAF][http-nio-8081-exec-1] Exception processing template "index": An error happened during template parsing (template: "class path resource [templates/index.html]")

org.thymeleaf.exceptions.TemplateInputException: An error happened during template parsing (template: "class path resource [templates/index.html]")
	at org.thymeleaf.templateparser.markup.AbstractMarkupTemplateParser.parse(AbstractMarkupTemplateParser.java:241) ~[thymeleaf-3.1.3.RELEASE.jar:3.1.3.RELEASE]
	at org.thymeleaf.templateparser.markup.AbstractMarkupTemplateParser.parseStandalone(AbstractMarkupTemplateParser.java:100) ~[thymeleaf-3.1.3.RELEASE.jar:3.1.3.RELEASE]
	at org.thymeleaf.engine.TemplateManager.parseAndProcess(TemplateManager.java:666) ~[thymeleaf-3.1.3.RELEASE.jar:3.1.3.RELEASE]
	at org.thymeleaf.TemplateEngine.process(TemplateEngine.java:1103) ~[thymeleaf-3.1.3.RELEASE.jar:3.1.3.RELEASE]
	at org.thymeleaf.TemplateEngine.process(TemplateEngine.java:1077) ~[thymeleaf-3.1.3.RELEASE.jar:3.1.3.RELEASE]
	at org.thymeleaf.spring6.view.ThymeleafView.renderFragment(ThymeleafView.java:372) ~[thymeleaf-spring6-3.1.3.RELEASE.jar:3.1.3.RELEASE]
	at org.thymeleaf.spring6.view.ThymeleafView.render(ThymeleafView.java:192) ~[thymeleaf-spring6-3.1.3.RELEASE.jar:3.1.3.RELEASE]
	at org.springframework.web.servlet.DispatcherServlet.render(DispatcherServlet.java:1438) ~[spring-webmvc-6.2.15.jar:6.2.15]
	at org.springframework.web.servlet.DispatcherServlet.processDispatchResult(DispatcherServlet.java:1168) ~[spring-webmvc-6.2.15.jar:6.2.15]
	at org.springframework.web.servlet.DispatcherServlet.doDispatch(DispatcherServlet.java:1106) ~[spring-webmvc-6.2.15.jar:6.2.15]
	at org.springframework.web.servlet.DispatcherServlet.doService(DispatcherServlet.java:979) ~[spring-webmvc-6.2.15.jar:6.2.15]
	at org.springframework.web.servlet.FrameworkServlet.processRequest(FrameworkServlet.java:1014) ~[spring-webmvc-6.2.15.jar:6.2.15]
	at org.springframework.web.servlet.FrameworkServlet.doGet(FrameworkServlet.java:903) ~[spring-webmvc-6.2.15.jar:6.2.15]
	at jakarta.servlet.http.HttpServlet.service(HttpServlet.java:564) ~[tomcat-embed-core-10.1.50.jar:6.0]
	at org.springframework.web.servlet.FrameworkServlet.service(FrameworkServlet.java:885) ~[spring-webmvc-6.2.15.jar:6.2.15]
	at jakarta.servlet.http.HttpServlet.service(HttpServlet.java:658) ~[tomcat-embed-core-10.1.50.jar:6.0]
	at org.apache.catalina.core.ApplicationFilterChain.internalDoFilter(ApplicationFilterChain.java:193) ~[tomcat-embed-core-10.1.50.jar:10.1.50]
	at org.apache.catalina.core.ApplicationFilterChain.doFilter(ApplicationFilterChain.java:138) ~[tomcat-embed-core-10.1.50.jar:10.1.50]
	at org.apache.tomcat.websocket.server.WsFilter.doFilter(WsFilter.java:51) ~[tomcat-embed-websocket-10.1.50.jar:10.1.50]
	at org.apache.catalina.core.ApplicationFilterChain.internalDoFilter(ApplicationFilterChain.java:162) ~[tomcat-embed-core-10.1.50.jar:10.1.50]
	at org.apache.catalina.core.ApplicationFilterChain.doFilter(ApplicationFilterChain.java:138) ~[tomcat-embed-core-10.1.50.jar:10.1.50]
	at org.springframework.web.filter.CompositeFilter$VirtualFilterChain.doFilter(CompositeFilter.java:108) ~[spring-web-6.2.15.jar:6.2.15]
	at org.springframework.web.filter.CompositeFilter$VirtualFilterChain.doFilter(CompositeFilter.java:108) ~[spring-web-6.2.15.jar:6.2.15]
	at org.springframework.security.web.FilterChainProxy.lambda$doFilterInternal$3(FilterChainProxy.java:231) ~[spring-security-web-6.5.7.jar:6.5.7]
	at org.springframework.security.web.FilterChainProxy$VirtualFilterChain.doFilter(FilterChainProxy.java:365) ~[spring-security-web-6.5.7.jar:6.5.7]
	at org.springframework.security.web.access.intercept.AuthorizationFilter.doFilter(AuthorizationFilter.java:101) ~[spring-security-web-6.5.7.jar:6.5.7]
	at org.springframework.security.web.FilterChainProxy$VirtualFilterChain.doFilter(FilterChainProxy.java:374) ~[spring-security-web-6.5.7.jar:6.5.7]
	at org.springframework.security.web.access.ExceptionTranslationFilter.doFilter(ExceptionTranslationFilter.java:125) ~[spring-security-web-6.5.7.jar:6.5.7]
	at org.springframework.security.web.access.ExceptionTranslationFilter.doFilter(ExceptionTranslationFilter.java:119) ~[spring-security-web-6.5.7.jar:6.5.7]
	at org.springframework.security.web.FilterChainProxy$VirtualFilterChain.doFilter(FilterChainProxy.java:374) ~[spring-security-web-6.5.7.jar:6.5.7]
	at org.springframework.security.web.authentication.AnonymousAuthenticationFilter.doFilter(AnonymousAuthenticationFilter.java:100) ~[spring-security-web-6.5.7.jar:6.5.7]
	at org.springframework.security.web.FilterChainProxy$VirtualFilterChain.doFilter(FilterChainProxy.java:374) ~[spring-security-web-6.5.7.jar:6.5.7]
	at org.springframework.security.web.servletapi.SecurityContextHolderAwareRequestFilter.doFilter(SecurityContextHolderAwareRequestFilter.java:179) ~[spring-security-web-6.5.7.jar:6.5.7]
	at org.springframework.security.web.FilterChainProxy$VirtualFilterChain.doFilter(FilterChainProxy.java:374) ~[spring-security-web-6.5.7.jar:6.5.7]
	at org.springframework.security.web.savedrequest.RequestCacheAwareFilter.doFilter(RequestCacheAwareFilter.java:63) ~[spring-security-web-6.5.7.jar:6.5.7]
	at org.springframework.security.web.FilterChainProxy$VirtualFilterChain.doFilter(FilterChainProxy.java:374) ~[spring-security-web-6.5.7.jar:6.5.7]
	at org.springframework.security.web.authentication.AbstractAuthenticationProcessingFilter.doFilter(AbstractAuthenticationProcessingFilter.java:235) ~[spring-security-web-6.5.7.jar:6.5.7]
	at org.springframework.security.web.authentication.AbstractAuthenticationProcessingFilter.doFilter(AbstractAuthenticationProcessingFilter.java:229) ~[spring-security-web-6.5.7.jar:6.5.7]
	at org.springframework.security.web.FilterChainProxy$VirtualFilterChain.doFilter(FilterChainProxy.java:374) ~[spring-security-web-6.5.7.jar:6.5.7]
	at org.springframework.security.web.authentication.logout.LogoutFilter.doFilter(LogoutFilter.java:107) ~[spring-security-web-6.5.7.jar:6.5.7]
	at org.springframework.security.web.authentication.logout.LogoutFilter.doFilter(LogoutFilter.java:93) ~[spring-security-web-6.5.7.jar:6.5.7]
	at org.springframework.security.web.FilterChainProxy$VirtualFilterChain.doFilter(FilterChainProxy.java:374) ~[spring-security-web-6.5.7.jar:6.5.7]
	at org.springframework.security.web.csrf.CsrfFilter.doFilterInternal(CsrfFilter.java:117) ~[spring-security-web-6.5.7.jar:6.5.7]
	at org.springframework.web.filter.OncePerRequestFilter.doFilter(OncePerRequestFilter.java:116) ~[spring-web-6.2.15.jar:6.2.15]
	at org.springframework.security.web.FilterChainProxy$VirtualFilterChain.doFilter(FilterChainProxy.java:374) ~[spring-security-web-6.5.7.jar:6.5.7]
	at org.springframework.security.web.header.HeaderWriterFilter.doHeadersAfter(HeaderWriterFilter.java:90) ~[spring-security-web-6.5.7.jar:6.5.7]
	at org.springframework.security.web.header.HeaderWriterFilter.doFilterInternal(HeaderWriterFilter.java:75) ~[spring-security-web-6.5.7.jar:6.5.7]
	at org.springframework.web.filter.OncePerRequestFilter.doFilter(OncePerRequestFilter.java:116) ~[spring-web-6.2.15.jar:6.2.15]
	at org.springframework.security.web.FilterChainProxy$VirtualFilterChain.doFilter(FilterChainProxy.java:374) ~[spring-security-web-6.5.7.jar:6.5.7]
	at org.springframework.security.web.context.SecurityContextHolderFilter.doFilter(SecurityContextHolderFilter.java:82) ~[spring-security-web-6.5.7.jar:6.5.7]
	at org.springframework.security.web.context.SecurityContextHolderFilter.doFilter(SecurityContextHolderFilter.java:69) ~[spring-security-web-6.5.7.jar:6.5.7]
	at org.springframework.security.web.FilterChainProxy$VirtualFilterChain.doFilter(FilterChainProxy.java:374) ~[spring-security-web-6.5.7.jar:6.5.7]
	at org.springframework.security.web.context.request.async.WebAsyncManagerIntegrationFilter.doFilterInternal(WebAsyncManagerIntegrationFilter.java:62) ~[spring-security-web-6.5.7.jar:6.5.7]
	at org.springframework.web.filter.OncePerRequestFilter.doFilter(OncePerRequestFilter.java:116) ~[spring-web-6.2.15.jar:6.2.15]
	at org.springframework.security.web.FilterChainProxy$VirtualFilterChain.doFilter(FilterChainProxy.java:374) ~[spring-security-web-6.5.7.jar:6.5.7]
	at org.springframework.security.web.session.DisableEncodeUrlFilter.doFilterInternal(DisableEncodeUrlFilter.java:42) ~[spring-security-web-6.5.7.jar:6.5.7]
	at org.springframework.web.filter.OncePerRequestFilter.doFilter(OncePerRequestFilter.java:116) ~[spring-web-6.2.15.jar:6.2.15]
	at org.springframework.security.web.FilterChainProxy$VirtualFilterChain.doFilter(FilterChainProxy.java:374) ~[spring-security-web-6.5.7.jar:6.5.7]
	at org.springframework.security.web.FilterChainProxy.doFilterInternal(FilterChainProxy.java:233) ~[spring-security-web-6.5.7.jar:6.5.7]
	at org.springframework.security.web.FilterChainProxy.doFilter(FilterChainProxy.java:191) ~[spring-security-web-6.5.7.jar:6.5.7]
	at org.springframework.web.filter.CompositeFilter$VirtualFilterChain.doFilter(CompositeFilter.java:113) ~[spring-web-6.2.15.jar:6.2.15]
	at org.springframework.web.filter.ServletRequestPathFilter.doFilter(ServletRequestPathFilter.java:52) ~[spring-web-6.2.15.jar:6.2.15]
	at org.springframework.web.filter.CompositeFilter$VirtualFilterChain.doFilter(CompositeFilter.java:113) ~[spring-web-6.2.15.jar:6.2.15]
	at org.springframework.web.filter.CompositeFilter.doFilter(CompositeFilter.java:74) ~[spring-web-6.2.15.jar:6.2.15]
	at org.springframework.security.config.annotation.web.configuration.WebSecurityConfiguration$CompositeFilterChainProxy.doFilter(WebSecurityConfiguration.java:319) ~[spring-security-config-6.5.7.jar:6.5.7]
	at org.springframework.web.filter.CompositeFilter$VirtualFilterChain.doFilter(CompositeFilter.java:113) ~[spring-web-6.2.15.jar:6.2.15]
	at org.springframework.web.servlet.handler.HandlerMappingIntrospector.lambda$createCacheFilter$4(HandlerMappingIntrospector.java:267) ~[spring-webmvc-6.2.15.jar:6.2.15]
	at org.springframework.web.filter.CompositeFilter$VirtualFilterChain.doFilter(CompositeFilter.java:113) ~[spring-web-6.2.15.jar:6.2.15]
	at org.springframework.web.filter.CompositeFilter.doFilter(CompositeFilter.java:74) ~[spring-web-6.2.15.jar:6.2.15]
	at org.springframework.security.config.annotation.web.configuration.WebMvcSecurityConfiguration$CompositeFilterChainProxy.doFilter(WebMvcSecurityConfiguration.java:240) ~[spring-security-config-6.5.7.jar:6.5.7]
	at org.springframework.web.filter.DelegatingFilterProxy.invokeDelegate(DelegatingFilterProxy.java:362) ~[spring-web-6.2.15.jar:6.2.15]
	at org.springframework.web.filter.DelegatingFilterProxy.doFilter(DelegatingFilterProxy.java:278) ~[spring-web-6.2.15.jar:6.2.15]
	at org.apache.catalina.core.ApplicationFilterChain.internalDoFilter(ApplicationFilterChain.java:162) ~[tomcat-embed-core-10.1.50.jar:10.1.50]
	at org.apache.catalina.core.ApplicationFilterChain.doFilter(ApplicationFilterChain.java:138) ~[tomcat-embed-core-10.1.50.jar:10.1.50]
	at org.springframework.web.filter.RequestContextFilter.doFilterInternal(RequestContextFilter.java:100) ~[spring-web-6.2.15.jar:6.2.15]
	at org.springframework.web.filter.OncePerRequestFilter.doFilter(OncePerRequestFilter.java:116) ~[spring-web-6.2.15.jar:6.2.15]
	at org.apache.catalina.core.ApplicationFilterChain.internalDoFilter(ApplicationFilterChain.java:162) ~[tomcat-embed-core-10.1.50.jar:10.1.50]
	at org.apache.catalina.core.ApplicationFilterChain.doFilter(ApplicationFilterChain.java:138) ~[tomcat-embed-core-10.1.50.jar:10.1.50]
	at org.springframework.web.filter.FormContentFilter.doFilterInternal(FormContentFilter.java:93) ~[spring-web-6.2.15.jar:6.2.15]
	at org.springframework.web.filter.OncePerRequestFilter.doFilter(OncePerRequestFilter.java:116) ~[spring-web-6.2.15.jar:6.2.15]
	at org.apache.catalina.core.ApplicationFilterChain.internalDoFilter(ApplicationFilterChain.java:162) ~[tomcat-embed-core-10.1.50.jar:10.1.50]
	at org.apache.catalina.core.ApplicationFilterChain.doFilter(ApplicationFilterChain.java:138) ~[tomcat-embed-core-10.1.50.jar:10.1.50]
	at org.springframework.web.filter.CharacterEncodingFilter.doFilterInternal(CharacterEncodingFilter.java:201) ~[spring-web-6.2.15.jar:6.2.15]
	at org.springframework.web.filter.OncePerRequestFilter.doFilter(OncePerRequestFilter.java:116) ~[spring-web-6.2.15.jar:6.2.15]
	at org.apache.catalina.core.ApplicationFilterChain.internalDoFilter(ApplicationFilterChain.java:162) ~[tomcat-embed-core-10.1.50.jar:10.1.50]
	at org.apache.catalina.core.ApplicationFilterChain.doFilter(ApplicationFilterChain.java:138) ~[tomcat-embed-core-10.1.50.jar:10.1.50]
	at org.apache.catalina.core.StandardWrapperValve.invoke(StandardWrapperValve.java:165) ~[tomcat-embed-core-10.1.50.jar:10.1.50]
	at org.apache.catalina.core.StandardContextValve.invoke(StandardContextValve.java:88) ~[tomcat-embed-core-10.1.50.jar:10.1.50]
	at org.apache.catalina.authenticator.AuthenticatorBase.invoke(AuthenticatorBase.java:482) ~[tomcat-embed-core-10.1.50.jar:10.1.50]
	at org.apache.catalina.core.StandardHostValve.invoke(StandardHostValve.java:113) ~[tomcat-embed-core-10.1.50.jar:10.1.50]
	at org.apache.catalina.valves.ErrorReportValve.invoke(ErrorReportValve.java:83) ~[tomcat-embed-core-10.1.50.jar:10.1.50]
	at org.apache.catalina.core.StandardEngineValve.invoke(StandardEngineValve.java:72) ~[tomcat-embed-core-10.1.50.jar:10.1.50]
	at org.apache.catalina.connector.CoyoteAdapter.service(CoyoteAdapter.java:342) ~[tomcat-embed-core-10.1.50.jar:10.1.50]
	at org.apache.coyote.http11.Http11Processor.service(Http11Processor.java:399) ~[tomcat-embed-core-10.1.50.jar:10.1.50]
	at org.apache.coyote.AbstractProcessorLight.process(AbstractProcessorLight.java:63) ~[tomcat-embed-core-10.1.50.jar:10.1.50]
	at org.apache.coyote.AbstractProtocol$ConnectionHandler.process(AbstractProtocol.java:903) ~[tomcat-embed-core-10.1.50.jar:10.1.50]
	at org.apache.tomcat.util.net.NioEndpoint$SocketProcessor.doRun(NioEndpoint.java:1774) ~[tomcat-embed-core-10.1.50.jar:10.1.50]
	at org.apache.tomcat.util.net.SocketProcessorBase.run(SocketProcessorBase.java:52) ~[tomcat-embed-core-10.1.50.jar:10.1.50]
	at org.apache.tomcat.util.threads.ThreadPoolExecutor.runWorker(ThreadPoolExecutor.java:973) ~[tomcat-embed-core-10.1.50.jar:10.1.50]
	at org.apache.tomcat.util.threads.ThreadPoolExecutor$Worker.run(ThreadPoolExecutor.java:491) ~[tomcat-embed-core-10.1.50.jar:10.1.50]
	at org.apache.tomcat.util.threads.TaskThread$WrappingRunnable.run(TaskThread.java:63) ~[tomcat-embed-core-10.1.50.jar:10.1.50]
	at java.base/java.lang.Thread.run(Thread.java:842) ~[na:na]
Caused by: org.attoparser.ParseException: Exception evaluating SpringEL expression: "p.id" (template: "index" - line 120, col 12)
	at org.attoparser.MarkupParser.parseDocument(MarkupParser.java:393) ~[attoparser-2.0.7.RELEASE.jar:2.0.7.RELEASE]
	at org.attoparser.MarkupParser.parse(MarkupParser.java:257) ~[attoparser-2.0.7.RELEASE.jar:2.0.7.RELEASE]
	at org.thymeleaf.templateparser.markup.AbstractMarkupTemplateParser.parse(AbstractMarkupTemplateParser.java:230) ~[thymeleaf-3.1.3.RELEASE.jar:3.1.3.RELEASE]
	... 101 common frames omitted
Caused by: org.thymeleaf.exceptions.TemplateProcessingException: Exception evaluating SpringEL expression: "p.id" (template: "index" - line 120, col 12)
	at org.thymeleaf.spring6.expression.SPELVariableExpressionEvaluator.evaluate(SPELVariableExpressionEvaluator.java:292) ~[thymeleaf-spring6-3.1.3.RELEASE.jar:3.1.3.RELEASE]
	at org.thymeleaf.standard.expression.VariableExpression.executeVariableExpression(VariableExpression.java:166) ~[thymeleaf-3.1.3.RELEASE.jar:3.1.3.RELEASE]
	at org.thymeleaf.standard.expression.SimpleExpression.executeSimple(SimpleExpression.java:66) ~[thymeleaf-3.1.3.RELEASE.jar:3.1.3.RELEASE]
	at org.thymeleaf.standard.expression.Expression.execute(Expression.java:109) ~[thymeleaf-3.1.3.RELEASE.jar:3.1.3.RELEASE]
	at org.thymeleaf.standard.expression.Expression.execute(Expression.java:138) ~[thymeleaf-3.1.3.RELEASE.jar:3.1.3.RELEASE]
	at org.thymeleaf.standard.expression.LinkExpression.resolveParameters(LinkExpression.java:339) ~[thymeleaf-3.1.3.RELEASE.jar:3.1.3.RELEASE]
	at org.thymeleaf.standard.expression.LinkExpression.executeLinkExpression(LinkExpression.java:285) ~[thymeleaf-3.1.3.RELEASE.jar:3.1.3.RELEASE]
	at org.thymeleaf.standard.expression.SimpleExpression.executeSimple(SimpleExpression.java:85) ~[thymeleaf-3.1.3.RELEASE.jar:3.1.3.RELEASE]
	at org.thymeleaf.standard.expression.Expression.execute(Expression.java:109) ~[thymeleaf-3.1.3.RELEASE.jar:3.1.3.RELEASE]
	at org.thymeleaf.standard.expression.Expression.execute(Expression.java:138) ~[thymeleaf-3.1.3.RELEASE.jar:3.1.3.RELEASE]
	at org.thymeleaf.standard.processor.AbstractStandardExpressionAttributeTagProcessor.doProcess(AbstractStandardExpressionAttributeTagProcessor.java:144) ~[thymeleaf-3.1.3.RELEASE.jar:3.1.3.RELEASE]
	at org.thymeleaf.processor.element.AbstractAttributeTagProcessor.doProcess(AbstractAttributeTagProcessor.java:74) ~[thymeleaf-3.1.3.RELEASE.jar:3.1.3.RELEASE]
	at org.thymeleaf.processor.element.AbstractElementTagProcessor.process(AbstractElementTagProcessor.java:95) ~[thymeleaf-3.1.3.RELEASE.jar:3.1.3.RELEASE]
	at org.thymeleaf.util.ProcessorConfigurationUtils$ElementTagProcessorWrapper.process(ProcessorConfigurationUtils.java:633) ~[thymeleaf-3.1.3.RELEASE.jar:3.1.3.RELEASE]
	at org.thymeleaf.engine.ProcessorTemplateHandler.handleOpenElement(ProcessorTemplateHandler.java:1314) ~[thymeleaf-3.1.3.RELEASE.jar:3.1.3.RELEASE]
	at org.thymeleaf.engine.TemplateHandlerAdapterMarkupHandler.handleOpenElementEnd(TemplateHandlerAdapterMarkupHandler.java:304) ~[thymeleaf-3.1.3.RELEASE.jar:3.1.3.RELEASE]
	at org.thymeleaf.templateparser.markup.InlinedOutputExpressionMarkupHandler$InlineMarkupAdapterPreProcessorHandler.handleOpenElementEnd(InlinedOutputExpressionMarkupHandler.java:278) ~[thymeleaf-3.1.3.RELEASE.jar:3.1.3.RELEASE]
	at org.thymeleaf.standard.inline.OutputExpressionInlinePreProcessorHandler.handleOpenElementEnd(OutputExpressionInlinePreProcessorHandler.java:186) ~[thymeleaf-3.1.3.RELEASE.jar:3.1.3.RELEASE]
	at org.thymeleaf.templateparser.markup.InlinedOutputExpressionMarkupHandler.handleOpenElementEnd(InlinedOutputExpressionMarkupHandler.java:124) ~[thymeleaf-3.1.3.RELEASE.jar:3.1.3.RELEASE]
	at org.attoparser.HtmlElement.handleOpenElementEnd(HtmlElement.java:109) ~[attoparser-2.0.7.RELEASE.jar:2.0.7.RELEASE]
	at org.attoparser.HtmlMarkupHandler.handleOpenElementEnd(HtmlMarkupHandler.java:297) ~[attoparser-2.0.7.RELEASE.jar:2.0.7.RELEASE]
	at org.attoparser.MarkupEventProcessorHandler.handleOpenElementEnd(MarkupEventProcessorHandler.java:402) ~[attoparser-2.0.7.RELEASE.jar:2.0.7.RELEASE]
	at org.attoparser.ParsingElementMarkupUtil.parseOpenElement(ParsingElementMarkupUtil.java:159) ~[attoparser-2.0.7.RELEASE.jar:2.0.7.RELEASE]
	at org.attoparser.MarkupParser.parseBuffer(MarkupParser.java:710) ~[attoparser-2.0.7.RELEASE.jar:2.0.7.RELEASE]
	at org.attoparser.MarkupParser.parseDocument(MarkupParser.java:301) ~[attoparser-2.0.7.RELEASE.jar:2.0.7.RELEASE]
	... 103 common frames omitted
Caused by: org.springframework.expression.spel.SpelEvaluationException: EL1007E: Property or field 'id' cannot be found on null
	at org.springframework.expression.spel.ast.PropertyOrFieldReference.readProperty(PropertyOrFieldReference.java:225) ~[spring-expression-6.2.15.jar:6.2.15]
	at org.springframework.expression.spel.ast.PropertyOrFieldReference.getValueInternal(PropertyOrFieldReference.java:112) ~[spring-expression-6.2.15.jar:6.2.15]
	at org.springframework.expression.spel.ast.PropertyOrFieldReference$AccessorValueRef.getValue(PropertyOrFieldReference.java:376) ~[spring-expression-6.2.15.jar:6.2.15]
	at org.springframework.expression.spel.ast.CompoundExpression.getValueInternal(CompoundExpression.java:97) ~[spring-expression-6.2.15.jar:6.2.15]
	at org.springframework.expression.spel.ast.SpelNodeImpl.getValue(SpelNodeImpl.java:116) ~[spring-expression-6.2.15.jar:6.2.15]
	at org.springframework.expression.spel.standard.SpelExpression.getValue(SpelExpression.java:338) ~[spring-expression-6.2.15.jar:6.2.15]
	at org.thymeleaf.spring6.expression.SPELVariableExpressionEvaluator.evaluate(SPELVariableExpressionEvaluator.java:265) ~[thymeleaf-spring6-3.1.3.RELEASE.jar:3.1.3.RELEASE]
	... 127 common frames omitted

2026-03-17T12:02:10.634-06:00 ERROR 23524 --- [johnson-sistema] [http-nio-8081-exec-1] o.a.c.c.C.[.[.[/].[dispatcherServlet]    : Servlet.service() for servlet [dispatcherServlet] in context with path [] threw exception [Request processing failed: org.thymeleaf.exceptions.TemplateInputException: An error happened during template parsing (template: "class path resource [templates/index.html]")] with root cause

org.springframework.expression.spel.SpelEvaluationException: EL1007E: Property or field 'id' cannot be found on null
	at org.springframework.expression.spel.ast.PropertyOrFieldReference.readProperty(PropertyOrFieldReference.java:225) ~[spring-expression-6.2.15.jar:6.2.15]
	at org.springframework.expression.spel.ast.PropertyOrFieldReference.getValueInternal(PropertyOrFieldReference.java:112) ~[spring-expression-6.2.15.jar:6.2.15]
	at org.springframework.expression.spel.ast.PropertyOrFieldReference$AccessorValueRef.getValue(PropertyOrFieldReference.java:376) ~[spring-expression-6.2.15.jar:6.2.15]
	at org.springframework.expression.spel.ast.CompoundExpression.getValueInternal(CompoundExpression.java:97) ~[spring-expression-6.2.15.jar:6.2.15]
	at org.springframework.expression.spel.ast.SpelNodeImpl.getValue(SpelNodeImpl.java:116) ~[spring-expression-6.2.15.jar:6.2.15]
	at org.springframework.expression.spel.standard.SpelExpression.getValue(SpelExpression.java:338) ~[spring-expression-6.2.15.jar:6.2.15]
	at org.thymeleaf.spring6.expression.SPELVariableExpressionEvaluator.evaluate(SPELVariableExpressionEvaluator.java:265) ~[thymeleaf-spring6-3.1.3.RELEASE.jar:3.1.3.RELEASE]
	at org.thymeleaf.standard.expression.VariableExpression.executeVariableExpression(VariableExpression.java:166) ~[thymeleaf-3.1.3.RELEASE.jar:3.1.3.RELEASE]
	at org.thymeleaf.standard.expression.SimpleExpression.executeSimple(SimpleExpression.java:66) ~[thymeleaf-3.1.3.RELEASE.jar:3.1.3.RELEASE]
	at org.thymeleaf.standard.expression.Expression.execute(Expression.java:109) ~[thymeleaf-3.1.3.RELEASE.jar:3.1.3.RELEASE]
	at org.thymeleaf.standard.expression.Expression.execute(Expression.java:138) ~[thymeleaf-3.1.3.RELEASE.jar:3.1.3.RELEASE]
	at org.thymeleaf.standard.expression.LinkExpression.resolveParameters(LinkExpression.java:339) ~[thymeleaf-3.1.3.RELEASE.jar:3.1.3.RELEASE]
	at org.thymeleaf.standard.expression.LinkExpression.executeLinkExpression(LinkExpression.java:285) ~[thymeleaf-3.1.3.RELEASE.jar:3.1.3.RELEASE]
	at org.thymeleaf.standard.expression.SimpleExpression.executeSimple(SimpleExpression.java:85) ~[thymeleaf-3.1.3.RELEASE.jar:3.1.3.RELEASE]
	at org.thymeleaf.standard.expression.Expression.execute(Expression.java:109) ~[thymeleaf-3.1.3.RELEASE.jar:3.1.3.RELEASE]
	at org.thymeleaf.standard.expression.Expression.execute(Expression.java:138) ~[thymeleaf-3.1.3.RELEASE.jar:3.1.3.RELEASE]
	at org.thymeleaf.standard.processor.AbstractStandardExpressionAttributeTagProcessor.doProcess(AbstractStandardExpressionAttributeTagProcessor.java:144) ~[thymeleaf-3.1.3.RELEASE.jar:3.1.3.RELEASE]
	at org.thymeleaf.processor.element.AbstractAttributeTagProcessor.doProcess(AbstractAttributeTagProcessor.java:74) ~[thymeleaf-3.1.3.RELEASE.jar:3.1.3.RELEASE]
	at org.thymeleaf.processor.element.AbstractElementTagProcessor.process(AbstractElementTagProcessor.java:95) ~[thymeleaf-3.1.3.RELEASE.jar:3.1.3.RELEASE]
	at org.thymeleaf.util.ProcessorConfigurationUtils$ElementTagProcessorWrapper.process(ProcessorConfigurationUtils.java:633) ~[thymeleaf-3.1.3.RELEASE.jar:3.1.3.RELEASE]
	at org.thymeleaf.engine.ProcessorTemplateHandler.handleOpenElement(ProcessorTemplateHandler.java:1314) ~[thymeleaf-3.1.3.RELEASE.jar:3.1.3.RELEASE]
	at org.thymeleaf.engine.TemplateHandlerAdapterMarkupHandler.handleOpenElementEnd(TemplateHandlerAdapterMarkupHandler.java:304) ~[thymeleaf-3.1.3.RELEASE.jar:3.1.3.RELEASE]
	at org.thymeleaf.templateparser.markup.InlinedOutputExpressionMarkupHandler$InlineMarkupAdapterPreProcessorHandler.handleOpenElementEnd(InlinedOutputExpressionMarkupHandler.java:278) ~[thymeleaf-3.1.3.RELEASE.jar:3.1.3.RELEASE]
	at org.thymeleaf.standard.inline.OutputExpressionInlinePreProcessorHandler.handleOpenElementEnd(OutputExpressionInlinePreProcessorHandler.java:186) ~[thymeleaf-3.1.3.RELEASE.jar:3.1.3.RELEASE]
	at org.thymeleaf.templateparser.markup.InlinedOutputExpressionMarkupHandler.handleOpenElementEnd(InlinedOutputExpressionMarkupHandler.java:124) ~[thymeleaf-3.1.3.RELEASE.jar:3.1.3.RELEASE]
	at org.attoparser.HtmlElement.handleOpenElementEnd(HtmlElement.java:109) ~[attoparser-2.0.7.RELEASE.jar:2.0.7.RELEASE]
	at org.attoparser.HtmlMarkupHandler.handleOpenElementEnd(HtmlMarkupHandler.java:297) ~[attoparser-2.0.7.RELEASE.jar:2.0.7.RELEASE]
	at org.attoparser.MarkupEventProcessorHandler.handleOpenElementEnd(MarkupEventProcessorHandler.java:402) ~[attoparser-2.0.7.RELEASE.jar:2.0.7.RELEASE]
	at org.attoparser.ParsingElementMarkupUtil.parseOpenElement(ParsingElementMarkupUtil.java:159) ~[attoparser-2.0.7.RELEASE.jar:2.0.7.RELEASE]
	at org.attoparser.MarkupParser.parseBuffer(MarkupParser.java:710) ~[attoparser-2.0.7.RELEASE.jar:2.0.7.RELEASE]
	at org.attoparser.MarkupParser.parseDocument(MarkupParser.java:301) ~[attoparser-2.0.7.RELEASE.jar:2.0.7.RELEASE]
	at org.attoparser.MarkupParser.parse(MarkupParser.java:257) ~[attoparser-2.0.7.RELEASE.jar:2.0.7.RELEASE]
	at org.thymeleaf.templateparser.markup.AbstractMarkupTemplateParser.parse(AbstractMarkupTemplateParser.java:230) ~[thymeleaf-3.1.3.RELEASE.jar:3.1.3.RELEASE]
	at org.thymeleaf.templateparser.markup.AbstractMarkupTemplateParser.parseStandalone(AbstractMarkupTemplateParser.java:100) ~[thymeleaf-3.1.3.RELEASE.jar:3.1.3.RELEASE]
	at org.thymeleaf.engine.TemplateManager.parseAndProcess(TemplateManager.java:666) ~[thymeleaf-3.1.3.RELEASE.jar:3.1.3.RELEASE]
	at org.thymeleaf.TemplateEngine.process(TemplateEngine.java:1103) ~[thymeleaf-3.1.3.RELEASE.jar:3.1.3.RELEASE]
	at org.thymeleaf.TemplateEngine.process(TemplateEngine.java:1077) ~[thymeleaf-3.1.3.RELEASE.jar:3.1.3.RELEASE]
	at org.thymeleaf.spring6.view.ThymeleafView.renderFragment(ThymeleafView.java:372) ~[thymeleaf-spring6-3.1.3.RELEASE.jar:3.1.3.RELEASE]
	at org.thymeleaf.spring6.view.ThymeleafView.render(ThymeleafView.java:192) ~[thymeleaf-spring6-3.1.3.RELEASE.jar:3.1.3.RELEASE]
	at org.springframework.web.servlet.DispatcherServlet.render(DispatcherServlet.java:1438) ~[spring-webmvc-6.2.15.jar:6.2.15]
	at org.springframework.web.servlet.DispatcherServlet.processDispatchResult(DispatcherServlet.java:1168) ~[spring-webmvc-6.2.15.jar:6.2.15]
	at org.springframework.web.servlet.DispatcherServlet.doDispatch(DispatcherServlet.java:1106) ~[spring-webmvc-6.2.15.jar:6.2.15]
	at org.springframework.web.servlet.DispatcherServlet.doService(DispatcherServlet.java:979) ~[spring-webmvc-6.2.15.jar:6.2.15]
	at org.springframework.web.servlet.FrameworkServlet.processRequest(FrameworkServlet.java:1014) ~[spring-webmvc-6.2.15.jar:6.2.15]
	at org.springframework.web.servlet.FrameworkServlet.doGet(FrameworkServlet.java:903) ~[spring-webmvc-6.2.15.jar:6.2.15]
	at jakarta.servlet.http.HttpServlet.service(HttpServlet.java:564) ~[tomcat-embed-core-10.1.50.jar:6.0]
	at org.springframework.web.servlet.FrameworkServlet.service(FrameworkServlet.java:885) ~[spring-webmvc-6.2.15.jar:6.2.15]
	at jakarta.servlet.http.HttpServlet.service(HttpServlet.java:658) ~[tomcat-embed-core-10.1.50.jar:6.0]
	at org.apache.catalina.core.ApplicationFilterChain.internalDoFilter(ApplicationFilterChain.java:193) ~[tomcat-embed-core-10.1.50.jar:10.1.50]
	at org.apache.catalina.core.ApplicationFilterChain.doFilter(ApplicationFilterChain.java:138) ~[tomcat-embed-core-10.1.50.jar:10.1.50]
	at org.apache.tomcat.websocket.server.WsFilter.doFilter(WsFilter.java:51) ~[tomcat-embed-websocket-10.1.50.jar:10.1.50]
	at org.apache.catalina.core.ApplicationFilterChain.internalDoFilter(ApplicationFilterChain.java:162) ~[tomcat-embed-core-10.1.50.jar:10.1.50]
	at org.apache.catalina.core.ApplicationFilterChain.doFilter(ApplicationFilterChain.java:138) ~[tomcat-embed-core-10.1.50.jar:10.1.50]
	at org.springframework.web.filter.CompositeFilter$VirtualFilterChain.doFilter(CompositeFilter.java:108) ~[spring-web-6.2.15.jar:6.2.15]
	at org.springframework.web.filter.CompositeFilter$VirtualFilterChain.doFilter(CompositeFilter.java:108) ~[spring-web-6.2.15.jar:6.2.15]
	at org.springframework.security.web.FilterChainProxy.lambda$doFilterInternal$3(FilterChainProxy.java:231) ~[spring-security-web-6.5.7.jar:6.5.7]
	at org.springframework.security.web.FilterChainProxy$VirtualFilterChain.doFilter(FilterChainProxy.java:365) ~[spring-security-web-6.5.7.jar:6.5.7]
	at org.springframework.security.web.access.intercept.AuthorizationFilter.doFilter(AuthorizationFilter.java:101) ~[spring-security-web-6.5.7.jar:6.5.7]
	at org.springframework.security.web.FilterChainProxy$VirtualFilterChain.doFilter(FilterChainProxy.java:374) ~[spring-security-web-6.5.7.jar:6.5.7]
	at org.springframework.security.web.access.ExceptionTranslationFilter.doFilter(ExceptionTranslationFilter.java:125) ~[spring-security-web-6.5.7.jar:6.5.7]
	at org.springframework.security.web.access.ExceptionTranslationFilter.doFilter(ExceptionTranslationFilter.java:119) ~[spring-security-web-6.5.7.jar:6.5.7]
	at org.springframework.security.web.FilterChainProxy$VirtualFilterChain.doFilter(FilterChainProxy.java:374) ~[spring-security-web-6.5.7.jar:6.5.7]
	at org.springframework.security.web.authentication.AnonymousAuthenticationFilter.doFilter(AnonymousAuthenticationFilter.java:100) ~[spring-security-web-6.5.7.jar:6.5.7]
	at org.springframework.security.web.FilterChainProxy$VirtualFilterChain.doFilter(FilterChainProxy.java:374) ~[spring-security-web-6.5.7.jar:6.5.7]
	at org.springframework.security.web.servletapi.SecurityContextHolderAwareRequestFilter.doFilter(SecurityContextHolderAwareRequestFilter.java:179) ~[spring-security-web-6.5.7.jar:6.5.7]
	at org.springframework.security.web.FilterChainProxy$VirtualFilterChain.doFilter(FilterChainProxy.java:374) ~[spring-security-web-6.5.7.jar:6.5.7]
	at org.springframework.security.web.savedrequest.RequestCacheAwareFilter.doFilter(RequestCacheAwareFilter.java:63) ~[spring-security-web-6.5.7.jar:6.5.7]
	at org.springframework.security.web.FilterChainProxy$VirtualFilterChain.doFilter(FilterChainProxy.java:374) ~[spring-security-web-6.5.7.jar:6.5.7]
	at org.springframework.security.web.authentication.AbstractAuthenticationProcessingFilter.doFilter(AbstractAuthenticationProcessingFilter.java:235) ~[spring-security-web-6.5.7.jar:6.5.7]
	at org.springframework.security.web.authentication.AbstractAuthenticationProcessingFilter.doFilter(AbstractAuthenticationProcessingFilter.java:229) ~[spring-security-web-6.5.7.jar:6.5.7]
	at org.springframework.security.web.FilterChainProxy$VirtualFilterChain.doFilter(FilterChainProxy.java:374) ~[spring-security-web-6.5.7.jar:6.5.7]
	at org.springframework.security.web.authentication.logout.LogoutFilter.doFilter(LogoutFilter.java:107) ~[spring-security-web-6.5.7.jar:6.5.7]
	at org.springframework.security.web.authentication.logout.LogoutFilter.doFilter(LogoutFilter.java:93) ~[spring-security-web-6.5.7.jar:6.5.7]
	at org.springframework.security.web.FilterChainProxy$VirtualFilterChain.doFilter(FilterChainProxy.java:374) ~[spring-security-web-6.5.7.jar:6.5.7]
	at org.springframework.security.web.csrf.CsrfFilter.doFilterInternal(CsrfFilter.java:117) ~[spring-security-web-6.5.7.jar:6.5.7]
	at org.springframework.web.filter.OncePerRequestFilter.doFilter(OncePerRequestFilter.java:116) ~[spring-web-6.2.15.jar:6.2.15]
	at org.springframework.security.web.FilterChainProxy$VirtualFilterChain.doFilter(FilterChainProxy.java:374) ~[spring-security-web-6.5.7.jar:6.5.7]
	at org.springframework.security.web.header.HeaderWriterFilter.doHeadersAfter(HeaderWriterFilter.java:90) ~[spring-security-web-6.5.7.jar:6.5.7]
	at org.springframework.security.web.header.HeaderWriterFilter.doFilterInternal(HeaderWriterFilter.java:75) ~[spring-security-web-6.5.7.jar:6.5.7]
	at org.springframework.web.filter.OncePerRequestFilter.doFilter(OncePerRequestFilter.java:116) ~[spring-web-6.2.15.jar:6.2.15]
	at org.springframework.security.web.FilterChainProxy$VirtualFilterChain.doFilter(FilterChainProxy.java:374) ~[spring-security-web-6.5.7.jar:6.5.7]
	at org.springframework.security.web.context.SecurityContextHolderFilter.doFilter(SecurityContextHolderFilter.java:82) ~[spring-security-web-6.5.7.jar:6.5.7]
	at org.springframework.security.web.context.SecurityContextHolderFilter.doFilter(SecurityContextHolderFilter.java:69) ~[spring-security-web-6.5.7.jar:6.5.7]
	at org.springframework.security.web.FilterChainProxy$VirtualFilterChain.doFilter(FilterChainProxy.java:374) ~[spring-security-web-6.5.7.jar:6.5.7]
	at org.springframework.security.web.context.request.async.WebAsyncManagerIntegrationFilter.doFilterInternal(WebAsyncManagerIntegrationFilter.java:62) ~[spring-security-web-6.5.7.jar:6.5.7]
	at org.springframework.web.filter.OncePerRequestFilter.doFilter(OncePerRequestFilter.java:116) ~[spring-web-6.2.15.jar:6.2.15]
	at org.springframework.security.web.FilterChainProxy$VirtualFilterChain.doFilter(FilterChainProxy.java:374) ~[spring-security-web-6.5.7.jar:6.5.7]
	at org.springframework.security.web.session.DisableEncodeUrlFilter.doFilterInternal(DisableEncodeUrlFilter.java:42) ~[spring-security-web-6.5.7.jar:6.5.7]
	at org.springframework.web.filter.OncePerRequestFilter.doFilter(OncePerRequestFilter.java:116) ~[spring-web-6.2.15.jar:6.2.15]
	at org.springframework.security.web.FilterChainProxy$VirtualFilterChain.doFilter(FilterChainProxy.java:374) ~[spring-security-web-6.5.7.jar:6.5.7]
	at org.springframework.security.web.FilterChainProxy.doFilterInternal(FilterChainProxy.java:233) ~[spring-security-web-6.5.7.jar:6.5.7]
	at org.springframework.security.web.FilterChainProxy.doFilter(FilterChainProxy.java:191) ~[spring-security-web-6.5.7.jar:6.5.7]
	at org.springframework.web.filter.CompositeFilter$VirtualFilterChain.doFilter(CompositeFilter.java:113) ~[spring-web-6.2.15.jar:6.2.15]
	at org.springframework.web.filter.ServletRequestPathFilter.doFilter(ServletRequestPathFilter.java:52) ~[spring-web-6.2.15.jar:6.2.15]
	at org.springframework.web.filter.CompositeFilter$VirtualFilterChain.doFilter(CompositeFilter.java:113) ~[spring-web-6.2.15.jar:6.2.15]
	at org.springframework.web.filter.CompositeFilter.doFilter(CompositeFilter.java:74) ~[spring-web-6.2.15.jar:6.2.15]
	at org.springframework.security.config.annotation.web.configuration.WebSecurityConfiguration$CompositeFilterChainProxy.doFilter(WebSecurityConfiguration.java:319) ~[spring-security-config-6.5.7.jar:6.5.7]
	at org.springframework.web.filter.CompositeFilter$VirtualFilterChain.doFilter(CompositeFilter.java:113) ~[spring-web-6.2.15.jar:6.2.15]
	at org.springframework.web.servlet.handler.HandlerMappingIntrospector.lambda$createCacheFilter$4(HandlerMappingIntrospector.java:267) ~[spring-webmvc-6.2.15.jar:6.2.15]
	at org.springframework.web.filter.CompositeFilter$VirtualFilterChain.doFilter(CompositeFilter.java:113) ~[spring-web-6.2.15.jar:6.2.15]
	at org.springframework.web.filter.CompositeFilter.doFilter(CompositeFilter.java:74) ~[spring-web-6.2.15.jar:6.2.15]
	at org.springframework.security.config.annotation.web.configuration.WebMvcSecurityConfiguration$CompositeFilterChainProxy.doFilter(WebMvcSecurityConfiguration.java:240) ~[spring-security-config-6.5.7.jar:6.5.7]
	at org.springframework.web.filter.DelegatingFilterProxy.invokeDelegate(DelegatingFilterProxy.java:362) ~[spring-web-6.2.15.jar:6.2.15]
	at org.springframework.web.filter.DelegatingFilterProxy.doFilter(DelegatingFilterProxy.java:278) ~[spring-web-6.2.15.jar:6.2.15]
	at org.apache.catalina.core.ApplicationFilterChain.internalDoFilter(ApplicationFilterChain.java:162) ~[tomcat-embed-core-10.1.50.jar:10.1.50]
	at org.apache.catalina.core.ApplicationFilterChain.doFilter(ApplicationFilterChain.java:138) ~[tomcat-embed-core-10.1.50.jar:10.1.50]
	at org.springframework.web.filter.RequestContextFilter.doFilterInternal(RequestContextFilter.java:100) ~[spring-web-6.2.15.jar:6.2.15]
	at org.springframework.web.filter.OncePerRequestFilter.doFilter(OncePerRequestFilter.java:116) ~[spring-web-6.2.15.jar:6.2.15]
	at org.apache.catalina.core.ApplicationFilterChain.internalDoFilter(ApplicationFilterChain.java:162) ~[tomcat-embed-core-10.1.50.jar:10.1.50]
	at org.apache.catalina.core.ApplicationFilterChain.doFilter(ApplicationFilterChain.java:138) ~[tomcat-embed-core-10.1.50.jar:10.1.50]
	at org.springframework.web.filter.FormContentFilter.doFilterInternal(FormContentFilter.java:93) ~[spring-web-6.2.15.jar:6.2.15]
	at org.springframework.web.filter.OncePerRequestFilter.doFilter(OncePerRequestFilter.java:116) ~[spring-web-6.2.15.jar:6.2.15]
	at org.apache.catalina.core.ApplicationFilterChain.internalDoFilter(ApplicationFilterChain.java:162) ~[tomcat-embed-core-10.1.50.jar:10.1.50]
	at org.apache.catalina.core.ApplicationFilterChain.doFilter(ApplicationFilterChain.java:138) ~[tomcat-embed-core-10.1.50.jar:10.1.50]
	at org.springframework.web.filter.CharacterEncodingFilter.doFilterInternal(CharacterEncodingFilter.java:201) ~[spring-web-6.2.15.jar:6.2.15]
	at org.springframework.web.filter.OncePerRequestFilter.doFilter(OncePerRequestFilter.java:116) ~[spring-web-6.2.15.jar:6.2.15]
	at org.apache.catalina.core.ApplicationFilterChain.internalDoFilter(ApplicationFilterChain.java:162) ~[tomcat-embed-core-10.1.50.jar:10.1.50]
	at org.apache.catalina.core.ApplicationFilterChain.doFilter(ApplicationFilterChain.java:138) ~[tomcat-embed-core-10.1.50.jar:10.1.50]
	at org.apache.catalina.core.StandardWrapperValve.invoke(StandardWrapperValve.java:165) ~[tomcat-embed-core-10.1.50.jar:10.1.50]
	at org.apache.catalina.core.StandardContextValve.invoke(StandardContextValve.java:88) ~[tomcat-embed-core-10.1.50.jar:10.1.50]
	at org.apache.catalina.authenticator.AuthenticatorBase.invoke(AuthenticatorBase.java:482) ~[tomcat-embed-core-10.1.50.jar:10.1.50]
	at org.apache.catalina.core.StandardHostValve.invoke(StandardHostValve.java:113) ~[tomcat-embed-core-10.1.50.jar:10.1.50]
	at org.apache.catalina.valves.ErrorReportValve.invoke(ErrorReportValve.java:83) ~[tomcat-embed-core-10.1.50.jar:10.1.50]
	at org.apache.catalina.core.StandardEngineValve.invoke(StandardEngineValve.java:72) ~[tomcat-embed-core-10.1.50.jar:10.1.50]
	at org.apache.catalina.connector.CoyoteAdapter.service(CoyoteAdapter.java:342) ~[tomcat-embed-core-10.1.50.jar:10.1.50]
	at org.apache.coyote.http11.Http11Processor.service(Http11Processor.java:399) ~[tomcat-embed-core-10.1.50.jar:10.1.50]
	at org.apache.coyote.AbstractProcessorLight.process(AbstractProcessorLight.java:63) ~[tomcat-embed-core-10.1.50.jar:10.1.50]
	at org.apache.coyote.AbstractProtocol$ConnectionHandler.process(AbstractProtocol.java:903) ~[tomcat-embed-core-10.1.50.jar:10.1.50]
	at org.apache.tomcat.util.net.NioEndpoint$SocketProcessor.doRun(NioEndpoint.java:1774) ~[tomcat-embed-core-10.1.50.jar:10.1.50]
	at org.apache.tomcat.util.net.SocketProcessorBase.run(SocketProcessorBase.java:52) ~[tomcat-embed-core-10.1.50.jar:10.1.50]
	at org.apache.tomcat.util.threads.ThreadPoolExecutor.runWorker(ThreadPoolExecutor.java:973) ~[tomcat-embed-core-10.1.50.jar:10.1.50]
	at org.apache.tomcat.util.threads.ThreadPoolExecutor$Worker.run(ThreadPoolExecutor.java:491) ~[tomcat-embed-core-10.1.50.jar:10.1.50]
	at org.apache.tomcat.util.threads.TaskThread$WrappingRunnable.run(TaskThread.java:63) ~[tomcat-embed-core-10.1.50.jar:10.1.50]
	at java.base/java.lang.Thread.run(Thread.java:842) ~[na:na]

2026-03-17T12:02:10.724-06:00 ERROR 23524 --- [johnson-sistema] [http-nio-8081-exec-1] s.e.ErrorMvcAutoConfiguration$StaticView : Cannot render error page for request [/] and exception [An error happened during template parsing (template: "class path resource [templates/index.html]")] as the response has already been committed. As a result, the response may have the wrong status code.
2026-03-17T12:07:09.244-06:00  INFO 23524 --- [johnson-sistema] [SpringApplicationShutdownHook] o.s.b.w.e.tomcat.GracefulShutdown        : Commencing graceful shutdown. Waiting for active requests to complete
2026-03-17T12:09:00.433-06:00  INFO 18932 --- [johnson-sistema] [restartedMain] c.j.practica.JohnsonSistemaApplication   : Starting JohnsonSistemaApplication using Java 17.0.12 with PID 18932 (C:\Users\User\OneDrive\Escritorio\Escuela\PRACTICAS\Sistema_Johnson\johnson-sistema\target\classes started by Franco in C:\Users\User\OneDrive\Escritorio\Escuela\PRACTICAS\Sistema_Johnson\johnson-sistema)
2026-03-17T12:09:00.441-06:00  INFO 18932 --- [johnson-sistema] [restartedMain] c.j.practica.JohnsonSistemaApplication   : No active profile set, falling back to 1 default profile: "default"
2026-03-17T12:09:00.594-06:00  INFO 18932 --- [johnson-sistema] [restartedMain] .e.DevToolsPropertyDefaultsPostProcessor : Devtools property defaults active! Set 'spring.devtools.add-properties' to 'false' to disable
2026-03-17T12:09:00.595-06:00  INFO 18932 --- [johnson-sistema] [restartedMain] .e.DevToolsPropertyDefaultsPostProcessor : For additional web related logging consider setting the 'logging.level.web' property to 'DEBUG'
2026-03-17T12:09:03.694-06:00  INFO 18932 --- [johnson-sistema] [restartedMain] .s.d.r.c.RepositoryConfigurationDelegate : Bootstrapping Spring Data JPA repositories in DEFAULT mode.
2026-03-17T12:09:03.965-06:00  INFO 18932 --- [johnson-sistema] [restartedMain] .s.d.r.c.RepositoryConfigurationDelegate : Finished Spring Data repository scanning in 238 ms. Found 10 JPA repository interfaces.
2026-03-17T12:09:06.428-06:00  INFO 18932 --- [johnson-sistema] [restartedMain] o.s.b.w.embedded.tomcat.TomcatWebServer  : Tomcat initialized with port 8081 (http)
2026-03-17T12:09:06.510-06:00  INFO 18932 --- [johnson-sistema] [restartedMain] o.apache.catalina.core.StandardService   : Starting service [Tomcat]
2026-03-17T12:09:06.512-06:00  INFO 18932 --- [johnson-sistema] [restartedMain] o.apache.catalina.core.StandardEngine    : Starting Servlet engine: [Apache Tomcat/10.1.50]
2026-03-17T12:09:06.764-06:00  INFO 18932 --- [johnson-sistema] [restartedMain] o.a.c.c.C.[Tomcat].[localhost].[/]       : Initializing Spring embedded WebApplicationContext
2026-03-17T12:09:06.776-06:00  INFO 18932 --- [johnson-sistema] [restartedMain] w.s.c.ServletWebServerApplicationContext : Root WebApplicationContext: initialization completed in 6177 ms
2026-03-17T12:09:07.540-06:00  INFO 18932 --- [johnson-sistema] [restartedMain] com.zaxxer.hikari.HikariDataSource       : HikariPool-1 - Starting...
2026-03-17T12:09:08.228-06:00  INFO 18932 --- [johnson-sistema] [restartedMain] com.zaxxer.hikari.pool.HikariPool        : HikariPool-1 - Added connection org.postgresql.jdbc.PgConnection@1cb83cb3
2026-03-17T12:09:08.235-06:00  INFO 18932 --- [johnson-sistema] [restartedMain] com.zaxxer.hikari.HikariDataSource       : HikariPool-1 - Start completed.
2026-03-17T12:09:09.041-06:00  INFO 18932 --- [johnson-sistema] [restartedMain] liquibase.database                       : Set default schema name to public
2026-03-17T12:09:10.585-06:00  INFO 18932 --- [johnson-sistema] [restartedMain] liquibase.changelog                      : Reading from public.databasechangelog
2026-03-17T12:09:10.735-06:00  INFO 18932 --- [johnson-sistema] [restartedMain] liquibase.ui                             : Database is up to date, no changesets to execute
2026-03-17T12:09:10.744-06:00  INFO 18932 --- [johnson-sistema] [restartedMain] liquibase.changelog                      : Reading from public.databasechangelog
2026-03-17T12:09:10.769-06:00  INFO 18932 --- [johnson-sistema] [restartedMain] liquibase.util                           : UPDATE SUMMARY
2026-03-17T12:09:10.771-06:00  INFO 18932 --- [johnson-sistema] [restartedMain] liquibase.util                           : Run:                          0
2026-03-17T12:09:10.777-06:00  INFO 18932 --- [johnson-sistema] [restartedMain] liquibase.util                           : Previously run:               1
2026-03-17T12:09:10.779-06:00  INFO 18932 --- [johnson-sistema] [restartedMain] liquibase.util                           : Filtered out:                 0
2026-03-17T12:09:10.780-06:00  INFO 18932 --- [johnson-sistema] [restartedMain] liquibase.util                           : -------------------------------
2026-03-17T12:09:10.781-06:00  INFO 18932 --- [johnson-sistema] [restartedMain] liquibase.util                           : Total change sets:            1
2026-03-17T12:09:10.785-06:00  INFO 18932 --- [johnson-sistema] [restartedMain] liquibase.util                           : Update summary generated
2026-03-17T12:09:10.792-06:00  INFO 18932 --- [johnson-sistema] [restartedMain] liquibase.command                        : Command execution complete
2026-03-17T12:09:12.596-06:00  INFO 18932 --- [johnson-sistema] [restartedMain] o.hibernate.jpa.internal.util.LogHelper  : HHH000204: Processing PersistenceUnitInfo [name: default]
2026-03-17T12:09:12.773-06:00  INFO 18932 --- [johnson-sistema] [restartedMain] org.hibernate.Version                    : HHH000412: Hibernate ORM core version 6.6.41.Final
2026-03-17T12:09:12.865-06:00  INFO 18932 --- [johnson-sistema] [restartedMain] o.h.c.internal.RegionFactoryInitiator    : HHH000026: Second-level cache disabled
2026-03-17T12:09:14.759-06:00  INFO 18932 --- [johnson-sistema] [restartedMain] o.s.o.j.p.SpringPersistenceUnitInfo      : No LoadTimeWeaver setup: ignoring JPA class transformer
2026-03-17T12:09:14.945-06:00  WARN 18932 --- [johnson-sistema] [restartedMain] org.hibernate.orm.deprecation            : HHH90000025: PostgreSQLDialect does not need to be specified explicitly using 'hibernate.dialect' (remove the property setting and it will be selected by default)
2026-03-17T12:09:14.992-06:00  INFO 18932 --- [johnson-sistema] [restartedMain] org.hibernate.orm.connections.pooling    : HHH10001005: Database info:
	Database JDBC URL [Connecting through datasource 'HikariDataSource (HikariPool-1)']
	Database driver: undefined/unknown
	Database version: 15.17
	Autocommit mode: undefined/unknown
	Isolation level: undefined/unknown
	Minimum pool size: undefined/unknown
	Maximum pool size: undefined/unknown
2026-03-17T12:09:18.102-06:00  INFO 18932 --- [johnson-sistema] [restartedMain] o.h.e.t.j.p.i.JtaPlatformInitiator       : HHH000489: No JTA platform available (set 'hibernate.transaction.jta.platform' to enable JTA platform integration)
2026-03-17T12:09:18.271-06:00  INFO 18932 --- [johnson-sistema] [restartedMain] j.LocalContainerEntityManagerFactoryBean : Initialized JPA EntityManagerFactory for persistence unit 'default'
2026-03-17T12:09:18.982-06:00  INFO 18932 --- [johnson-sistema] [restartedMain] o.s.d.j.r.query.QueryEnhancerFactory     : Hibernate is in classpath; If applicable, HQL parser will be used.
2026-03-17T12:09:22.613-06:00  WARN 18932 --- [johnson-sistema] [restartedMain] JpaBaseConfiguration$JpaWebConfiguration : spring.jpa.open-in-view is enabled by default. Therefore, database queries may be performed during view rendering. Explicitly configure spring.jpa.open-in-view to disable this warning
2026-03-17T12:09:22.935-06:00  INFO 18932 --- [johnson-sistema] [restartedMain] o.s.b.a.w.s.WelcomePageHandlerMapping    : Adding welcome page template: index
2026-03-17T12:09:24.361-06:00  INFO 18932 --- [johnson-sistema] [restartedMain] r$InitializeUserDetailsManagerConfigurer : Global AuthenticationManager configured with UserDetailsService bean with name detallesUsuarioServicio
2026-03-17T12:09:31.719-06:00  INFO 18932 --- [johnson-sistema] [restartedMain] o.s.b.d.a.OptionalLiveReloadServer       : LiveReload server is running on port 35729
2026-03-17T12:09:31.873-06:00  INFO 18932 --- [johnson-sistema] [restartedMain] o.s.m.s.b.SimpleBrokerMessageHandler     : Starting...
2026-03-17T12:09:31.875-06:00  INFO 18932 --- [johnson-sistema] [restartedMain] o.s.m.s.b.SimpleBrokerMessageHandler     : BrokerAvailabilityEvent[available=true, SimpleBrokerMessageHandler [org.springframework.messaging.simp.broker.DefaultSubscriptionRegistry@35d86ee6]]
2026-03-17T12:09:31.922-06:00  INFO 18932 --- [johnson-sistema] [restartedMain] o.s.m.s.b.SimpleBrokerMessageHandler     : Started.
2026-03-17T12:09:32.093-06:00  INFO 18932 --- [johnson-sistema] [restartedMain] o.s.b.w.embedded.tomcat.TomcatWebServer  : Tomcat started on port 8081 (http) with context path '/'
2026-03-17T12:09:32.217-06:00  INFO 18932 --- [johnson-sistema] [restartedMain] c.j.practica.JohnsonSistemaApplication   : Started JohnsonSistemaApplication in 33.181 seconds (process running for 34.896)
2026-03-17T12:09:32.632-06:00  INFO 18932 --- [johnson-sistema] [restartedMain] c.johnson.practica.config.CargadorDatos  : Cargando datos iniciales...
2026-03-17T12:09:45.767-06:00  INFO 18932 --- [johnson-sistema] [http-nio-8081-exec-4] o.a.c.c.C.[Tomcat].[localhost].[/]       : Initializing Spring DispatcherServlet 'dispatcherServlet'
2026-03-17T12:09:45.774-06:00  INFO 18932 --- [johnson-sistema] [http-nio-8081-exec-4] o.s.web.servlet.DispatcherServlet        : Initializing Servlet 'dispatcherServlet'
2026-03-17T12:09:45.786-06:00  INFO 18932 --- [johnson-sistema] [http-nio-8081-exec-4] o.s.web.servlet.DispatcherServlet        : Completed initialization in 7 ms
2026-03-17T12:09:54.171-06:00  INFO 18932 --- [johnson-sistema] [http-nio-8081-exec-3] c.j.p.servicio.DetallesUsuarioServicio   : Intentando cargar usuario por nombre de usuario: admin
2026-03-17T12:09:54.190-06:00  INFO 18932 --- [johnson-sistema] [http-nio-8081-exec-3] c.j.p.servicio.DetallesUsuarioServicio   : Usuario encontrado: admin
2026-03-17T12:09:54.695-06:00  INFO 18932 --- [johnson-sistema] [http-nio-8081-exec-3] c.j.p.servicio.DetallesUsuarioServicio   : Intentando cargar usuario por nombre de usuario: admin
2026-03-17T12:09:54.720-06:00  INFO 18932 --- [johnson-sistema] [http-nio-8081-exec-3] c.j.p.servicio.DetallesUsuarioServicio   : Usuario encontrado: admin
2026-03-17T12:10:01.293-06:00  INFO 18932 --- [johnson-sistema] [http-nio-8081-exec-1] c.j.p.servicio.DetallesUsuarioServicio   : Intentando cargar usuario por nombre de usuario: admin
2026-03-17T12:10:01.342-06:00  INFO 18932 --- [johnson-sistema] [http-nio-8081-exec-1] c.j.p.servicio.DetallesUsuarioServicio   : Usuario encontrado: admin
2026-03-17T12:10:01.572-06:00  INFO 18932 --- [johnson-sistema] [http-nio-8081-exec-1] c.j.p.servicio.DetallesUsuarioServicio   : Intentando cargar usuario por nombre de usuario: admin
2026-03-17T12:10:01.592-06:00  INFO 18932 --- [johnson-sistema] [http-nio-8081-exec-1] c.j.p.servicio.DetallesUsuarioServicio   : Usuario encontrado: admin
2026-03-17T12:10:06.571-06:00  INFO 18932 --- [johnson-sistema] [http-nio-8081-exec-8] c.j.p.servicio.DetallesUsuarioServicio   : Intentando cargar usuario por nombre de usuario: admin
2026-03-17T12:10:06.595-06:00  INFO 18932 --- [johnson-sistema] [http-nio-8081-exec-8] c.j.p.servicio.DetallesUsuarioServicio   : Usuario encontrado: admin
2026-03-17T12:10:24.058-06:00  INFO 18932 --- [johnson-sistema] [SpringApplicationShutdownHook] o.s.b.w.e.tomcat.GracefulShutdown        : Commencing graceful shutdown. Waiting for active requests to complete
2026-03-17T12:10:25.438-06:00  INFO 18932 --- [johnson-sistema] [tomcat-shutdown] o.s.b.w.e.tomcat.GracefulShutdown        : Graceful shutdown complete
2026-03-17T12:10:25.444-06:00  INFO 18932 --- [johnson-sistema] [SpringApplicationShutdownHook] o.s.m.s.b.SimpleBrokerMessageHandler     : Stopping...
2026-03-17T12:10:25.444-06:00  INFO 18932 --- [johnson-sistema] [SpringApplicationShutdownHook] o.s.m.s.b.SimpleBrokerMessageHandler     : BrokerAvailabilityEvent[available=false, SimpleBrokerMessageHandler [org.springframework.messaging.simp.broker.DefaultSubscriptionRegistry@35d86ee6]]
2026-03-17T12:10:25.446-06:00  INFO 18932 --- [johnson-sistema] [SpringApplicationShutdownHook] o.s.m.s.b.SimpleBrokerMessageHandler     : Stopped.
2026-03-17T12:10:25.453-06:00  INFO 18932 --- [johnson-sistema] [SpringApplicationShutdownHook] j.LocalContainerEntityManagerFactoryBean : Closing JPA EntityManagerFactory for persistence unit 'default'
2026-03-17T12:10:25.458-06:00  INFO 18932 --- [johnson-sistema] [SpringApplicationShutdownHook] com.zaxxer.hikari.HikariDataSource       : HikariPool-1 - Shutdown initiated...
2026-03-17T12:10:25.475-06:00  INFO 18932 --- [johnson-sistema] [SpringApplicationShutdownHook] com.zaxxer.hikari.HikariDataSource       : HikariPool-1 - Shutdown completed.
2026-03-17T12:11:43.625-06:00  INFO 13316 --- [johnson-sistema] [restartedMain] c.j.practica.JohnsonSistemaApplication   : Starting JohnsonSistemaApplication using Java 17.0.12 with PID 13316 (C:\Users\User\OneDrive\Escritorio\Escuela\PRACTICAS\Sistema_Johnson\johnson-sistema\target\classes started by Franco in C:\Users\User\OneDrive\Escritorio\Escuela\PRACTICAS\Sistema_Johnson\johnson-sistema)
2026-03-17T12:11:43.633-06:00  INFO 13316 --- [johnson-sistema] [restartedMain] c.j.practica.JohnsonSistemaApplication   : No active profile set, falling back to 1 default profile: "default"
2026-03-17T12:11:43.852-06:00  INFO 13316 --- [johnson-sistema] [restartedMain] .e.DevToolsPropertyDefaultsPostProcessor : Devtools property defaults active! Set 'spring.devtools.add-properties' to 'false' to disable
2026-03-17T12:11:43.853-06:00  INFO 13316 --- [johnson-sistema] [restartedMain] .e.DevToolsPropertyDefaultsPostProcessor : For additional web related logging consider setting the 'logging.level.web' property to 'DEBUG'
2026-03-17T12:11:49.020-06:00  INFO 13316 --- [johnson-sistema] [restartedMain] .s.d.r.c.RepositoryConfigurationDelegate : Bootstrapping Spring Data JPA repositories in DEFAULT mode.
2026-03-17T12:11:49.316-06:00  INFO 13316 --- [johnson-sistema] [restartedMain] .s.d.r.c.RepositoryConfigurationDelegate : Finished Spring Data repository scanning in 258 ms. Found 10 JPA repository interfaces.
2026-03-17T12:11:52.348-06:00  INFO 13316 --- [johnson-sistema] [restartedMain] o.s.b.w.embedded.tomcat.TomcatWebServer  : Tomcat initialized with port 8081 (http)
2026-03-17T12:11:52.405-06:00  INFO 13316 --- [johnson-sistema] [restartedMain] o.apache.catalina.core.StandardService   : Starting service [Tomcat]
2026-03-17T12:11:52.407-06:00  INFO 13316 --- [johnson-sistema] [restartedMain] o.apache.catalina.core.StandardEngine    : Starting Servlet engine: [Apache Tomcat/10.1.50]
2026-03-17T12:11:52.571-06:00  INFO 13316 --- [johnson-sistema] [restartedMain] o.a.c.c.C.[Tomcat].[localhost].[/]       : Initializing Spring embedded WebApplicationContext
2026-03-17T12:11:52.573-06:00  INFO 13316 --- [johnson-sistema] [restartedMain] w.s.c.ServletWebServerApplicationContext : Root WebApplicationContext: initialization completed in 8643 ms
2026-03-17T12:11:53.340-06:00  INFO 13316 --- [johnson-sistema] [restartedMain] com.zaxxer.hikari.HikariDataSource       : HikariPool-1 - Starting...
2026-03-17T12:11:54.551-06:00  WARN 13316 --- [johnson-sistema] [restartedMain] ConfigServletWebServerApplicationContext : Exception encountered during context initialization - cancelling refresh attempt: org.springframework.beans.factory.BeanCreationException: Error creating bean with name 'entityManagerFactory' defined in class path resource [org/springframework/boot/autoconfigure/orm/jpa/HibernateJpaConfiguration.class]: Failed to initialize dependency 'liquibase' of LoadTimeWeaverAware bean 'entityManagerFactory': Error creating bean with name 'liquibase' defined in class path resource [org/springframework/boot/autoconfigure/liquibase/LiquibaseAutoConfiguration$LiquibaseConfiguration.class]: liquibase.exception.DatabaseException: org.postgresql.util.PSQLException: El intento de conexión falló.
2026-03-17T12:11:54.581-06:00  INFO 13316 --- [johnson-sistema] [restartedMain] o.apache.catalina.core.StandardService   : Stopping service [Tomcat]
2026-03-17T12:11:54.656-06:00  INFO 13316 --- [johnson-sistema] [restartedMain] .s.b.a.l.ConditionEvaluationReportLogger : 

Error starting ApplicationContext. To display the condition evaluation report re-run your application with 'debug' enabled.
2026-03-17T12:11:54.773-06:00 ERROR 13316 --- [johnson-sistema] [restartedMain] o.s.boot.SpringApplication               : Application run failed

org.springframework.beans.factory.BeanCreationException: Error creating bean with name 'entityManagerFactory' defined in class path resource [org/springframework/boot/autoconfigure/orm/jpa/HibernateJpaConfiguration.class]: Failed to initialize dependency 'liquibase' of LoadTimeWeaverAware bean 'entityManagerFactory': Error creating bean with name 'liquibase' defined in class path resource [org/springframework/boot/autoconfigure/liquibase/LiquibaseAutoConfiguration$LiquibaseConfiguration.class]: liquibase.exception.DatabaseException: org.postgresql.util.PSQLException: El intento de conexión falló.
	at org.springframework.beans.factory.support.AbstractBeanFactory.doGetBean(AbstractBeanFactory.java:328) ~[spring-beans-6.2.15.jar:6.2.15]
	at org.springframework.beans.factory.support.AbstractBeanFactory.getBean(AbstractBeanFactory.java:207) ~[spring-beans-6.2.15.jar:6.2.15]
	at org.springframework.context.support.AbstractApplicationContext.finishBeanFactoryInitialization(AbstractApplicationContext.java:973) ~[spring-context-6.2.15.jar:6.2.15]
	at org.springframework.context.support.AbstractApplicationContext.refresh(AbstractApplicationContext.java:627) ~[spring-context-6.2.15.jar:6.2.15]
	at org.springframework.boot.web.servlet.context.ServletWebServerApplicationContext.refresh(ServletWebServerApplicationContext.java:146) ~[spring-boot-3.5.10.jar:3.5.10]
	at org.springframework.boot.SpringApplication.refresh(SpringApplication.java:752) ~[spring-boot-3.5.10.jar:3.5.10]
	at org.springframework.boot.SpringApplication.refreshContext(SpringApplication.java:439) ~[spring-boot-3.5.10.jar:3.5.10]
	at org.springframework.boot.SpringApplication.run(SpringApplication.java:318) ~[spring-boot-3.5.10.jar:3.5.10]
	at org.springframework.boot.SpringApplication.run(SpringApplication.java:1361) ~[spring-boot-3.5.10.jar:3.5.10]
	at org.springframework.boot.SpringApplication.run(SpringApplication.java:1350) ~[spring-boot-3.5.10.jar:3.5.10]
	at com.johnson.practica.JohnsonSistemaApplication.main(JohnsonSistemaApplication.java:16) ~[classes/:na]
	at java.base/jdk.internal.reflect.NativeMethodAccessorImpl.invoke0(Native Method) ~[na:na]
	at java.base/jdk.internal.reflect.NativeMethodAccessorImpl.invoke(NativeMethodAccessorImpl.java:77) ~[na:na]
	at java.base/jdk.internal.reflect.DelegatingMethodAccessorImpl.invoke(DelegatingMethodAccessorImpl.java:43) ~[na:na]
	at java.base/java.lang.reflect.Method.invoke(Method.java:568) ~[na:na]
	at org.springframework.boot.devtools.restart.RestartLauncher.run(RestartLauncher.java:50) ~[spring-boot-devtools-3.5.10.jar:3.5.10]
Caused by: org.springframework.beans.factory.BeanCreationException: Error creating bean with name 'liquibase' defined in class path resource [org/springframework/boot/autoconfigure/liquibase/LiquibaseAutoConfiguration$LiquibaseConfiguration.class]: liquibase.exception.DatabaseException: org.postgresql.util.PSQLException: El intento de conexión falló.
	at org.springframework.beans.factory.support.AbstractAutowireCapableBeanFactory.initializeBean(AbstractAutowireCapableBeanFactory.java:1826) ~[spring-beans-6.2.15.jar:6.2.15]
	at org.springframework.beans.factory.support.AbstractAutowireCapableBeanFactory.doCreateBean(AbstractAutowireCapableBeanFactory.java:607) ~[spring-beans-6.2.15.jar:6.2.15]
	at org.springframework.beans.factory.support.AbstractAutowireCapableBeanFactory.createBean(AbstractAutowireCapableBeanFactory.java:529) ~[spring-beans-6.2.15.jar:6.2.15]
	at org.springframework.beans.factory.support.AbstractBeanFactory.lambda$doGetBean$0(AbstractBeanFactory.java:339) ~[spring-beans-6.2.15.jar:6.2.15]
	at org.springframework.beans.factory.support.DefaultSingletonBeanRegistry.getSingleton(DefaultSingletonBeanRegistry.java:373) ~[spring-beans-6.2.15.jar:6.2.15]
	at org.springframework.beans.factory.support.AbstractBeanFactory.doGetBean(AbstractBeanFactory.java:337) ~[spring-beans-6.2.15.jar:6.2.15]
	at org.springframework.beans.factory.support.AbstractBeanFactory.getBean(AbstractBeanFactory.java:202) ~[spring-beans-6.2.15.jar:6.2.15]
	at org.springframework.beans.factory.support.AbstractBeanFactory.doGetBean(AbstractBeanFactory.java:315) ~[spring-beans-6.2.15.jar:6.2.15]
	... 15 common frames omitted
Caused by: liquibase.exception.LiquibaseException: liquibase.exception.DatabaseException: org.postgresql.util.PSQLException: El intento de conexión falló.
	at liquibase.integration.spring.SpringLiquibase.afterPropertiesSet(SpringLiquibase.java:288) ~[liquibase-core-4.31.1.jar:na]
	at org.springframework.beans.factory.support.AbstractAutowireCapableBeanFactory.invokeInitMethods(AbstractAutowireCapableBeanFactory.java:1873) ~[spring-beans-6.2.15.jar:6.2.15]
	at org.springframework.beans.factory.support.AbstractAutowireCapableBeanFactory.initializeBean(AbstractAutowireCapableBeanFactory.java:1822) ~[spring-beans-6.2.15.jar:6.2.15]
	... 22 common frames omitted
Caused by: liquibase.exception.DatabaseException: org.postgresql.util.PSQLException: El intento de conexión falló.
	at liquibase.integration.spring.SpringLiquibase.lambda$afterPropertiesSet$0(SpringLiquibase.java:280) ~[liquibase-core-4.31.1.jar:na]
	at liquibase.Scope.lambda$child$0(Scope.java:201) ~[liquibase-core-4.31.1.jar:na]
	at liquibase.Scope.child(Scope.java:210) ~[liquibase-core-4.31.1.jar:na]
	at liquibase.Scope.child(Scope.java:200) ~[liquibase-core-4.31.1.jar:na]
	at liquibase.Scope.child(Scope.java:179) ~[liquibase-core-4.31.1.jar:na]
	at liquibase.integration.spring.SpringLiquibase.afterPropertiesSet(SpringLiquibase.java:271) ~[liquibase-core-4.31.1.jar:na]
	... 24 common frames omitted
Caused by: org.postgresql.util.PSQLException: El intento de conexión falló.
	at org.postgresql.core.v3.ConnectionFactoryImpl.openConnectionImpl(ConnectionFactoryImpl.java:385) ~[postgresql-42.7.9.jar:42.7.9]
	at org.postgresql.core.ConnectionFactory.openConnection(ConnectionFactory.java:57) ~[postgresql-42.7.9.jar:42.7.9]
	at org.postgresql.jdbc.PgConnection.<init>(PgConnection.java:290) ~[postgresql-42.7.9.jar:42.7.9]
	at org.postgresql.Driver.makeConnection(Driver.java:448) ~[postgresql-42.7.9.jar:42.7.9]
	at org.postgresql.Driver.connect(Driver.java:298) ~[postgresql-42.7.9.jar:42.7.9]
	at com.zaxxer.hikari.util.DriverDataSource.getConnection(DriverDataSource.java:144) ~[HikariCP-6.3.3.jar:na]
	at com.zaxxer.hikari.pool.PoolBase.newConnection(PoolBase.java:370) ~[HikariCP-6.3.3.jar:na]
	at com.zaxxer.hikari.pool.PoolBase.newPoolEntry(PoolBase.java:207) ~[HikariCP-6.3.3.jar:na]
	at com.zaxxer.hikari.pool.HikariPool.createPoolEntry(HikariPool.java:488) ~[HikariCP-6.3.3.jar:na]
	at com.zaxxer.hikari.pool.HikariPool.checkFailFast(HikariPool.java:576) ~[HikariCP-6.3.3.jar:na]
	at com.zaxxer.hikari.pool.HikariPool.<init>(HikariPool.java:97) ~[HikariCP-6.3.3.jar:na]
	at com.zaxxer.hikari.HikariDataSource.getConnection(HikariDataSource.java:111) ~[HikariCP-6.3.3.jar:na]
	at liquibase.integration.spring.SpringLiquibase.lambda$afterPropertiesSet$0(SpringLiquibase.java:275) ~[liquibase-core-4.31.1.jar:na]
	... 29 common frames omitted
Caused by: java.io.EOFException
	at org.postgresql.core.PGStream.receiveChar(PGStream.java:479) ~[postgresql-42.7.9.jar:42.7.9]
	at org.postgresql.core.v3.ConnectionFactoryImpl.enableSSL(ConnectionFactoryImpl.java:627) ~[postgresql-42.7.9.jar:42.7.9]
	at org.postgresql.core.v3.ConnectionFactoryImpl.tryConnect(ConnectionFactoryImpl.java:207) ~[postgresql-42.7.9.jar:42.7.9]
	at org.postgresql.core.v3.ConnectionFactoryImpl.openConnectionImpl(ConnectionFactoryImpl.java:289) ~[postgresql-42.7.9.jar:42.7.9]
	... 41 common frames omitted

2026-03-17T12:14:10.772-06:00  INFO 22536 --- [johnson-sistema] [restartedMain] c.j.practica.JohnsonSistemaApplication   : Starting JohnsonSistemaApplication using Java 17.0.12 with PID 22536 (C:\Users\User\OneDrive\Escritorio\Escuela\PRACTICAS\Sistema_Johnson\johnson-sistema\target\classes started by Franco in C:\Users\User\OneDrive\Escritorio\Escuela\PRACTICAS\Sistema_Johnson\johnson-sistema)
2026-03-17T12:14:10.779-06:00  INFO 22536 --- [johnson-sistema] [restartedMain] c.j.practica.JohnsonSistemaApplication   : No active profile set, falling back to 1 default profile: "default"
2026-03-17T12:14:10.924-06:00  INFO 22536 --- [johnson-sistema] [restartedMain] .e.DevToolsPropertyDefaultsPostProcessor : Devtools property defaults active! Set 'spring.devtools.add-properties' to 'false' to disable
2026-03-17T12:14:10.925-06:00  INFO 22536 --- [johnson-sistema] [restartedMain] .e.DevToolsPropertyDefaultsPostProcessor : For additional web related logging consider setting the 'logging.level.web' property to 'DEBUG'
2026-03-17T12:14:13.715-06:00  INFO 22536 --- [johnson-sistema] [restartedMain] .s.d.r.c.RepositoryConfigurationDelegate : Bootstrapping Spring Data JPA repositories in DEFAULT mode.
2026-03-17T12:14:14.110-06:00  INFO 22536 --- [johnson-sistema] [restartedMain] .s.d.r.c.RepositoryConfigurationDelegate : Finished Spring Data repository scanning in 348 ms. Found 10 JPA repository interfaces.
2026-03-17T12:14:16.720-06:00  INFO 22536 --- [johnson-sistema] [restartedMain] o.s.b.w.embedded.tomcat.TomcatWebServer  : Tomcat initialized with port 8081 (http)
2026-03-17T12:14:16.774-06:00  INFO 22536 --- [johnson-sistema] [restartedMain] o.apache.catalina.core.StandardService   : Starting service [Tomcat]
2026-03-17T12:14:16.776-06:00  INFO 22536 --- [johnson-sistema] [restartedMain] o.apache.catalina.core.StandardEngine    : Starting Servlet engine: [Apache Tomcat/10.1.50]
2026-03-17T12:14:16.947-06:00  INFO 22536 --- [johnson-sistema] [restartedMain] o.a.c.c.C.[Tomcat].[localhost].[/]       : Initializing Spring embedded WebApplicationContext
2026-03-17T12:14:16.948-06:00  INFO 22536 --- [johnson-sistema] [restartedMain] w.s.c.ServletWebServerApplicationContext : Root WebApplicationContext: initialization completed in 6013 ms
2026-03-17T12:14:17.538-06:00  INFO 22536 --- [johnson-sistema] [restartedMain] com.zaxxer.hikari.HikariDataSource       : HikariPool-1 - Starting...
2026-03-17T12:14:17.975-06:00  INFO 22536 --- [johnson-sistema] [restartedMain] com.zaxxer.hikari.pool.HikariPool        : HikariPool-1 - Added connection org.postgresql.jdbc.PgConnection@4909e84
2026-03-17T12:14:17.981-06:00  INFO 22536 --- [johnson-sistema] [restartedMain] com.zaxxer.hikari.HikariDataSource       : HikariPool-1 - Start completed.
2026-03-17T12:14:18.549-06:00  INFO 22536 --- [johnson-sistema] [restartedMain] liquibase.database                       : Set default schema name to public
2026-03-17T12:14:19.350-06:00  INFO 22536 --- [johnson-sistema] [restartedMain] liquibase.changelog                      : Creating database history table with name: public.databasechangelog
2026-03-17T12:14:19.590-06:00  INFO 22536 --- [johnson-sistema] [restartedMain] liquibase.changelog                      : Reading from public.databasechangelog
2026-03-17T12:14:19.661-06:00  INFO 22536 --- [johnson-sistema] [restartedMain] liquibase.snapshot                       : Creating snapshot
2026-03-17T12:14:19.871-06:00  INFO 22536 --- [johnson-sistema] [restartedMain] liquibase.lockservice                    : Successfully acquired change log lock
2026-03-17T12:14:19.875-06:00  INFO 22536 --- [johnson-sistema] [restartedMain] liquibase.command                        : Using deploymentId: 3771257508
2026-03-17T12:14:19.880-06:00  INFO 22536 --- [johnson-sistema] [restartedMain] liquibase.changelog                      : Reading from public.databasechangelog
2026-03-17T12:14:19.934-06:00  INFO 22536 --- [johnson-sistema] [restartedMain] liquibase.ui                             : Running Changeset: db/changelog/cambios/crear-tablas-iniciales.sql::1::franco
2026-03-17T12:14:20.732-06:00  INFO 22536 --- [johnson-sistema] [restartedMain] liquibase.changelog                      : Custom SQL executed
2026-03-17T12:14:20.742-06:00  INFO 22536 --- [johnson-sistema] [restartedMain] liquibase.changelog                      : ChangeSet db/changelog/cambios/crear-tablas-iniciales.sql::1::franco ran successfully in 805ms
2026-03-17T12:14:20.803-06:00  INFO 22536 --- [johnson-sistema] [restartedMain] liquibase.util                           : UPDATE SUMMARY
2026-03-17T12:14:20.808-06:00  INFO 22536 --- [johnson-sistema] [restartedMain] liquibase.util                           : Run:                          1
2026-03-17T12:14:20.811-06:00  INFO 22536 --- [johnson-sistema] [restartedMain] liquibase.util                           : Previously run:               0
2026-03-17T12:14:20.814-06:00  INFO 22536 --- [johnson-sistema] [restartedMain] liquibase.util                           : Filtered out:                 0
2026-03-17T12:14:20.816-06:00  INFO 22536 --- [johnson-sistema] [restartedMain] liquibase.util                           : -------------------------------
2026-03-17T12:14:20.817-06:00  INFO 22536 --- [johnson-sistema] [restartedMain] liquibase.util                           : Total change sets:            1
2026-03-17T12:14:20.820-06:00  INFO 22536 --- [johnson-sistema] [restartedMain] liquibase.util                           : Update summary generated
2026-03-17T12:14:20.827-06:00  INFO 22536 --- [johnson-sistema] [restartedMain] liquibase.command                        : Update command completed successfully.
2026-03-17T12:14:20.830-06:00  INFO 22536 --- [johnson-sistema] [restartedMain] liquibase.ui                             : Liquibase: Update has been successful. Rows affected: 1
2026-03-17T12:14:20.847-06:00  INFO 22536 --- [johnson-sistema] [restartedMain] liquibase.lockservice                    : Successfully released change log lock
2026-03-17T12:14:20.853-06:00  INFO 22536 --- [johnson-sistema] [restartedMain] liquibase.command                        : Command execution complete
2026-03-17T12:14:22.697-06:00  INFO 22536 --- [johnson-sistema] [restartedMain] o.hibernate.jpa.internal.util.LogHelper  : HHH000204: Processing PersistenceUnitInfo [name: default]
2026-03-17T12:14:22.803-06:00  INFO 22536 --- [johnson-sistema] [restartedMain] org.hibernate.Version                    : HHH000412: Hibernate ORM core version 6.6.41.Final
2026-03-17T12:14:22.864-06:00  INFO 22536 --- [johnson-sistema] [restartedMain] o.h.c.internal.RegionFactoryInitiator    : HHH000026: Second-level cache disabled
2026-03-17T12:14:23.608-06:00  INFO 22536 --- [johnson-sistema] [restartedMain] o.s.o.j.p.SpringPersistenceUnitInfo      : No LoadTimeWeaver setup: ignoring JPA class transformer
2026-03-17T12:14:23.759-06:00  WARN 22536 --- [johnson-sistema] [restartedMain] org.hibernate.orm.deprecation            : HHH90000025: PostgreSQLDialect does not need to be specified explicitly using 'hibernate.dialect' (remove the property setting and it will be selected by default)
2026-03-17T12:14:23.832-06:00  INFO 22536 --- [johnson-sistema] [restartedMain] org.hibernate.orm.connections.pooling    : HHH10001005: Database info:
	Database JDBC URL [Connecting through datasource 'HikariDataSource (HikariPool-1)']
	Database driver: undefined/unknown
	Database version: 15.17
	Autocommit mode: undefined/unknown
	Isolation level: undefined/unknown
	Minimum pool size: undefined/unknown
	Maximum pool size: undefined/unknown
2026-03-17T12:14:26.796-06:00  INFO 22536 --- [johnson-sistema] [restartedMain] o.h.e.t.j.p.i.JtaPlatformInitiator       : HHH000489: No JTA platform available (set 'hibernate.transaction.jta.platform' to enable JTA platform integration)
2026-03-17T12:14:26.926-06:00  INFO 22536 --- [johnson-sistema] [restartedMain] j.LocalContainerEntityManagerFactoryBean : Initialized JPA EntityManagerFactory for persistence unit 'default'
2026-03-17T12:14:27.531-06:00  INFO 22536 --- [johnson-sistema] [restartedMain] o.s.d.j.r.query.QueryEnhancerFactory     : Hibernate is in classpath; If applicable, HQL parser will be used.
2026-03-17T12:14:30.150-06:00  WARN 22536 --- [johnson-sistema] [restartedMain] JpaBaseConfiguration$JpaWebConfiguration : spring.jpa.open-in-view is enabled by default. Therefore, database queries may be performed during view rendering. Explicitly configure spring.jpa.open-in-view to disable this warning
2026-03-17T12:14:30.418-06:00  INFO 22536 --- [johnson-sistema] [restartedMain] o.s.b.a.w.s.WelcomePageHandlerMapping    : Adding welcome page template: index
2026-03-17T12:14:30.828-06:00  INFO 22536 --- [johnson-sistema] [restartedMain] r$InitializeUserDetailsManagerConfigurer : Global AuthenticationManager configured with UserDetailsService bean with name detallesUsuarioServicio
2026-03-17T12:14:31.833-06:00  INFO 22536 --- [johnson-sistema] [restartedMain] o.s.b.d.a.OptionalLiveReloadServer       : LiveReload server is running on port 35729
2026-03-17T12:14:31.879-06:00  INFO 22536 --- [johnson-sistema] [restartedMain] o.s.m.s.b.SimpleBrokerMessageHandler     : Starting...
2026-03-17T12:14:31.880-06:00  INFO 22536 --- [johnson-sistema] [restartedMain] o.s.m.s.b.SimpleBrokerMessageHandler     : BrokerAvailabilityEvent[available=true, SimpleBrokerMessageHandler [org.springframework.messaging.simp.broker.DefaultSubscriptionRegistry@41a2c73f]]
2026-03-17T12:14:31.886-06:00  INFO 22536 --- [johnson-sistema] [restartedMain] o.s.m.s.b.SimpleBrokerMessageHandler     : Started.
2026-03-17T12:14:31.935-06:00  INFO 22536 --- [johnson-sistema] [restartedMain] o.s.b.w.embedded.tomcat.TomcatWebServer  : Tomcat started on port 8081 (http) with context path '/'
2026-03-17T12:14:31.986-06:00  INFO 22536 --- [johnson-sistema] [restartedMain] c.j.practica.JohnsonSistemaApplication   : Started JohnsonSistemaApplication in 22.914 seconds (process running for 24.905)
2026-03-17T12:14:32.582-06:00  INFO 22536 --- [johnson-sistema] [restartedMain] c.johnson.practica.config.CargadorDatos  : Cargando datos iniciales...
2026-03-17T12:14:32.684-06:00  INFO 22536 --- [johnson-sistema] [restartedMain] c.johnson.practica.config.CargadorDatos  : Creando usuario 'admin'...
2026-03-17T12:14:32.884-06:00  INFO 22536 --- [johnson-sistema] [restartedMain] c.johnson.practica.config.CargadorDatos  : Usuario 'admin' creado y guardado. DEBE CAMBIAR CONTRASEÑA.
2026-03-17T12:14:32.920-06:00  INFO 22536 --- [johnson-sistema] [restartedMain] c.johnson.practica.config.CargadorDatos  : Creando usuario 'visitante'...
2026-03-17T12:14:33.094-06:00  INFO 22536 --- [johnson-sistema] [restartedMain] c.johnson.practica.config.CargadorDatos  : Usuario 'visitante' creado y guardado.
2026-03-17T12:15:18.494-06:00  INFO 22536 --- [johnson-sistema] [http-nio-8081-exec-2] o.a.c.c.C.[Tomcat].[localhost].[/]       : Initializing Spring DispatcherServlet 'dispatcherServlet'
2026-03-17T12:15:18.495-06:00  INFO 22536 --- [johnson-sistema] [http-nio-8081-exec-2] o.s.web.servlet.DispatcherServlet        : Initializing Servlet 'dispatcherServlet'
2026-03-17T12:15:18.502-06:00  INFO 22536 --- [johnson-sistema] [http-nio-8081-exec-2] o.s.web.servlet.DispatcherServlet        : Completed initialization in 1 ms
2026-03-17T12:15:31.978-06:00  INFO 22536 --- [johnson-sistema] [MessageBroker-1] o.s.w.s.c.WebSocketMessageBrokerStats    : WebSocketSession[0 current WS(0)-HttpStream(0)-HttpPoll(0), 0 total, 0 closed abnormally (0 connect failure, 0 send limit, 0 transport error)], stompSubProtocol[processed CONNECT(0)-CONNECTED(0)-DISCONNECT(0)], stompBrokerRelay[null], inboundChannel[pool size = 0, active threads = 0, queued tasks = 0, completed tasks = 0], outboundChannel[pool size = 0, active threads = 0, queued tasks = 0, completed tasks = 0], sockJsScheduler[pool size = 3, active threads = 1, queued tasks = 2, completed tasks = 0]
2026-03-17T12:19:06.994-06:00  INFO 22536 --- [johnson-sistema] [File Watcher] rtingClassPathChangeChangedEventListener : Restarting due to 2 class path changes (0 additions, 0 deletions, 2 modifications)
2026-03-17T12:19:07.041-06:00  INFO 22536 --- [johnson-sistema] [Thread-6] o.s.b.w.e.tomcat.GracefulShutdown        : Commencing graceful shutdown. Waiting for active requests to complete
2026-03-17T12:19:10.786-06:00  INFO 22536 --- [johnson-sistema] [tomcat-shutdown] o.s.b.w.e.tomcat.GracefulShutdown        : Graceful shutdown complete
2026-03-17T12:19:10.891-06:00  INFO 22536 --- [johnson-sistema] [Thread-6] o.s.m.s.b.SimpleBrokerMessageHandler     : Stopping...
2026-03-17T12:19:10.928-06:00  INFO 22536 --- [johnson-sistema] [Thread-6] o.s.m.s.b.SimpleBrokerMessageHandler     : BrokerAvailabilityEvent[available=false, SimpleBrokerMessageHandler [org.springframework.messaging.simp.broker.DefaultSubscriptionRegistry@41a2c73f]]
2026-03-17T12:19:11.043-06:00  INFO 22536 --- [johnson-sistema] [Thread-6] o.s.m.s.b.SimpleBrokerMessageHandler     : Stopped.
2026-03-17T12:19:11.185-06:00  INFO 22536 --- [johnson-sistema] [Thread-6] j.LocalContainerEntityManagerFactoryBean : Closing JPA EntityManagerFactory for persistence unit 'default'
2026-03-17T12:19:11.199-06:00  INFO 22536 --- [johnson-sistema] [Thread-6] com.zaxxer.hikari.HikariDataSource       : HikariPool-1 - Shutdown initiated...
2026-03-17T12:19:11.212-06:00  INFO 22536 --- [johnson-sistema] [Thread-6] com.zaxxer.hikari.HikariDataSource       : HikariPool-1 - Shutdown completed.
2026-03-17T12:19:11.773-06:00  INFO 22536 --- [johnson-sistema] [restartedMain] c.j.practica.JohnsonSistemaApplication   : Starting JohnsonSistemaApplication using Java 17.0.12 with PID 22536 (C:\Users\User\OneDrive\Escritorio\Escuela\PRACTICAS\Sistema_Johnson\johnson-sistema\target\classes started by Franco in C:\Users\User\OneDrive\Escritorio\Escuela\PRACTICAS\Sistema_Johnson\johnson-sistema)
2026-03-17T12:19:11.819-06:00  INFO 22536 --- [johnson-sistema] [restartedMain] c.j.practica.JohnsonSistemaApplication   : No active profile set, falling back to 1 default profile: "default"
2026-03-17T12:19:15.493-06:00  INFO 22536 --- [johnson-sistema] [restartedMain] .s.d.r.c.RepositoryConfigurationDelegate : Bootstrapping Spring Data JPA repositories in DEFAULT mode.
2026-03-17T12:19:15.778-06:00  INFO 22536 --- [johnson-sistema] [restartedMain] .s.d.r.c.RepositoryConfigurationDelegate : Finished Spring Data repository scanning in 267 ms. Found 10 JPA repository interfaces.
2026-03-17T12:19:17.413-06:00  INFO 22536 --- [johnson-sistema] [restartedMain] o.s.b.w.embedded.tomcat.TomcatWebServer  : Tomcat initialized with port 8081 (http)
2026-03-17T12:19:17.460-06:00  INFO 22536 --- [johnson-sistema] [restartedMain] o.apache.catalina.core.StandardService   : Starting service [Tomcat]
2026-03-17T12:19:17.515-06:00  INFO 22536 --- [johnson-sistema] [restartedMain] o.apache.catalina.core.StandardEngine    : Starting Servlet engine: [Apache Tomcat/10.1.50]
2026-03-17T12:19:17.732-06:00  INFO 22536 --- [johnson-sistema] [restartedMain] o.a.c.c.C.[Tomcat].[localhost].[/]       : Initializing Spring embedded WebApplicationContext
2026-03-17T12:19:17.739-06:00  INFO 22536 --- [johnson-sistema] [restartedMain] w.s.c.ServletWebServerApplicationContext : Root WebApplicationContext: initialization completed in 5856 ms
2026-03-17T12:19:23.713-06:00  INFO 22536 --- [johnson-sistema] [restartedMain] com.zaxxer.hikari.HikariDataSource       : HikariPool-2 - Starting...
2026-03-17T12:19:26.788-06:00  INFO 22536 --- [johnson-sistema] [restartedMain] com.zaxxer.hikari.pool.HikariPool        : HikariPool-2 - Added connection org.postgresql.jdbc.PgConnection@2cf5c02a
2026-03-17T12:19:26.794-06:00  INFO 22536 --- [johnson-sistema] [restartedMain] com.zaxxer.hikari.HikariDataSource       : HikariPool-2 - Start completed.
2026-03-17T12:19:26.847-06:00  INFO 22536 --- [johnson-sistema] [restartedMain] liquibase.database                       : Set default schema name to public
2026-03-17T12:19:27.234-06:00  INFO 22536 --- [johnson-sistema] [restartedMain] liquibase.changelog                      : Reading from public.databasechangelog
2026-03-17T12:19:27.302-06:00  INFO 22536 --- [johnson-sistema] [restartedMain] liquibase.ui                             : Database is up to date, no changesets to execute
2026-03-17T12:19:27.309-06:00  INFO 22536 --- [johnson-sistema] [restartedMain] liquibase.changelog                      : Reading from public.databasechangelog
2026-03-17T12:19:27.321-06:00  INFO 22536 --- [johnson-sistema] [restartedMain] liquibase.util                           : UPDATE SUMMARY
2026-03-17T12:19:27.323-06:00  INFO 22536 --- [johnson-sistema] [restartedMain] liquibase.util                           : Run:                          0
2026-03-17T12:19:27.325-06:00  INFO 22536 --- [johnson-sistema] [restartedMain] liquibase.util                           : Previously run:               1
2026-03-17T12:19:27.331-06:00  INFO 22536 --- [johnson-sistema] [restartedMain] liquibase.util                           : Filtered out:                 0
2026-03-17T12:19:27.335-06:00  INFO 22536 --- [johnson-sistema] [restartedMain] liquibase.util                           : -------------------------------
2026-03-17T12:19:27.336-06:00  INFO 22536 --- [johnson-sistema] [restartedMain] liquibase.util                           : Total change sets:            1
2026-03-17T12:19:27.337-06:00  INFO 22536 --- [johnson-sistema] [restartedMain] liquibase.util                           : Update summary generated
2026-03-17T12:19:27.340-06:00  INFO 22536 --- [johnson-sistema] [restartedMain] liquibase.command                        : Command execution complete
2026-03-17T12:19:27.484-06:00  INFO 22536 --- [johnson-sistema] [restartedMain] o.hibernate.jpa.internal.util.LogHelper  : HHH000204: Processing PersistenceUnitInfo [name: default]
2026-03-17T12:19:27.511-06:00  INFO 22536 --- [johnson-sistema] [restartedMain] o.h.c.internal.RegionFactoryInitiator    : HHH000026: Second-level cache disabled
2026-03-17T12:19:27.567-06:00  INFO 22536 --- [johnson-sistema] [restartedMain] o.s.o.j.p.SpringPersistenceUnitInfo      : No LoadTimeWeaver setup: ignoring JPA class transformer
2026-03-17T12:19:27.580-06:00  WARN 22536 --- [johnson-sistema] [restartedMain] org.hibernate.orm.deprecation            : HHH90000025: PostgreSQLDialect does not need to be specified explicitly using 'hibernate.dialect' (remove the property setting and it will be selected by default)
2026-03-17T12:19:27.594-06:00  INFO 22536 --- [johnson-sistema] [restartedMain] org.hibernate.orm.connections.pooling    : HHH10001005: Database info:
	Database JDBC URL [Connecting through datasource 'HikariDataSource (HikariPool-2)']
	Database driver: undefined/unknown
	Database version: 15.17
	Autocommit mode: undefined/unknown
	Isolation level: undefined/unknown
	Minimum pool size: undefined/unknown
	Maximum pool size: undefined/unknown
2026-03-17T12:19:28.423-06:00  INFO 22536 --- [johnson-sistema] [restartedMain] o.h.e.t.j.p.i.JtaPlatformInitiator       : HHH000489: No JTA platform available (set 'hibernate.transaction.jta.platform' to enable JTA platform integration)
2026-03-17T12:19:28.951-06:00  INFO 22536 --- [johnson-sistema] [restartedMain] j.LocalContainerEntityManagerFactoryBean : Initialized JPA EntityManagerFactory for persistence unit 'default'
2026-03-17T12:19:33.522-06:00  WARN 22536 --- [johnson-sistema] [restartedMain] JpaBaseConfiguration$JpaWebConfiguration : spring.jpa.open-in-view is enabled by default. Therefore, database queries may be performed during view rendering. Explicitly configure spring.jpa.open-in-view to disable this warning
2026-03-17T12:19:33.748-06:00  INFO 22536 --- [johnson-sistema] [restartedMain] o.s.b.a.w.s.WelcomePageHandlerMapping    : Adding welcome page template: index
2026-03-17T12:19:34.145-06:00  INFO 22536 --- [johnson-sistema] [restartedMain] r$InitializeUserDetailsManagerConfigurer : Global AuthenticationManager configured with UserDetailsService bean with name detallesUsuarioServicio
2026-03-17T12:19:35.108-06:00  INFO 22536 --- [johnson-sistema] [restartedMain] o.s.b.d.a.OptionalLiveReloadServer       : LiveReload server is running on port 35729
2026-03-17T12:19:35.154-06:00  INFO 22536 --- [johnson-sistema] [restartedMain] o.s.m.s.b.SimpleBrokerMessageHandler     : Starting...
2026-03-17T12:19:35.155-06:00  INFO 22536 --- [johnson-sistema] [restartedMain] o.s.m.s.b.SimpleBrokerMessageHandler     : BrokerAvailabilityEvent[available=true, SimpleBrokerMessageHandler [org.springframework.messaging.simp.broker.DefaultSubscriptionRegistry@41d62c03]]
2026-03-17T12:19:35.163-06:00  INFO 22536 --- [johnson-sistema] [restartedMain] o.s.m.s.b.SimpleBrokerMessageHandler     : Started.
2026-03-17T12:19:35.175-06:00  INFO 22536 --- [johnson-sistema] [restartedMain] o.s.b.w.embedded.tomcat.TomcatWebServer  : Tomcat started on port 8081 (http) with context path '/'
2026-03-17T12:19:35.197-06:00  INFO 22536 --- [johnson-sistema] [restartedMain] c.j.practica.JohnsonSistemaApplication   : Started JohnsonSistemaApplication in 23.661 seconds (process running for 328.113)
2026-03-17T12:19:35.203-06:00  INFO 22536 --- [johnson-sistema] [restartedMain] c.johnson.practica.config.CargadorDatos  : Cargando datos iniciales...
2026-03-17T12:19:36.320-06:00  INFO 22536 --- [johnson-sistema] [restartedMain] .ConditionEvaluationDeltaLoggingListener : Condition evaluation unchanged
2026-03-17T12:19:36.683-06:00  INFO 22536 --- [johnson-sistema] [File Watcher] rtingClassPathChangeChangedEventListener : Restarting due to 2 class path changes (0 additions, 0 deletions, 2 modifications)
2026-03-17T12:19:36.713-06:00  INFO 22536 --- [johnson-sistema] [Thread-8] o.s.b.w.e.tomcat.GracefulShutdown        : Commencing graceful shutdown. Waiting for active requests to complete
2026-03-17T12:19:39.135-06:00  INFO 22536 --- [johnson-sistema] [tomcat-shutdown] o.s.b.w.e.tomcat.GracefulShutdown        : Graceful shutdown complete
2026-03-17T12:19:39.163-06:00  INFO 22536 --- [johnson-sistema] [Thread-8] o.s.m.s.b.SimpleBrokerMessageHandler     : Stopping...
2026-03-17T12:19:39.164-06:00  INFO 22536 --- [johnson-sistema] [Thread-8] o.s.m.s.b.SimpleBrokerMessageHandler     : BrokerAvailabilityEvent[available=false, SimpleBrokerMessageHandler [org.springframework.messaging.simp.broker.DefaultSubscriptionRegistry@41d62c03]]
2026-03-17T12:19:39.165-06:00  INFO 22536 --- [johnson-sistema] [Thread-8] o.s.m.s.b.SimpleBrokerMessageHandler     : Stopped.
2026-03-17T12:19:39.174-06:00  INFO 22536 --- [johnson-sistema] [Thread-8] j.LocalContainerEntityManagerFactoryBean : Closing JPA EntityManagerFactory for persistence unit 'default'
2026-03-17T12:19:39.189-06:00  INFO 22536 --- [johnson-sistema] [Thread-8] com.zaxxer.hikari.HikariDataSource       : HikariPool-2 - Shutdown initiated...
2026-03-17T12:19:39.201-06:00  INFO 22536 --- [johnson-sistema] [Thread-8] com.zaxxer.hikari.HikariDataSource       : HikariPool-2 - Shutdown completed.
2026-03-17T12:19:39.582-06:00  INFO 22536 --- [johnson-sistema] [restartedMain] c.j.practica.JohnsonSistemaApplication   : Starting JohnsonSistemaApplication using Java 17.0.12 with PID 22536 (C:\Users\User\OneDrive\Escritorio\Escuela\PRACTICAS\Sistema_Johnson\johnson-sistema\target\classes started by Franco in C:\Users\User\OneDrive\Escritorio\Escuela\PRACTICAS\Sistema_Johnson\johnson-sistema)
2026-03-17T12:19:39.589-06:00  INFO 22536 --- [johnson-sistema] [restartedMain] c.j.practica.JohnsonSistemaApplication   : No active profile set, falling back to 1 default profile: "default"
2026-03-17T12:19:40.791-06:00  INFO 22536 --- [johnson-sistema] [restartedMain] .s.d.r.c.RepositoryConfigurationDelegate : Bootstrapping Spring Data JPA repositories in DEFAULT mode.
2026-03-17T12:19:40.951-06:00  INFO 22536 --- [johnson-sistema] [restartedMain] .s.d.r.c.RepositoryConfigurationDelegate : Finished Spring Data repository scanning in 142 ms. Found 10 JPA repository interfaces.
2026-03-17T12:19:41.734-06:00  INFO 22536 --- [johnson-sistema] [restartedMain] o.s.b.w.embedded.tomcat.TomcatWebServer  : Tomcat initialized with port 8081 (http)
2026-03-17T12:19:41.738-06:00  INFO 22536 --- [johnson-sistema] [restartedMain] o.apache.catalina.core.StandardService   : Starting service [Tomcat]
2026-03-17T12:19:41.748-06:00  INFO 22536 --- [johnson-sistema] [restartedMain] o.apache.catalina.core.StandardEngine    : Starting Servlet engine: [Apache Tomcat/10.1.50]
2026-03-17T12:19:41.824-06:00  INFO 22536 --- [johnson-sistema] [restartedMain] o.a.c.c.C.[Tomcat].[localhost].[/]       : Initializing Spring embedded WebApplicationContext
2026-03-17T12:19:41.824-06:00  INFO 22536 --- [johnson-sistema] [restartedMain] w.s.c.ServletWebServerApplicationContext : Root WebApplicationContext: initialization completed in 2217 ms
2026-03-17T12:19:42.593-06:00  INFO 22536 --- [johnson-sistema] [restartedMain] com.zaxxer.hikari.HikariDataSource       : HikariPool-3 - Starting...
2026-03-17T12:19:42.857-06:00  INFO 22536 --- [johnson-sistema] [restartedMain] com.zaxxer.hikari.pool.HikariPool        : HikariPool-3 - Added connection org.postgresql.jdbc.PgConnection@1e58c3f8
2026-03-17T12:19:42.858-06:00  INFO 22536 --- [johnson-sistema] [restartedMain] com.zaxxer.hikari.HikariDataSource       : HikariPool-3 - Start completed.
2026-03-17T12:19:42.896-06:00  INFO 22536 --- [johnson-sistema] [restartedMain] liquibase.database                       : Set default schema name to public
2026-03-17T12:19:43.161-06:00  INFO 22536 --- [johnson-sistema] [restartedMain] liquibase.changelog                      : Reading from public.databasechangelog
2026-03-17T12:19:43.262-06:00  INFO 22536 --- [johnson-sistema] [restartedMain] liquibase.ui                             : Database is up to date, no changesets to execute
2026-03-17T12:19:43.268-06:00  INFO 22536 --- [johnson-sistema] [restartedMain] liquibase.changelog                      : Reading from public.databasechangelog
2026-03-17T12:19:43.280-06:00  INFO 22536 --- [johnson-sistema] [restartedMain] liquibase.util                           : UPDATE SUMMARY
2026-03-17T12:19:43.283-06:00  INFO 22536 --- [johnson-sistema] [restartedMain] liquibase.util                           : Run:                          0
2026-03-17T12:19:43.284-06:00  INFO 22536 --- [johnson-sistema] [restartedMain] liquibase.util                           : Previously run:               1
2026-03-17T12:19:43.289-06:00  INFO 22536 --- [johnson-sistema] [restartedMain] liquibase.util                           : Filtered out:                 0
2026-03-17T12:19:43.290-06:00  INFO 22536 --- [johnson-sistema] [restartedMain] liquibase.util                           : -------------------------------
2026-03-17T12:19:43.292-06:00  INFO 22536 --- [johnson-sistema] [restartedMain] liquibase.util                           : Total change sets:            1
2026-03-17T12:19:43.294-06:00  INFO 22536 --- [johnson-sistema] [restartedMain] liquibase.util                           : Update summary generated
2026-03-17T12:19:43.300-06:00  INFO 22536 --- [johnson-sistema] [restartedMain] liquibase.command                        : Command execution complete
2026-03-17T12:19:43.392-06:00  INFO 22536 --- [johnson-sistema] [restartedMain] o.hibernate.jpa.internal.util.LogHelper  : HHH000204: Processing PersistenceUnitInfo [name: default]
2026-03-17T12:19:43.406-06:00  INFO 22536 --- [johnson-sistema] [restartedMain] o.h.c.internal.RegionFactoryInitiator    : HHH000026: Second-level cache disabled
2026-03-17T12:19:43.429-06:00  INFO 22536 --- [johnson-sistema] [restartedMain] o.s.o.j.p.SpringPersistenceUnitInfo      : No LoadTimeWeaver setup: ignoring JPA class transformer
2026-03-17T12:19:43.439-06:00  WARN 22536 --- [johnson-sistema] [restartedMain] org.hibernate.orm.deprecation            : HHH90000025: PostgreSQLDialect does not need to be specified explicitly using 'hibernate.dialect' (remove the property setting and it will be selected by default)
2026-03-17T12:19:43.446-06:00  INFO 22536 --- [johnson-sistema] [restartedMain] org.hibernate.orm.connections.pooling    : HHH10001005: Database info:
	Database JDBC URL [Connecting through datasource 'HikariDataSource (HikariPool-3)']
	Database driver: undefined/unknown
	Database version: 15.17
	Autocommit mode: undefined/unknown
	Isolation level: undefined/unknown
	Minimum pool size: undefined/unknown
	Maximum pool size: undefined/unknown
2026-03-17T12:19:44.059-06:00  INFO 22536 --- [johnson-sistema] [restartedMain] o.h.e.t.j.p.i.JtaPlatformInitiator       : HHH000489: No JTA platform available (set 'hibernate.transaction.jta.platform' to enable JTA platform integration)
2026-03-17T12:19:44.233-06:00  INFO 22536 --- [johnson-sistema] [restartedMain] j.LocalContainerEntityManagerFactoryBean : Initialized JPA EntityManagerFactory for persistence unit 'default'
2026-03-17T12:19:47.352-06:00  WARN 22536 --- [johnson-sistema] [restartedMain] JpaBaseConfiguration$JpaWebConfiguration : spring.jpa.open-in-view is enabled by default. Therefore, database queries may be performed during view rendering. Explicitly configure spring.jpa.open-in-view to disable this warning
2026-03-17T12:19:47.576-06:00  INFO 22536 --- [johnson-sistema] [restartedMain] o.s.b.a.w.s.WelcomePageHandlerMapping    : Adding welcome page template: index
2026-03-17T12:19:48.032-06:00  INFO 22536 --- [johnson-sistema] [restartedMain] r$InitializeUserDetailsManagerConfigurer : Global AuthenticationManager configured with UserDetailsService bean with name detallesUsuarioServicio
2026-03-17T12:19:48.888-06:00  INFO 22536 --- [johnson-sistema] [restartedMain] o.s.b.d.a.OptionalLiveReloadServer       : LiveReload server is running on port 35729
2026-03-17T12:19:48.973-06:00  INFO 22536 --- [johnson-sistema] [restartedMain] o.s.m.s.b.SimpleBrokerMessageHandler     : Starting...
2026-03-17T12:19:48.992-06:00  INFO 22536 --- [johnson-sistema] [restartedMain] o.s.m.s.b.SimpleBrokerMessageHandler     : BrokerAvailabilityEvent[available=true, SimpleBrokerMessageHandler [org.springframework.messaging.simp.broker.DefaultSubscriptionRegistry@38b645b8]]
2026-03-17T12:19:48.993-06:00  INFO 22536 --- [johnson-sistema] [restartedMain] o.s.m.s.b.SimpleBrokerMessageHandler     : Started.
2026-03-17T12:19:49.004-06:00  INFO 22536 --- [johnson-sistema] [restartedMain] o.s.b.w.embedded.tomcat.TomcatWebServer  : Tomcat started on port 8081 (http) with context path '/'
2026-03-17T12:19:49.021-06:00  INFO 22536 --- [johnson-sistema] [restartedMain] c.j.practica.JohnsonSistemaApplication   : Started JohnsonSistemaApplication in 9.614 seconds (process running for 341.938)
2026-03-17T12:19:49.026-06:00  INFO 22536 --- [johnson-sistema] [restartedMain] c.johnson.practica.config.CargadorDatos  : Cargando datos iniciales...
2026-03-17T12:19:51.306-06:00  INFO 22536 --- [johnson-sistema] [restartedMain] .ConditionEvaluationDeltaLoggingListener : Condition evaluation unchanged
2026-03-17T12:20:48.973-06:00  INFO 22536 --- [johnson-sistema] [MessageBroker-1] o.s.w.s.c.WebSocketMessageBrokerStats    : WebSocketSession[0 current WS(0)-HttpStream(0)-HttpPoll(0), 0 total, 0 closed abnormally (0 connect failure, 0 send limit, 0 transport error)], stompSubProtocol[processed CONNECT(0)-CONNECTED(0)-DISCONNECT(0)], stompBrokerRelay[null], inboundChannel[pool size = 0, active threads = 0, queued tasks = 0, completed tasks = 0], outboundChannel[pool size = 0, active threads = 0, queued tasks = 0, completed tasks = 0], sockJsScheduler[pool size = 3, active threads = 1, queued tasks = 2, completed tasks = 0]
2026-03-17T12:21:09.057-06:00  INFO 22536 --- [johnson-sistema] [File Watcher] rtingClassPathChangeChangedEventListener : Restarting due to 2 class path changes (0 additions, 0 deletions, 2 modifications)
2026-03-17T12:21:09.178-06:00  INFO 22536 --- [johnson-sistema] [Thread-12] o.s.b.w.e.tomcat.GracefulShutdown        : Commencing graceful shutdown. Waiting for active requests to complete
2026-03-17T12:21:14.082-06:00  INFO 22536 --- [johnson-sistema] [tomcat-shutdown] o.s.b.w.e.tomcat.GracefulShutdown        : Graceful shutdown complete
2026-03-17T12:21:14.087-06:00  INFO 22536 --- [johnson-sistema] [Thread-12] o.s.m.s.b.SimpleBrokerMessageHandler     : Stopping...
2026-03-17T12:21:14.090-06:00  INFO 22536 --- [johnson-sistema] [Thread-12] o.s.m.s.b.SimpleBrokerMessageHandler     : BrokerAvailabilityEvent[available=false, SimpleBrokerMessageHandler [org.springframework.messaging.simp.broker.DefaultSubscriptionRegistry@38b645b8]]
2026-03-17T12:21:14.092-06:00  INFO 22536 --- [johnson-sistema] [Thread-12] o.s.m.s.b.SimpleBrokerMessageHandler     : Stopped.
2026-03-17T12:21:14.100-06:00  INFO 22536 --- [johnson-sistema] [Thread-12] j.LocalContainerEntityManagerFactoryBean : Closing JPA EntityManagerFactory for persistence unit 'default'
2026-03-17T12:21:14.102-06:00  INFO 22536 --- [johnson-sistema] [Thread-12] com.zaxxer.hikari.HikariDataSource       : HikariPool-3 - Shutdown initiated...
2026-03-17T12:21:14.110-06:00  INFO 22536 --- [johnson-sistema] [Thread-12] com.zaxxer.hikari.HikariDataSource       : HikariPool-3 - Shutdown completed.
2026-03-17T12:21:14.475-06:00  INFO 22536 --- [johnson-sistema] [restartedMain] c.j.practica.JohnsonSistemaApplication   : Starting JohnsonSistemaApplication using Java 17.0.12 with PID 22536 (C:\Users\User\OneDrive\Escritorio\Escuela\PRACTICAS\Sistema_Johnson\johnson-sistema\target\classes started by Franco in C:\Users\User\OneDrive\Escritorio\Escuela\PRACTICAS\Sistema_Johnson\johnson-sistema)
2026-03-17T12:21:14.476-06:00  INFO 22536 --- [johnson-sistema] [restartedMain] c.j.practica.JohnsonSistemaApplication   : No active profile set, falling back to 1 default profile: "default"
2026-03-17T12:21:17.062-06:00  INFO 22536 --- [johnson-sistema] [restartedMain] .s.d.r.c.RepositoryConfigurationDelegate : Bootstrapping Spring Data JPA repositories in DEFAULT mode.
2026-03-17T12:21:17.617-06:00  INFO 22536 --- [johnson-sistema] [restartedMain] .s.d.r.c.RepositoryConfigurationDelegate : Finished Spring Data repository scanning in 518 ms. Found 10 JPA repository interfaces.
2026-03-17T12:21:19.466-06:00  INFO 22536 --- [johnson-sistema] [restartedMain] o.s.b.w.embedded.tomcat.TomcatWebServer  : Tomcat initialized with port 8081 (http)
2026-03-17T12:21:19.558-06:00  INFO 22536 --- [johnson-sistema] [restartedMain] o.apache.catalina.core.StandardService   : Starting service [Tomcat]
2026-03-17T12:21:19.603-06:00  INFO 22536 --- [johnson-sistema] [restartedMain] o.apache.catalina.core.StandardEngine    : Starting Servlet engine: [Apache Tomcat/10.1.50]
2026-03-17T12:21:19.721-06:00  INFO 22536 --- [johnson-sistema] [restartedMain] o.a.c.c.C.[Tomcat].[localhost].[/]       : Initializing Spring embedded WebApplicationContext
2026-03-17T12:21:19.731-06:00  INFO 22536 --- [johnson-sistema] [restartedMain] w.s.c.ServletWebServerApplicationContext : Root WebApplicationContext: initialization completed in 5248 ms
2026-03-17T12:21:22.330-06:00  INFO 22536 --- [johnson-sistema] [restartedMain] com.zaxxer.hikari.HikariDataSource       : HikariPool-4 - Starting...
2026-03-17T12:21:22.643-06:00  INFO 22536 --- [johnson-sistema] [restartedMain] com.zaxxer.hikari.pool.HikariPool        : HikariPool-4 - Added connection org.postgresql.jdbc.PgConnection@d00141c
2026-03-17T12:21:22.644-06:00  INFO 22536 --- [johnson-sistema] [restartedMain] com.zaxxer.hikari.HikariDataSource       : HikariPool-4 - Start completed.
2026-03-17T12:21:22.694-06:00  INFO 22536 --- [johnson-sistema] [restartedMain] liquibase.database                       : Set default schema name to public
2026-03-17T12:21:23.968-06:00  INFO 22536 --- [johnson-sistema] [restartedMain] liquibase.changelog                      : Reading from public.databasechangelog
2026-03-17T12:21:24.745-06:00  INFO 22536 --- [johnson-sistema] [restartedMain] liquibase.ui                             : Database is up to date, no changesets to execute
2026-03-17T12:21:24.797-06:00  INFO 22536 --- [johnson-sistema] [restartedMain] liquibase.changelog                      : Reading from public.databasechangelog
2026-03-17T12:21:24.854-06:00  INFO 22536 --- [johnson-sistema] [restartedMain] liquibase.util                           : UPDATE SUMMARY
2026-03-17T12:21:24.863-06:00  INFO 22536 --- [johnson-sistema] [restartedMain] liquibase.util                           : Run:                          0
2026-03-17T12:21:24.871-06:00  INFO 22536 --- [johnson-sistema] [restartedMain] liquibase.util                           : Previously run:               1
2026-03-17T12:21:24.877-06:00  INFO 22536 --- [johnson-sistema] [restartedMain] liquibase.util                           : Filtered out:                 0
2026-03-17T12:21:24.879-06:00  INFO 22536 --- [johnson-sistema] [restartedMain] liquibase.util                           : -------------------------------
2026-03-17T12:21:24.885-06:00  INFO 22536 --- [johnson-sistema] [restartedMain] liquibase.util                           : Total change sets:            1
2026-03-17T12:21:24.895-06:00  INFO 22536 --- [johnson-sistema] [restartedMain] liquibase.util                           : Update summary generated
2026-03-17T12:21:24.898-06:00  INFO 22536 --- [johnson-sistema] [restartedMain] liquibase.command                        : Command execution complete
2026-03-17T12:21:25.092-06:00  INFO 22536 --- [johnson-sistema] [restartedMain] o.hibernate.jpa.internal.util.LogHelper  : HHH000204: Processing PersistenceUnitInfo [name: default]
2026-03-17T12:21:25.119-06:00  INFO 22536 --- [johnson-sistema] [restartedMain] o.h.c.internal.RegionFactoryInitiator    : HHH000026: Second-level cache disabled
2026-03-17T12:21:25.187-06:00  INFO 22536 --- [johnson-sistema] [restartedMain] o.s.o.j.p.SpringPersistenceUnitInfo      : No LoadTimeWeaver setup: ignoring JPA class transformer
2026-03-17T12:21:25.238-06:00  WARN 22536 --- [johnson-sistema] [restartedMain] org.hibernate.orm.deprecation            : HHH90000025: PostgreSQLDialect does not need to be specified explicitly using 'hibernate.dialect' (remove the property setting and it will be selected by default)
2026-03-17T12:21:25.332-06:00  INFO 22536 --- [johnson-sistema] [restartedMain] org.hibernate.orm.connections.pooling    : HHH10001005: Database info:
	Database JDBC URL [Connecting through datasource 'HikariDataSource (HikariPool-4)']
	Database driver: undefined/unknown
	Database version: 15.17
	Autocommit mode: undefined/unknown
	Isolation level: undefined/unknown
	Minimum pool size: undefined/unknown
	Maximum pool size: undefined/unknown
2026-03-17T12:21:26.335-06:00  INFO 22536 --- [johnson-sistema] [restartedMain] o.h.e.t.j.p.i.JtaPlatformInitiator       : HHH000489: No JTA platform available (set 'hibernate.transaction.jta.platform' to enable JTA platform integration)
2026-03-17T12:21:26.404-06:00  INFO 22536 --- [johnson-sistema] [restartedMain] j.LocalContainerEntityManagerFactoryBean : Initialized JPA EntityManagerFactory for persistence unit 'default'
2026-03-17T12:21:28.602-06:00  WARN 22536 --- [johnson-sistema] [restartedMain] JpaBaseConfiguration$JpaWebConfiguration : spring.jpa.open-in-view is enabled by default. Therefore, database queries may be performed during view rendering. Explicitly configure spring.jpa.open-in-view to disable this warning
2026-03-17T12:21:28.726-06:00  INFO 22536 --- [johnson-sistema] [restartedMain] o.s.b.a.w.s.WelcomePageHandlerMapping    : Adding welcome page template: index
2026-03-17T12:21:28.933-06:00  INFO 22536 --- [johnson-sistema] [restartedMain] r$InitializeUserDetailsManagerConfigurer : Global AuthenticationManager configured with UserDetailsService bean with name detallesUsuarioServicio
2026-03-17T12:21:29.389-06:00  INFO 22536 --- [johnson-sistema] [restartedMain] o.s.b.d.a.OptionalLiveReloadServer       : LiveReload server is running on port 35729
2026-03-17T12:21:29.406-06:00  INFO 22536 --- [johnson-sistema] [restartedMain] o.s.m.s.b.SimpleBrokerMessageHandler     : Starting...
2026-03-17T12:21:29.406-06:00  INFO 22536 --- [johnson-sistema] [restartedMain] o.s.m.s.b.SimpleBrokerMessageHandler     : BrokerAvailabilityEvent[available=true, SimpleBrokerMessageHandler [org.springframework.messaging.simp.broker.DefaultSubscriptionRegistry@4542fdb0]]
2026-03-17T12:21:29.407-06:00  INFO 22536 --- [johnson-sistema] [restartedMain] o.s.m.s.b.SimpleBrokerMessageHandler     : Started.
2026-03-17T12:21:29.416-06:00  INFO 22536 --- [johnson-sistema] [restartedMain] o.s.b.w.embedded.tomcat.TomcatWebServer  : Tomcat started on port 8081 (http) with context path '/'
2026-03-17T12:21:29.428-06:00  INFO 22536 --- [johnson-sistema] [restartedMain] c.j.practica.JohnsonSistemaApplication   : Started JohnsonSistemaApplication in 15.099 seconds (process running for 442.344)
2026-03-17T12:21:29.428-06:00  INFO 22536 --- [johnson-sistema] [SpringApplicationShutdownHook] o.s.b.w.e.tomcat.GracefulShutdown        : Commencing graceful shutdown. Waiting for active requests to complete
2026-03-17T12:21:29.434-06:00  INFO 22536 --- [johnson-sistema] [restartedMain] c.johnson.practica.config.CargadorDatos  : Cargando datos iniciales...
2026-03-17T12:21:29.969-06:00  INFO 22536 --- [johnson-sistema] [restartedMain] .ConditionEvaluationDeltaLoggingListener : Condition evaluation unchanged
2026-03-17T12:21:30.678-06:00  INFO 22536 --- [johnson-sistema] [tomcat-shutdown] o.s.b.w.e.tomcat.GracefulShutdown        : Graceful shutdown complete
2026-03-17T12:21:30.680-06:00  INFO 22536 --- [johnson-sistema] [SpringApplicationShutdownHook] o.s.m.s.b.SimpleBrokerMessageHandler     : Stopping...
2026-03-17T12:21:30.682-06:00  INFO 22536 --- [johnson-sistema] [SpringApplicationShutdownHook] o.s.m.s.b.SimpleBrokerMessageHandler     : BrokerAvailabilityEvent[available=false, SimpleBrokerMessageHandler [org.springframework.messaging.simp.broker.DefaultSubscriptionRegistry@4542fdb0]]
2026-03-17T12:21:30.686-06:00  INFO 22536 --- [johnson-sistema] [SpringApplicationShutdownHook] o.s.m.s.b.SimpleBrokerMessageHandler     : Stopped.
2026-03-17T12:21:30.693-06:00  INFO 22536 --- [johnson-sistema] [SpringApplicationShutdownHook] j.LocalContainerEntityManagerFactoryBean : Closing JPA EntityManagerFactory for persistence unit 'default'
2026-03-17T12:21:30.695-06:00  INFO 22536 --- [johnson-sistema] [SpringApplicationShutdownHook] com.zaxxer.hikari.HikariDataSource       : HikariPool-4 - Shutdown initiated...
2026-03-17T12:21:30.699-06:00  INFO 22536 --- [johnson-sistema] [SpringApplicationShutdownHook] com.zaxxer.hikari.HikariDataSource       : HikariPool-4 - Shutdown completed.
2026-03-17T12:22:46.484-06:00  INFO 23504 --- [johnson-sistema] [restartedMain] c.j.practica.JohnsonSistemaApplication   : Starting JohnsonSistemaApplication using Java 17.0.12 with PID 23504 (C:\Users\User\OneDrive\Escritorio\Escuela\PRACTICAS\Sistema_Johnson\johnson-sistema\target\classes started by Franco in C:\Users\User\OneDrive\Escritorio\Escuela\PRACTICAS\Sistema_Johnson\johnson-sistema)
2026-03-17T12:22:46.575-06:00  INFO 23504 --- [johnson-sistema] [restartedMain] c.j.practica.JohnsonSistemaApplication   : No active profile set, falling back to 1 default profile: "default"
2026-03-17T12:22:46.882-06:00  INFO 23504 --- [johnson-sistema] [restartedMain] .e.DevToolsPropertyDefaultsPostProcessor : Devtools property defaults active! Set 'spring.devtools.add-properties' to 'false' to disable
2026-03-17T12:22:46.883-06:00  INFO 23504 --- [johnson-sistema] [restartedMain] .e.DevToolsPropertyDefaultsPostProcessor : For additional web related logging consider setting the 'logging.level.web' property to 'DEBUG'
2026-03-17T12:22:49.860-06:00  INFO 23504 --- [johnson-sistema] [restartedMain] .s.d.r.c.RepositoryConfigurationDelegate : Bootstrapping Spring Data JPA repositories in DEFAULT mode.
2026-03-17T12:22:50.191-06:00  INFO 23504 --- [johnson-sistema] [restartedMain] .s.d.r.c.RepositoryConfigurationDelegate : Finished Spring Data repository scanning in 300 ms. Found 10 JPA repository interfaces.
2026-03-17T12:22:52.786-06:00  INFO 23504 --- [johnson-sistema] [restartedMain] o.s.b.w.embedded.tomcat.TomcatWebServer  : Tomcat initialized with port 8081 (http)
2026-03-17T12:22:52.833-06:00  INFO 23504 --- [johnson-sistema] [restartedMain] o.apache.catalina.core.StandardService   : Starting service [Tomcat]
2026-03-17T12:22:52.835-06:00  INFO 23504 --- [johnson-sistema] [restartedMain] o.apache.catalina.core.StandardEngine    : Starting Servlet engine: [Apache Tomcat/10.1.50]
2026-03-17T12:22:52.950-06:00  INFO 23504 --- [johnson-sistema] [restartedMain] o.a.c.c.C.[Tomcat].[localhost].[/]       : Initializing Spring embedded WebApplicationContext
2026-03-17T12:22:52.951-06:00  INFO 23504 --- [johnson-sistema] [restartedMain] w.s.c.ServletWebServerApplicationContext : Root WebApplicationContext: initialization completed in 6064 ms
2026-03-17T12:22:53.564-06:00  INFO 23504 --- [johnson-sistema] [restartedMain] com.zaxxer.hikari.HikariDataSource       : HikariPool-1 - Starting...
2026-03-17T12:22:54.511-06:00  INFO 23504 --- [johnson-sistema] [restartedMain] com.zaxxer.hikari.pool.HikariPool        : HikariPool-1 - Added connection org.postgresql.jdbc.PgConnection@62c0efd2
2026-03-17T12:22:54.516-06:00  INFO 23504 --- [johnson-sistema] [restartedMain] com.zaxxer.hikari.HikariDataSource       : HikariPool-1 - Start completed.
2026-03-17T12:22:54.902-06:00  INFO 23504 --- [johnson-sistema] [restartedMain] liquibase.database                       : Set default schema name to public
2026-03-17T12:22:55.654-06:00  INFO 23504 --- [johnson-sistema] [restartedMain] liquibase.changelog                      : Creating database history table with name: public.databasechangelog
2026-03-17T12:22:55.868-06:00  INFO 23504 --- [johnson-sistema] [restartedMain] liquibase.changelog                      : Reading from public.databasechangelog
2026-03-17T12:22:55.956-06:00  INFO 23504 --- [johnson-sistema] [restartedMain] liquibase.snapshot                       : Creating snapshot
2026-03-17T12:22:56.157-06:00  INFO 23504 --- [johnson-sistema] [restartedMain] liquibase.lockservice                    : Successfully acquired change log lock
2026-03-17T12:22:56.161-06:00  INFO 23504 --- [johnson-sistema] [restartedMain] liquibase.command                        : Using deploymentId: 3771773501
2026-03-17T12:22:56.168-06:00  INFO 23504 --- [johnson-sistema] [restartedMain] liquibase.changelog                      : Reading from public.databasechangelog
2026-03-17T12:22:56.221-06:00  INFO 23504 --- [johnson-sistema] [restartedMain] liquibase.ui                             : Running Changeset: db/changelog/cambios/crear-tablas-iniciales.sql::1::franco
2026-03-17T12:22:56.989-06:00  INFO 23504 --- [johnson-sistema] [restartedMain] liquibase.changelog                      : Custom SQL executed
2026-03-17T12:22:56.998-06:00  INFO 23504 --- [johnson-sistema] [restartedMain] liquibase.changelog                      : ChangeSet db/changelog/cambios/crear-tablas-iniciales.sql::1::franco ran successfully in 773ms
2026-03-17T12:22:57.053-06:00  INFO 23504 --- [johnson-sistema] [restartedMain] liquibase.util                           : UPDATE SUMMARY
2026-03-17T12:22:57.054-06:00  INFO 23504 --- [johnson-sistema] [restartedMain] liquibase.util                           : Run:                          1
2026-03-17T12:22:57.057-06:00  INFO 23504 --- [johnson-sistema] [restartedMain] liquibase.util                           : Previously run:               0
2026-03-17T12:22:57.061-06:00  INFO 23504 --- [johnson-sistema] [restartedMain] liquibase.util                           : Filtered out:                 0
2026-03-17T12:22:57.063-06:00  INFO 23504 --- [johnson-sistema] [restartedMain] liquibase.util                           : -------------------------------
2026-03-17T12:22:57.066-06:00  INFO 23504 --- [johnson-sistema] [restartedMain] liquibase.util                           : Total change sets:            1
2026-03-17T12:22:57.070-06:00  INFO 23504 --- [johnson-sistema] [restartedMain] liquibase.util                           : Update summary generated
2026-03-17T12:22:57.082-06:00  INFO 23504 --- [johnson-sistema] [restartedMain] liquibase.command                        : Update command completed successfully.
2026-03-17T12:22:57.115-06:00  INFO 23504 --- [johnson-sistema] [restartedMain] liquibase.ui                             : Liquibase: Update has been successful. Rows affected: 1
2026-03-17T12:22:57.372-06:00  INFO 23504 --- [johnson-sistema] [restartedMain] liquibase.lockservice                    : Successfully released change log lock
2026-03-17T12:22:57.429-06:00  INFO 23504 --- [johnson-sistema] [restartedMain] liquibase.command                        : Command execution complete
2026-03-17T12:22:59.266-06:00  INFO 23504 --- [johnson-sistema] [restartedMain] o.hibernate.jpa.internal.util.LogHelper  : HHH000204: Processing PersistenceUnitInfo [name: default]
2026-03-17T12:22:59.473-06:00  INFO 23504 --- [johnson-sistema] [restartedMain] org.hibernate.Version                    : HHH000412: Hibernate ORM core version 6.6.41.Final
2026-03-17T12:22:59.561-06:00  INFO 23504 --- [johnson-sistema] [restartedMain] o.h.c.internal.RegionFactoryInitiator    : HHH000026: Second-level cache disabled
2026-03-17T12:23:00.483-06:00  INFO 23504 --- [johnson-sistema] [restartedMain] o.s.o.j.p.SpringPersistenceUnitInfo      : No LoadTimeWeaver setup: ignoring JPA class transformer
2026-03-17T12:23:00.648-06:00  WARN 23504 --- [johnson-sistema] [restartedMain] org.hibernate.orm.deprecation            : HHH90000025: PostgreSQLDialect does not need to be specified explicitly using 'hibernate.dialect' (remove the property setting and it will be selected by default)
2026-03-17T12:23:00.707-06:00  INFO 23504 --- [johnson-sistema] [restartedMain] org.hibernate.orm.connections.pooling    : HHH10001005: Database info:
	Database JDBC URL [Connecting through datasource 'HikariDataSource (HikariPool-1)']
	Database driver: undefined/unknown
	Database version: 15.17
	Autocommit mode: undefined/unknown
	Isolation level: undefined/unknown
	Minimum pool size: undefined/unknown
	Maximum pool size: undefined/unknown
2026-03-17T12:23:03.581-06:00  INFO 23504 --- [johnson-sistema] [restartedMain] o.h.e.t.j.p.i.JtaPlatformInitiator       : HHH000489: No JTA platform available (set 'hibernate.transaction.jta.platform' to enable JTA platform integration)
2026-03-17T12:23:03.766-06:00  INFO 23504 --- [johnson-sistema] [restartedMain] j.LocalContainerEntityManagerFactoryBean : Initialized JPA EntityManagerFactory for persistence unit 'default'
2026-03-17T12:23:04.424-06:00  INFO 23504 --- [johnson-sistema] [restartedMain] o.s.d.j.r.query.QueryEnhancerFactory     : Hibernate is in classpath; If applicable, HQL parser will be used.
2026-03-17T12:23:06.920-06:00  WARN 23504 --- [johnson-sistema] [restartedMain] JpaBaseConfiguration$JpaWebConfiguration : spring.jpa.open-in-view is enabled by default. Therefore, database queries may be performed during view rendering. Explicitly configure spring.jpa.open-in-view to disable this warning
2026-03-17T12:23:07.148-06:00  INFO 23504 --- [johnson-sistema] [restartedMain] o.s.b.a.w.s.WelcomePageHandlerMapping    : Adding welcome page template: index
2026-03-17T12:23:07.534-06:00  INFO 23504 --- [johnson-sistema] [restartedMain] r$InitializeUserDetailsManagerConfigurer : Global AuthenticationManager configured with UserDetailsService bean with name detallesUsuarioServicio
2026-03-17T12:23:08.450-06:00  INFO 23504 --- [johnson-sistema] [restartedMain] o.s.b.d.a.OptionalLiveReloadServer       : LiveReload server is running on port 35729
2026-03-17T12:23:08.494-06:00  INFO 23504 --- [johnson-sistema] [restartedMain] o.s.m.s.b.SimpleBrokerMessageHandler     : Starting...
2026-03-17T12:23:08.503-06:00  INFO 23504 --- [johnson-sistema] [restartedMain] o.s.m.s.b.SimpleBrokerMessageHandler     : BrokerAvailabilityEvent[available=true, SimpleBrokerMessageHandler [org.springframework.messaging.simp.broker.DefaultSubscriptionRegistry@12647a37]]
2026-03-17T12:23:08.508-06:00  INFO 23504 --- [johnson-sistema] [restartedMain] o.s.m.s.b.SimpleBrokerMessageHandler     : Started.
2026-03-17T12:23:08.613-06:00  INFO 23504 --- [johnson-sistema] [restartedMain] o.s.b.w.embedded.tomcat.TomcatWebServer  : Tomcat started on port 8081 (http) with context path '/'
2026-03-17T12:23:08.662-06:00  INFO 23504 --- [johnson-sistema] [restartedMain] c.j.practica.JohnsonSistemaApplication   : Started JohnsonSistemaApplication in 24.156 seconds (process running for 26.067)
2026-03-17T12:23:08.708-06:00  INFO 23504 --- [johnson-sistema] [restartedMain] c.johnson.practica.config.CargadorDatos  : Cargando datos iniciales...
2026-03-17T12:23:09.118-06:00  INFO 23504 --- [johnson-sistema] [restartedMain] c.johnson.practica.config.CargadorDatos  : Creando usuario 'admin'...
2026-03-17T12:23:09.342-06:00  INFO 23504 --- [johnson-sistema] [restartedMain] c.johnson.practica.config.CargadorDatos  : Usuario 'admin' creado y guardado. DEBE CAMBIAR CONTRASEÑA.
2026-03-17T12:23:09.372-06:00  INFO 23504 --- [johnson-sistema] [restartedMain] c.johnson.practica.config.CargadorDatos  : Creando usuario 'visitante'...
2026-03-17T12:23:09.557-06:00  INFO 23504 --- [johnson-sistema] [restartedMain] c.johnson.practica.config.CargadorDatos  : Usuario 'visitante' creado y guardado.
2026-03-17T12:24:06.374-06:00  INFO 23504 --- [johnson-sistema] [File Watcher] rtingClassPathChangeChangedEventListener : Restarting due to 2 class path changes (0 additions, 0 deletions, 2 modifications)
2026-03-17T12:24:06.396-06:00  INFO 23504 --- [johnson-sistema] [Thread-6] o.s.b.w.e.tomcat.GracefulShutdown        : Commencing graceful shutdown. Waiting for active requests to complete
2026-03-17T12:24:07.638-06:00  INFO 23504 --- [johnson-sistema] [tomcat-shutdown] o.s.b.w.e.tomcat.GracefulShutdown        : Graceful shutdown complete
2026-03-17T12:24:07.642-06:00  INFO 23504 --- [johnson-sistema] [Thread-6] o.s.m.s.b.SimpleBrokerMessageHandler     : Stopping...
2026-03-17T12:24:07.644-06:00  INFO 23504 --- [johnson-sistema] [Thread-6] o.s.m.s.b.SimpleBrokerMessageHandler     : BrokerAvailabilityEvent[available=false, SimpleBrokerMessageHandler [org.springframework.messaging.simp.broker.DefaultSubscriptionRegistry@12647a37]]
2026-03-17T12:24:07.647-06:00  INFO 23504 --- [johnson-sistema] [Thread-6] o.s.m.s.b.SimpleBrokerMessageHandler     : Stopped.
2026-03-17T12:24:07.656-06:00  INFO 23504 --- [johnson-sistema] [Thread-6] j.LocalContainerEntityManagerFactoryBean : Closing JPA EntityManagerFactory for persistence unit 'default'
2026-03-17T12:24:07.663-06:00  INFO 23504 --- [johnson-sistema] [Thread-6] com.zaxxer.hikari.HikariDataSource       : HikariPool-1 - Shutdown initiated...
2026-03-17T12:24:07.686-06:00  INFO 23504 --- [johnson-sistema] [Thread-6] com.zaxxer.hikari.HikariDataSource       : HikariPool-1 - Shutdown completed.
2026-03-17T12:24:08.002-06:00  INFO 23504 --- [johnson-sistema] [restartedMain] c.j.practica.JohnsonSistemaApplication   : Starting JohnsonSistemaApplication using Java 17.0.12 with PID 23504 (C:\Users\User\OneDrive\Escritorio\Escuela\PRACTICAS\Sistema_Johnson\johnson-sistema\target\classes started by Franco in C:\Users\User\OneDrive\Escritorio\Escuela\PRACTICAS\Sistema_Johnson\johnson-sistema)
2026-03-17T12:24:08.005-06:00  INFO 23504 --- [johnson-sistema] [restartedMain] c.j.practica.JohnsonSistemaApplication   : No active profile set, falling back to 1 default profile: "default"
2026-03-17T12:24:08.539-06:00  INFO 23504 --- [johnson-sistema] [restartedMain] .s.d.r.c.RepositoryConfigurationDelegate : Bootstrapping Spring Data JPA repositories in DEFAULT mode.
2026-03-17T12:24:08.610-06:00  INFO 23504 --- [johnson-sistema] [restartedMain] .s.d.r.c.RepositoryConfigurationDelegate : Finished Spring Data repository scanning in 69 ms. Found 10 JPA repository interfaces.
2026-03-17T12:24:09.431-06:00  INFO 23504 --- [johnson-sistema] [restartedMain] o.s.b.w.embedded.tomcat.TomcatWebServer  : Tomcat initialized with port 8081 (http)
2026-03-17T12:24:09.442-06:00  INFO 23504 --- [johnson-sistema] [restartedMain] o.apache.catalina.core.StandardService   : Starting service [Tomcat]
2026-03-17T12:24:09.449-06:00  INFO 23504 --- [johnson-sistema] [restartedMain] o.apache.catalina.core.StandardEngine    : Starting Servlet engine: [Apache Tomcat/10.1.50]
2026-03-17T12:24:09.568-06:00  INFO 23504 --- [johnson-sistema] [restartedMain] o.a.c.c.C.[Tomcat].[localhost].[/]       : Initializing Spring embedded WebApplicationContext
2026-03-17T12:24:09.569-06:00  INFO 23504 --- [johnson-sistema] [restartedMain] w.s.c.ServletWebServerApplicationContext : Root WebApplicationContext: initialization completed in 1549 ms
2026-03-17T12:24:09.765-06:00  INFO 23504 --- [johnson-sistema] [restartedMain] com.zaxxer.hikari.HikariDataSource       : HikariPool-2 - Starting...
2026-03-17T12:24:09.919-06:00  INFO 23504 --- [johnson-sistema] [restartedMain] com.zaxxer.hikari.pool.HikariPool        : HikariPool-2 - Added connection org.postgresql.jdbc.PgConnection@4031e9b8
2026-03-17T12:24:09.921-06:00  INFO 23504 --- [johnson-sistema] [restartedMain] com.zaxxer.hikari.HikariDataSource       : HikariPool-2 - Start completed.
2026-03-17T12:24:09.972-06:00  INFO 23504 --- [johnson-sistema] [restartedMain] liquibase.database                       : Set default schema name to public
2026-03-17T12:24:10.307-06:00  INFO 23504 --- [johnson-sistema] [restartedMain] liquibase.changelog                      : Reading from public.databasechangelog
2026-03-17T12:24:10.345-06:00  INFO 23504 --- [johnson-sistema] [restartedMain] liquibase.ui                             : Database is up to date, no changesets to execute
2026-03-17T12:24:10.348-06:00  INFO 23504 --- [johnson-sistema] [restartedMain] liquibase.changelog                      : Reading from public.databasechangelog
2026-03-17T12:24:10.357-06:00  INFO 23504 --- [johnson-sistema] [restartedMain] liquibase.util                           : UPDATE SUMMARY
2026-03-17T12:24:10.359-06:00  INFO 23504 --- [johnson-sistema] [restartedMain] liquibase.util                           : Run:                          0
2026-03-17T12:24:10.360-06:00  INFO 23504 --- [johnson-sistema] [restartedMain] liquibase.util                           : Previously run:               1
2026-03-17T12:24:10.361-06:00  INFO 23504 --- [johnson-sistema] [restartedMain] liquibase.util                           : Filtered out:                 0
2026-03-17T12:24:10.362-06:00  INFO 23504 --- [johnson-sistema] [restartedMain] liquibase.util                           : -------------------------------
2026-03-17T12:24:10.363-06:00  INFO 23504 --- [johnson-sistema] [restartedMain] liquibase.util                           : Total change sets:            1
2026-03-17T12:24:10.365-06:00  INFO 23504 --- [johnson-sistema] [restartedMain] liquibase.util                           : Update summary generated
2026-03-17T12:24:10.366-06:00  INFO 23504 --- [johnson-sistema] [restartedMain] liquibase.command                        : Command execution complete
2026-03-17T12:24:10.429-06:00  INFO 23504 --- [johnson-sistema] [restartedMain] o.hibernate.jpa.internal.util.LogHelper  : HHH000204: Processing PersistenceUnitInfo [name: default]
2026-03-17T12:24:10.435-06:00  INFO 23504 --- [johnson-sistema] [restartedMain] o.h.c.internal.RegionFactoryInitiator    : HHH000026: Second-level cache disabled
2026-03-17T12:24:10.463-06:00  INFO 23504 --- [johnson-sistema] [restartedMain] o.s.o.j.p.SpringPersistenceUnitInfo      : No LoadTimeWeaver setup: ignoring JPA class transformer
2026-03-17T12:24:10.469-06:00  WARN 23504 --- [johnson-sistema] [restartedMain] org.hibernate.orm.deprecation            : HHH90000025: PostgreSQLDialect does not need to be specified explicitly using 'hibernate.dialect' (remove the property setting and it will be selected by default)
2026-03-17T12:24:10.475-06:00  INFO 23504 --- [johnson-sistema] [restartedMain] org.hibernate.orm.connections.pooling    : HHH10001005: Database info:
	Database JDBC URL [Connecting through datasource 'HikariDataSource (HikariPool-2)']
	Database driver: undefined/unknown
	Database version: 15.17
	Autocommit mode: undefined/unknown
	Isolation level: undefined/unknown
	Minimum pool size: undefined/unknown
	Maximum pool size: undefined/unknown
2026-03-17T12:24:10.895-06:00  INFO 23504 --- [johnson-sistema] [restartedMain] o.h.e.t.j.p.i.JtaPlatformInitiator       : HHH000489: No JTA platform available (set 'hibernate.transaction.jta.platform' to enable JTA platform integration)
2026-03-17T12:24:10.931-06:00  INFO 23504 --- [johnson-sistema] [restartedMain] j.LocalContainerEntityManagerFactoryBean : Initialized JPA EntityManagerFactory for persistence unit 'default'
2026-03-17T12:24:12.269-06:00  WARN 23504 --- [johnson-sistema] [restartedMain] JpaBaseConfiguration$JpaWebConfiguration : spring.jpa.open-in-view is enabled by default. Therefore, database queries may be performed during view rendering. Explicitly configure spring.jpa.open-in-view to disable this warning
2026-03-17T12:24:12.341-06:00  INFO 23504 --- [johnson-sistema] [restartedMain] o.s.b.a.w.s.WelcomePageHandlerMapping    : Adding welcome page template: index
2026-03-17T12:24:12.502-06:00  INFO 23504 --- [johnson-sistema] [restartedMain] r$InitializeUserDetailsManagerConfigurer : Global AuthenticationManager configured with UserDetailsService bean with name detallesUsuarioServicio
2026-03-17T12:24:12.829-06:00  INFO 23504 --- [johnson-sistema] [restartedMain] o.s.b.d.a.OptionalLiveReloadServer       : LiveReload server is running on port 35729
2026-03-17T12:24:12.850-06:00  INFO 23504 --- [johnson-sistema] [restartedMain] o.s.m.s.b.SimpleBrokerMessageHandler     : Starting...
2026-03-17T12:24:12.850-06:00  INFO 23504 --- [johnson-sistema] [restartedMain] o.s.m.s.b.SimpleBrokerMessageHandler     : BrokerAvailabilityEvent[available=true, SimpleBrokerMessageHandler [org.springframework.messaging.simp.broker.DefaultSubscriptionRegistry@6f1132d4]]
2026-03-17T12:24:12.853-06:00  INFO 23504 --- [johnson-sistema] [restartedMain] o.s.m.s.b.SimpleBrokerMessageHandler     : Started.
2026-03-17T12:24:12.860-06:00  INFO 23504 --- [johnson-sistema] [restartedMain] o.s.b.w.embedded.tomcat.TomcatWebServer  : Tomcat started on port 8081 (http) with context path '/'
2026-03-17T12:24:12.876-06:00  INFO 23504 --- [johnson-sistema] [restartedMain] c.j.practica.JohnsonSistemaApplication   : Started JohnsonSistemaApplication in 5.0 seconds (process running for 90.28)
2026-03-17T12:24:13.545-06:00  INFO 23504 --- [johnson-sistema] [restartedMain] c.johnson.practica.config.CargadorDatos  : Cargando datos iniciales...
2026-03-17T12:24:13.621-06:00  INFO 23504 --- [johnson-sistema] [restartedMain] .ConditionEvaluationDeltaLoggingListener : Condition evaluation unchanged
2026-03-17T12:24:29.991-06:00  INFO 23504 --- [johnson-sistema] [http-nio-8081-exec-1] o.a.c.c.C.[Tomcat].[localhost].[/]       : Initializing Spring DispatcherServlet 'dispatcherServlet'
2026-03-17T12:24:29.991-06:00  INFO 23504 --- [johnson-sistema] [http-nio-8081-exec-1] o.s.web.servlet.DispatcherServlet        : Initializing Servlet 'dispatcherServlet'
2026-03-17T12:24:30.001-06:00  INFO 23504 --- [johnson-sistema] [http-nio-8081-exec-1] o.s.web.servlet.DispatcherServlet        : Completed initialization in 3 ms
2026-03-17T12:25:12.888-06:00  INFO 23504 --- [johnson-sistema] [MessageBroker-1] o.s.w.s.c.WebSocketMessageBrokerStats    : WebSocketSession[0 current WS(0)-HttpStream(0)-HttpPoll(0), 0 total, 0 closed abnormally (0 connect failure, 0 send limit, 0 transport error)], stompSubProtocol[processed CONNECT(0)-CONNECTED(0)-DISCONNECT(0)], stompBrokerRelay[null], inboundChannel[pool size = 0, active threads = 0, queued tasks = 0, completed tasks = 0], outboundChannel[pool size = 0, active threads = 0, queued tasks = 0, completed tasks = 0], sockJsScheduler[pool size = 3, active threads = 1, queued tasks = 2, completed tasks = 0]
2026-03-17T12:28:07.115-06:00  INFO 23504 --- [johnson-sistema] [File Watcher] rtingClassPathChangeChangedEventListener : Restarting due to 2 class path changes (0 additions, 0 deletions, 2 modifications)
2026-03-17T12:28:07.123-06:00  INFO 23504 --- [johnson-sistema] [Thread-8] o.s.b.w.e.tomcat.GracefulShutdown        : Commencing graceful shutdown. Waiting for active requests to complete
2026-03-17T12:28:08.489-06:00  INFO 23504 --- [johnson-sistema] [tomcat-shutdown] o.s.b.w.e.tomcat.GracefulShutdown        : Graceful shutdown complete
2026-03-17T12:28:08.496-06:00  INFO 23504 --- [johnson-sistema] [Thread-8] o.s.m.s.b.SimpleBrokerMessageHandler     : Stopping...
2026-03-17T12:28:08.498-06:00  INFO 23504 --- [johnson-sistema] [Thread-8] o.s.m.s.b.SimpleBrokerMessageHandler     : BrokerAvailabilityEvent[available=false, SimpleBrokerMessageHandler [org.springframework.messaging.simp.broker.DefaultSubscriptionRegistry@6f1132d4]]
2026-03-17T12:28:08.502-06:00  INFO 23504 --- [johnson-sistema] [Thread-8] o.s.m.s.b.SimpleBrokerMessageHandler     : Stopped.
2026-03-17T12:28:08.513-06:00  INFO 23504 --- [johnson-sistema] [Thread-8] j.LocalContainerEntityManagerFactoryBean : Closing JPA EntityManagerFactory for persistence unit 'default'
2026-03-17T12:28:08.515-06:00  INFO 23504 --- [johnson-sistema] [Thread-8] com.zaxxer.hikari.HikariDataSource       : HikariPool-2 - Shutdown initiated...
2026-03-17T12:28:08.533-06:00  INFO 23504 --- [johnson-sistema] [Thread-8] com.zaxxer.hikari.HikariDataSource       : HikariPool-2 - Shutdown completed.
2026-03-17T12:28:08.928-06:00  INFO 23504 --- [johnson-sistema] [restartedMain] c.j.practica.JohnsonSistemaApplication   : Starting JohnsonSistemaApplication using Java 17.0.12 with PID 23504 (C:\Users\User\OneDrive\Escritorio\Escuela\PRACTICAS\Sistema_Johnson\johnson-sistema\target\classes started by Franco in C:\Users\User\OneDrive\Escritorio\Escuela\PRACTICAS\Sistema_Johnson\johnson-sistema)
2026-03-17T12:28:08.930-06:00  INFO 23504 --- [johnson-sistema] [restartedMain] c.j.practica.JohnsonSistemaApplication   : No active profile set, falling back to 1 default profile: "default"
2026-03-17T12:28:09.885-06:00  INFO 23504 --- [johnson-sistema] [restartedMain] .s.d.r.c.RepositoryConfigurationDelegate : Bootstrapping Spring Data JPA repositories in DEFAULT mode.
2026-03-17T12:28:10.003-06:00  INFO 23504 --- [johnson-sistema] [restartedMain] .s.d.r.c.RepositoryConfigurationDelegate : Finished Spring Data repository scanning in 90 ms. Found 10 JPA repository interfaces.
2026-03-17T12:28:10.586-06:00  INFO 23504 --- [johnson-sistema] [restartedMain] o.s.b.w.embedded.tomcat.TomcatWebServer  : Tomcat initialized with port 8081 (http)
2026-03-17T12:28:10.592-06:00  INFO 23504 --- [johnson-sistema] [restartedMain] o.apache.catalina.core.StandardService   : Starting service [Tomcat]
2026-03-17T12:28:10.593-06:00  INFO 23504 --- [johnson-sistema] [restartedMain] o.apache.catalina.core.StandardEngine    : Starting Servlet engine: [Apache Tomcat/10.1.50]
2026-03-17T12:28:10.656-06:00  INFO 23504 --- [johnson-sistema] [restartedMain] o.a.c.c.C.[Tomcat].[localhost].[/]       : Initializing Spring embedded WebApplicationContext
2026-03-17T12:28:10.658-06:00  INFO 23504 --- [johnson-sistema] [restartedMain] w.s.c.ServletWebServerApplicationContext : Root WebApplicationContext: initialization completed in 1720 ms
2026-03-17T12:28:10.838-06:00  INFO 23504 --- [johnson-sistema] [restartedMain] com.zaxxer.hikari.HikariDataSource       : HikariPool-3 - Starting...
2026-03-17T12:28:11.083-06:00  INFO 23504 --- [johnson-sistema] [restartedMain] com.zaxxer.hikari.pool.HikariPool        : HikariPool-3 - Added connection org.postgresql.jdbc.PgConnection@3254e2c1
2026-03-17T12:28:11.085-06:00  INFO 23504 --- [johnson-sistema] [restartedMain] com.zaxxer.hikari.HikariDataSource       : HikariPool-3 - Start completed.
2026-03-17T12:28:11.115-06:00  INFO 23504 --- [johnson-sistema] [restartedMain] liquibase.database                       : Set default schema name to public
2026-03-17T12:28:11.325-06:00  INFO 23504 --- [johnson-sistema] [restartedMain] liquibase.changelog                      : Reading from public.databasechangelog
2026-03-17T12:28:11.397-06:00  INFO 23504 --- [johnson-sistema] [restartedMain] liquibase.ui                             : Database is up to date, no changesets to execute
2026-03-17T12:28:11.402-06:00  INFO 23504 --- [johnson-sistema] [restartedMain] liquibase.changelog                      : Reading from public.databasechangelog
2026-03-17T12:28:11.409-06:00  INFO 23504 --- [johnson-sistema] [restartedMain] liquibase.util                           : UPDATE SUMMARY
2026-03-17T12:28:11.409-06:00  INFO 23504 --- [johnson-sistema] [restartedMain] liquibase.util                           : Run:                          0
2026-03-17T12:28:11.410-06:00  INFO 23504 --- [johnson-sistema] [restartedMain] liquibase.util                           : Previously run:               1
2026-03-17T12:28:11.411-06:00  INFO 23504 --- [johnson-sistema] [restartedMain] liquibase.util                           : Filtered out:                 0
2026-03-17T12:28:11.412-06:00  INFO 23504 --- [johnson-sistema] [restartedMain] liquibase.util                           : -------------------------------
2026-03-17T12:28:11.413-06:00  INFO 23504 --- [johnson-sistema] [restartedMain] liquibase.util                           : Total change sets:            1
2026-03-17T12:28:11.414-06:00  INFO 23504 --- [johnson-sistema] [restartedMain] liquibase.util                           : Update summary generated
2026-03-17T12:28:11.415-06:00  INFO 23504 --- [johnson-sistema] [restartedMain] liquibase.command                        : Command execution complete
2026-03-17T12:28:11.502-06:00  INFO 23504 --- [johnson-sistema] [restartedMain] o.hibernate.jpa.internal.util.LogHelper  : HHH000204: Processing PersistenceUnitInfo [name: default]
2026-03-17T12:28:11.514-06:00  INFO 23504 --- [johnson-sistema] [restartedMain] o.h.c.internal.RegionFactoryInitiator    : HHH000026: Second-level cache disabled
2026-03-17T12:28:11.543-06:00  INFO 23504 --- [johnson-sistema] [restartedMain] o.s.o.j.p.SpringPersistenceUnitInfo      : No LoadTimeWeaver setup: ignoring JPA class transformer
2026-03-17T12:28:11.548-06:00  WARN 23504 --- [johnson-sistema] [restartedMain] org.hibernate.orm.deprecation            : HHH90000025: PostgreSQLDialect does not need to be specified explicitly using 'hibernate.dialect' (remove the property setting and it will be selected by default)
2026-03-17T12:28:11.554-06:00  INFO 23504 --- [johnson-sistema] [restartedMain] org.hibernate.orm.connections.pooling    : HHH10001005: Database info:
	Database JDBC URL [Connecting through datasource 'HikariDataSource (HikariPool-3)']
	Database driver: undefined/unknown
	Database version: 15.17
	Autocommit mode: undefined/unknown
	Isolation level: undefined/unknown
	Minimum pool size: undefined/unknown
	Maximum pool size: undefined/unknown
2026-03-17T12:28:11.992-06:00  INFO 23504 --- [johnson-sistema] [restartedMain] o.h.e.t.j.p.i.JtaPlatformInitiator       : HHH000489: No JTA platform available (set 'hibernate.transaction.jta.platform' to enable JTA platform integration)
2026-03-17T12:28:12.077-06:00  INFO 23504 --- [johnson-sistema] [restartedMain] j.LocalContainerEntityManagerFactoryBean : Initialized JPA EntityManagerFactory for persistence unit 'default'
2026-03-17T12:28:13.821-06:00  WARN 23504 --- [johnson-sistema] [restartedMain] JpaBaseConfiguration$JpaWebConfiguration : spring.jpa.open-in-view is enabled by default. Therefore, database queries may be performed during view rendering. Explicitly configure spring.jpa.open-in-view to disable this warning
2026-03-17T12:28:14.005-06:00  INFO 23504 --- [johnson-sistema] [restartedMain] o.s.b.a.w.s.WelcomePageHandlerMapping    : Adding welcome page template: index
2026-03-17T12:28:14.413-06:00  INFO 23504 --- [johnson-sistema] [restartedMain] r$InitializeUserDetailsManagerConfigurer : Global AuthenticationManager configured with UserDetailsService bean with name detallesUsuarioServicio
2026-03-17T12:28:15.166-06:00  INFO 23504 --- [johnson-sistema] [restartedMain] o.s.b.d.a.OptionalLiveReloadServer       : LiveReload server is running on port 35729
2026-03-17T12:28:15.211-06:00  INFO 23504 --- [johnson-sistema] [restartedMain] o.s.m.s.b.SimpleBrokerMessageHandler     : Starting...
2026-03-17T12:28:15.212-06:00  INFO 23504 --- [johnson-sistema] [restartedMain] o.s.m.s.b.SimpleBrokerMessageHandler     : BrokerAvailabilityEvent[available=true, SimpleBrokerMessageHandler [org.springframework.messaging.simp.broker.DefaultSubscriptionRegistry@e939328]]
2026-03-17T12:28:15.216-06:00  INFO 23504 --- [johnson-sistema] [restartedMain] o.s.m.s.b.SimpleBrokerMessageHandler     : Started.
2026-03-17T12:28:15.227-06:00  INFO 23504 --- [johnson-sistema] [restartedMain] o.s.b.w.embedded.tomcat.TomcatWebServer  : Tomcat started on port 8081 (http) with context path '/'
2026-03-17T12:28:15.252-06:00  INFO 23504 --- [johnson-sistema] [restartedMain] c.j.practica.JohnsonSistemaApplication   : Started JohnsonSistemaApplication in 6.433 seconds (process running for 332.656)
2026-03-17T12:28:15.262-06:00  INFO 23504 --- [johnson-sistema] [restartedMain] c.johnson.practica.config.CargadorDatos  : Cargando datos iniciales...
2026-03-17T12:28:16.125-06:00  INFO 23504 --- [johnson-sistema] [restartedMain] .ConditionEvaluationDeltaLoggingListener : Condition evaluation unchanged
2026-03-17T12:28:57.268-06:00  INFO 23504 --- [johnson-sistema] [http-nio-8081-exec-1] o.a.c.c.C.[Tomcat].[localhost].[/]       : Initializing Spring DispatcherServlet 'dispatcherServlet'
2026-03-17T12:28:57.270-06:00  INFO 23504 --- [johnson-sistema] [http-nio-8081-exec-1] o.s.web.servlet.DispatcherServlet        : Initializing Servlet 'dispatcherServlet'
2026-03-17T12:28:57.291-06:00  INFO 23504 --- [johnson-sistema] [http-nio-8081-exec-1] o.s.web.servlet.DispatcherServlet        : Completed initialization in 11 ms
2026-03-17T12:29:15.217-06:00  INFO 23504 --- [johnson-sistema] [MessageBroker-1] o.s.w.s.c.WebSocketMessageBrokerStats    : WebSocketSession[0 current WS(0)-HttpStream(0)-HttpPoll(0), 0 total, 0 closed abnormally (0 connect failure, 0 send limit, 0 transport error)], stompSubProtocol[processed CONNECT(0)-CONNECTED(0)-DISCONNECT(0)], stompBrokerRelay[null], inboundChannel[pool size = 0, active threads = 0, queued tasks = 0, completed tasks = 0], outboundChannel[pool size = 0, active threads = 0, queued tasks = 0, completed tasks = 0], sockJsScheduler[pool size = 3, active threads = 1, queued tasks = 2, completed tasks = 0]
2026-03-17T12:30:18.235-06:00  INFO 23504 --- [johnson-sistema] [File Watcher] rtingClassPathChangeChangedEventListener : Restarting due to 2 class path changes (0 additions, 0 deletions, 2 modifications)
2026-03-17T12:30:18.253-06:00  INFO 23504 --- [johnson-sistema] [Thread-12] o.s.b.w.e.tomcat.GracefulShutdown        : Commencing graceful shutdown. Waiting for active requests to complete
2026-03-17T12:30:19.984-06:00  INFO 23504 --- [johnson-sistema] [tomcat-shutdown] o.s.b.w.e.tomcat.GracefulShutdown        : Graceful shutdown complete
2026-03-17T12:30:19.986-06:00  INFO 23504 --- [johnson-sistema] [Thread-12] o.s.m.s.b.SimpleBrokerMessageHandler     : Stopping...
2026-03-17T12:30:19.991-06:00  INFO 23504 --- [johnson-sistema] [Thread-12] o.s.m.s.b.SimpleBrokerMessageHandler     : BrokerAvailabilityEvent[available=false, SimpleBrokerMessageHandler [org.springframework.messaging.simp.broker.DefaultSubscriptionRegistry@e939328]]
2026-03-17T12:30:19.993-06:00  INFO 23504 --- [johnson-sistema] [Thread-12] o.s.m.s.b.SimpleBrokerMessageHandler     : Stopped.
2026-03-17T12:30:19.998-06:00  INFO 23504 --- [johnson-sistema] [Thread-12] j.LocalContainerEntityManagerFactoryBean : Closing JPA EntityManagerFactory for persistence unit 'default'
2026-03-17T12:30:20.000-06:00  INFO 23504 --- [johnson-sistema] [Thread-12] com.zaxxer.hikari.HikariDataSource       : HikariPool-3 - Shutdown initiated...
2026-03-17T12:30:20.014-06:00  INFO 23504 --- [johnson-sistema] [Thread-12] com.zaxxer.hikari.HikariDataSource       : HikariPool-3 - Shutdown completed.
2026-03-17T12:30:20.286-06:00  INFO 23504 --- [johnson-sistema] [restartedMain] c.j.practica.JohnsonSistemaApplication   : Starting JohnsonSistemaApplication using Java 17.0.12 with PID 23504 (C:\Users\User\OneDrive\Escritorio\Escuela\PRACTICAS\Sistema_Johnson\johnson-sistema\target\classes started by Franco in C:\Users\User\OneDrive\Escritorio\Escuela\PRACTICAS\Sistema_Johnson\johnson-sistema)
2026-03-17T12:30:20.288-06:00  INFO 23504 --- [johnson-sistema] [restartedMain] c.j.practica.JohnsonSistemaApplication   : No active profile set, falling back to 1 default profile: "default"
2026-03-17T12:30:21.019-06:00  INFO 23504 --- [johnson-sistema] [restartedMain] .s.d.r.c.RepositoryConfigurationDelegate : Bootstrapping Spring Data JPA repositories in DEFAULT mode.
2026-03-17T12:30:21.112-06:00  INFO 23504 --- [johnson-sistema] [restartedMain] .s.d.r.c.RepositoryConfigurationDelegate : Finished Spring Data repository scanning in 89 ms. Found 10 JPA repository interfaces.
2026-03-17T12:30:21.570-06:00  INFO 23504 --- [johnson-sistema] [restartedMain] o.s.b.w.embedded.tomcat.TomcatWebServer  : Tomcat initialized with port 8081 (http)
2026-03-17T12:30:21.570-06:00  INFO 23504 --- [johnson-sistema] [restartedMain] o.apache.catalina.core.StandardService   : Starting service [Tomcat]
2026-03-17T12:30:21.577-06:00  INFO 23504 --- [johnson-sistema] [restartedMain] o.apache.catalina.core.StandardEngine    : Starting Servlet engine: [Apache Tomcat/10.1.50]
2026-03-17T12:30:21.632-06:00  INFO 23504 --- [johnson-sistema] [restartedMain] o.a.c.c.C.[Tomcat].[localhost].[/]       : Initializing Spring embedded WebApplicationContext
2026-03-17T12:30:21.632-06:00  INFO 23504 --- [johnson-sistema] [restartedMain] w.s.c.ServletWebServerApplicationContext : Root WebApplicationContext: initialization completed in 1338 ms
2026-03-17T12:30:21.868-06:00  INFO 23504 --- [johnson-sistema] [restartedMain] com.zaxxer.hikari.HikariDataSource       : HikariPool-4 - Starting...
2026-03-17T12:30:22.014-06:00  INFO 23504 --- [johnson-sistema] [restartedMain] com.zaxxer.hikari.pool.HikariPool        : HikariPool-4 - Added connection org.postgresql.jdbc.PgConnection@2b16d9bc
2026-03-17T12:30:22.015-06:00  INFO 23504 --- [johnson-sistema] [restartedMain] com.zaxxer.hikari.HikariDataSource       : HikariPool-4 - Start completed.
2026-03-17T12:30:22.040-06:00  INFO 23504 --- [johnson-sistema] [restartedMain] liquibase.database                       : Set default schema name to public
2026-03-17T12:30:22.251-06:00  INFO 23504 --- [johnson-sistema] [restartedMain] liquibase.changelog                      : Reading from public.databasechangelog
2026-03-17T12:30:22.315-06:00  INFO 23504 --- [johnson-sistema] [restartedMain] liquibase.ui                             : Database is up to date, no changesets to execute
2026-03-17T12:30:22.320-06:00  INFO 23504 --- [johnson-sistema] [restartedMain] liquibase.changelog                      : Reading from public.databasechangelog
2026-03-17T12:30:22.331-06:00  INFO 23504 --- [johnson-sistema] [restartedMain] liquibase.util                           : UPDATE SUMMARY
2026-03-17T12:30:22.332-06:00  INFO 23504 --- [johnson-sistema] [restartedMain] liquibase.util                           : Run:                          0
2026-03-17T12:30:22.334-06:00  INFO 23504 --- [johnson-sistema] [restartedMain] liquibase.util                           : Previously run:               1
2026-03-17T12:30:22.335-06:00  INFO 23504 --- [johnson-sistema] [restartedMain] liquibase.util                           : Filtered out:                 0
2026-03-17T12:30:22.338-06:00  INFO 23504 --- [johnson-sistema] [restartedMain] liquibase.util                           : -------------------------------
2026-03-17T12:30:22.339-06:00  INFO 23504 --- [johnson-sistema] [restartedMain] liquibase.util                           : Total change sets:            1
2026-03-17T12:30:22.343-06:00  INFO 23504 --- [johnson-sistema] [restartedMain] liquibase.util                           : Update summary generated
2026-03-17T12:30:22.346-06:00  INFO 23504 --- [johnson-sistema] [restartedMain] liquibase.command                        : Command execution complete
2026-03-17T12:30:22.462-06:00  INFO 23504 --- [johnson-sistema] [restartedMain] o.hibernate.jpa.internal.util.LogHelper  : HHH000204: Processing PersistenceUnitInfo [name: default]
2026-03-17T12:30:22.478-06:00  INFO 23504 --- [johnson-sistema] [restartedMain] o.h.c.internal.RegionFactoryInitiator    : HHH000026: Second-level cache disabled
2026-03-17T12:30:22.516-06:00  INFO 23504 --- [johnson-sistema] [restartedMain] o.s.o.j.p.SpringPersistenceUnitInfo      : No LoadTimeWeaver setup: ignoring JPA class transformer
2026-03-17T12:30:22.523-06:00  WARN 23504 --- [johnson-sistema] [restartedMain] org.hibernate.orm.deprecation            : HHH90000025: PostgreSQLDialect does not need to be specified explicitly using 'hibernate.dialect' (remove the property setting and it will be selected by default)
2026-03-17T12:30:22.531-06:00  INFO 23504 --- [johnson-sistema] [restartedMain] org.hibernate.orm.connections.pooling    : HHH10001005: Database info:
	Database JDBC URL [Connecting through datasource 'HikariDataSource (HikariPool-4)']
	Database driver: undefined/unknown
	Database version: 15.17
	Autocommit mode: undefined/unknown
	Isolation level: undefined/unknown
	Minimum pool size: undefined/unknown
	Maximum pool size: undefined/unknown
2026-03-17T12:30:22.955-06:00  INFO 23504 --- [johnson-sistema] [restartedMain] o.h.e.t.j.p.i.JtaPlatformInitiator       : HHH000489: No JTA platform available (set 'hibernate.transaction.jta.platform' to enable JTA platform integration)
2026-03-17T12:30:23.020-06:00  INFO 23504 --- [johnson-sistema] [restartedMain] j.LocalContainerEntityManagerFactoryBean : Initialized JPA EntityManagerFactory for persistence unit 'default'
2026-03-17T12:30:24.493-06:00  WARN 23504 --- [johnson-sistema] [restartedMain] JpaBaseConfiguration$JpaWebConfiguration : spring.jpa.open-in-view is enabled by default. Therefore, database queries may be performed during view rendering. Explicitly configure spring.jpa.open-in-view to disable this warning
2026-03-17T12:30:24.624-06:00  INFO 23504 --- [johnson-sistema] [restartedMain] o.s.b.a.w.s.WelcomePageHandlerMapping    : Adding welcome page template: index
2026-03-17T12:30:24.853-06:00  INFO 23504 --- [johnson-sistema] [restartedMain] r$InitializeUserDetailsManagerConfigurer : Global AuthenticationManager configured with UserDetailsService bean with name detallesUsuarioServicio
2026-03-17T12:30:25.388-06:00  INFO 23504 --- [johnson-sistema] [restartedMain] o.s.b.d.a.OptionalLiveReloadServer       : LiveReload server is running on port 35729
2026-03-17T12:30:25.416-06:00  INFO 23504 --- [johnson-sistema] [restartedMain] o.s.m.s.b.SimpleBrokerMessageHandler     : Starting...
2026-03-17T12:30:25.416-06:00  INFO 23504 --- [johnson-sistema] [restartedMain] o.s.m.s.b.SimpleBrokerMessageHandler     : BrokerAvailabilityEvent[available=true, SimpleBrokerMessageHandler [org.springframework.messaging.simp.broker.DefaultSubscriptionRegistry@7e22f7a9]]
2026-03-17T12:30:25.418-06:00  INFO 23504 --- [johnson-sistema] [restartedMain] o.s.m.s.b.SimpleBrokerMessageHandler     : Started.
2026-03-17T12:30:25.428-06:00  INFO 23504 --- [johnson-sistema] [restartedMain] o.s.b.w.embedded.tomcat.TomcatWebServer  : Tomcat started on port 8081 (http) with context path '/'
2026-03-17T12:30:25.432-06:00  INFO 23504 --- [johnson-sistema] [restartedMain] c.j.practica.JohnsonSistemaApplication   : Started JohnsonSistemaApplication in 5.237 seconds (process running for 462.851)
2026-03-17T12:30:25.796-06:00  INFO 23504 --- [johnson-sistema] [restartedMain] c.johnson.practica.config.CargadorDatos  : Cargando datos iniciales...
2026-03-17T12:30:25.851-06:00  INFO 23504 --- [johnson-sistema] [restartedMain] .ConditionEvaluationDeltaLoggingListener : Condition evaluation unchanged
2026-03-17T12:31:25.432-06:00  INFO 23504 --- [johnson-sistema] [MessageBroker-1] o.s.w.s.c.WebSocketMessageBrokerStats    : WebSocketSession[0 current WS(0)-HttpStream(0)-HttpPoll(0), 0 total, 0 closed abnormally (0 connect failure, 0 send limit, 0 transport error)], stompSubProtocol[processed CONNECT(0)-CONNECTED(0)-DISCONNECT(0)], stompBrokerRelay[null], inboundChannel[pool size = 0, active threads = 0, queued tasks = 0, completed tasks = 0], outboundChannel[pool size = 0, active threads = 0, queued tasks = 0, completed tasks = 0], sockJsScheduler[pool size = 3, active threads = 1, queued tasks = 2, completed tasks = 0]
2026-03-17T12:31:45.150-06:00  INFO 23504 --- [johnson-sistema] [SpringApplicationShutdownHook] o.s.b.w.e.tomcat.GracefulShutdown        : Commencing graceful shutdown. Waiting for active requests to complete
2026-03-17T12:31:46.611-06:00  INFO 23504 --- [johnson-sistema] [tomcat-shutdown] o.s.b.w.e.tomcat.GracefulShutdown        : Graceful shutdown complete
2026-03-17T12:31:46.615-06:00  INFO 23504 --- [johnson-sistema] [SpringApplicationShutdownHook] o.s.m.s.b.SimpleBrokerMessageHandler     : Stopping...
2026-03-17T12:31:46.616-06:00  INFO 23504 --- [johnson-sistema] [SpringApplicationShutdownHook] o.s.m.s.b.SimpleBrokerMessageHandler     : BrokerAvailabilityEvent[available=false, SimpleBrokerMessageHandler [org.springframework.messaging.simp.broker.DefaultSubscriptionRegistry@7e22f7a9]]
2026-03-17T12:31:46.618-06:00  INFO 23504 --- [johnson-sistema] [SpringApplicationShutdownHook] o.s.m.s.b.SimpleBrokerMessageHandler     : Stopped.
2026-03-17T12:31:46.624-06:00  INFO 23504 --- [johnson-sistema] [SpringApplicationShutdownHook] j.LocalContainerEntityManagerFactoryBean : Closing JPA EntityManagerFactory for persistence unit 'default'
2026-03-17T12:31:46.626-06:00  INFO 23504 --- [johnson-sistema] [SpringApplicationShutdownHook] com.zaxxer.hikari.HikariDataSource       : HikariPool-4 - Shutdown initiated...
2026-03-17T12:31:46.630-06:00  INFO 23504 --- [johnson-sistema] [SpringApplicationShutdownHook] com.zaxxer.hikari.HikariDataSource       : HikariPool-4 - Shutdown completed.
2026-03-17T12:33:36.017-06:00  INFO 9020 --- [johnson-sistema] [restartedMain] c.j.practica.JohnsonSistemaApplication   : Starting JohnsonSistemaApplication using Java 17.0.12 with PID 9020 (C:\Users\User\OneDrive\Escritorio\Escuela\PRACTICAS\Sistema_Johnson\johnson-sistema\target\classes started by Franco in C:\Users\User\OneDrive\Escritorio\Escuela\PRACTICAS\Sistema_Johnson\johnson-sistema)
2026-03-17T12:33:36.026-06:00  INFO 9020 --- [johnson-sistema] [restartedMain] c.j.practica.JohnsonSistemaApplication   : No active profile set, falling back to 1 default profile: "default"
2026-03-17T12:33:36.203-06:00  INFO 9020 --- [johnson-sistema] [restartedMain] .e.DevToolsPropertyDefaultsPostProcessor : Devtools property defaults active! Set 'spring.devtools.add-properties' to 'false' to disable
2026-03-17T12:33:36.209-06:00  INFO 9020 --- [johnson-sistema] [restartedMain] .e.DevToolsPropertyDefaultsPostProcessor : For additional web related logging consider setting the 'logging.level.web' property to 'DEBUG'
2026-03-17T12:33:39.093-06:00  INFO 9020 --- [johnson-sistema] [restartedMain] .s.d.r.c.RepositoryConfigurationDelegate : Bootstrapping Spring Data JPA repositories in DEFAULT mode.
2026-03-17T12:33:39.504-06:00  INFO 9020 --- [johnson-sistema] [restartedMain] .s.d.r.c.RepositoryConfigurationDelegate : Finished Spring Data repository scanning in 345 ms. Found 10 JPA repository interfaces.
2026-03-17T12:33:42.097-06:00  INFO 9020 --- [johnson-sistema] [restartedMain] o.s.b.w.embedded.tomcat.TomcatWebServer  : Tomcat initialized with port 8081 (http)
2026-03-17T12:33:42.126-06:00  INFO 9020 --- [johnson-sistema] [restartedMain] o.apache.catalina.core.StandardService   : Starting service [Tomcat]
2026-03-17T12:33:42.130-06:00  INFO 9020 --- [johnson-sistema] [restartedMain] o.apache.catalina.core.StandardEngine    : Starting Servlet engine: [Apache Tomcat/10.1.50]
2026-03-17T12:33:42.268-06:00  INFO 9020 --- [johnson-sistema] [restartedMain] o.a.c.c.C.[Tomcat].[localhost].[/]       : Initializing Spring embedded WebApplicationContext
2026-03-17T12:33:42.271-06:00  INFO 9020 --- [johnson-sistema] [restartedMain] w.s.c.ServletWebServerApplicationContext : Root WebApplicationContext: initialization completed in 6046 ms
2026-03-17T12:33:42.726-06:00  INFO 9020 --- [johnson-sistema] [restartedMain] com.zaxxer.hikari.HikariDataSource       : HikariPool-1 - Starting...
2026-03-17T12:33:43.439-06:00  INFO 9020 --- [johnson-sistema] [restartedMain] com.zaxxer.hikari.pool.HikariPool        : HikariPool-1 - Added connection org.postgresql.jdbc.PgConnection@16166a33
2026-03-17T12:33:43.442-06:00  INFO 9020 --- [johnson-sistema] [restartedMain] com.zaxxer.hikari.HikariDataSource       : HikariPool-1 - Start completed.
2026-03-17T12:33:43.959-06:00  INFO 9020 --- [johnson-sistema] [restartedMain] liquibase.database                       : Set default schema name to public
2026-03-17T12:33:44.957-06:00  INFO 9020 --- [johnson-sistema] [restartedMain] liquibase.changelog                      : Creating database history table with name: public.databasechangelog
2026-03-17T12:33:45.099-06:00  INFO 9020 --- [johnson-sistema] [restartedMain] liquibase.changelog                      : Reading from public.databasechangelog
2026-03-17T12:33:45.150-06:00  INFO 9020 --- [johnson-sistema] [restartedMain] liquibase.snapshot                       : Creating snapshot
2026-03-17T12:33:45.374-06:00  INFO 9020 --- [johnson-sistema] [restartedMain] liquibase.lockservice                    : Successfully acquired change log lock
2026-03-17T12:33:45.380-06:00  INFO 9020 --- [johnson-sistema] [restartedMain] liquibase.command                        : Using deploymentId: 3772422681
2026-03-17T12:33:45.385-06:00  INFO 9020 --- [johnson-sistema] [restartedMain] liquibase.changelog                      : Reading from public.databasechangelog
2026-03-17T12:33:45.453-06:00  INFO 9020 --- [johnson-sistema] [restartedMain] liquibase.ui                             : Running Changeset: db/changelog/cambios/crear-tablas-iniciales.sql::1::franco
2026-03-17T12:33:46.873-06:00  INFO 9020 --- [johnson-sistema] [restartedMain] liquibase.changelog                      : Custom SQL executed
2026-03-17T12:33:46.884-06:00  INFO 9020 --- [johnson-sistema] [restartedMain] liquibase.changelog                      : ChangeSet db/changelog/cambios/crear-tablas-iniciales.sql::1::franco ran successfully in 1427ms
2026-03-17T12:33:46.959-06:00  INFO 9020 --- [johnson-sistema] [restartedMain] liquibase.util                           : UPDATE SUMMARY
2026-03-17T12:33:46.960-06:00  INFO 9020 --- [johnson-sistema] [restartedMain] liquibase.util                           : Run:                          1
2026-03-17T12:33:46.963-06:00  INFO 9020 --- [johnson-sistema] [restartedMain] liquibase.util                           : Previously run:               0
2026-03-17T12:33:46.969-06:00  INFO 9020 --- [johnson-sistema] [restartedMain] liquibase.util                           : Filtered out:                 0
2026-03-17T12:33:46.971-06:00  INFO 9020 --- [johnson-sistema] [restartedMain] liquibase.util                           : -------------------------------
2026-03-17T12:33:46.973-06:00  INFO 9020 --- [johnson-sistema] [restartedMain] liquibase.util                           : Total change sets:            1
2026-03-17T12:33:46.976-06:00  INFO 9020 --- [johnson-sistema] [restartedMain] liquibase.util                           : Update summary generated
2026-03-17T12:33:46.981-06:00  INFO 9020 --- [johnson-sistema] [restartedMain] liquibase.command                        : Update command completed successfully.
2026-03-17T12:33:46.986-06:00  INFO 9020 --- [johnson-sistema] [restartedMain] liquibase.ui                             : Liquibase: Update has been successful. Rows affected: 1
2026-03-17T12:33:47.087-06:00  INFO 9020 --- [johnson-sistema] [restartedMain] liquibase.lockservice                    : Successfully released change log lock
2026-03-17T12:33:47.092-06:00  INFO 9020 --- [johnson-sistema] [restartedMain] liquibase.command                        : Command execution complete
2026-03-17T12:33:48.754-06:00  INFO 9020 --- [johnson-sistema] [restartedMain] o.hibernate.jpa.internal.util.LogHelper  : HHH000204: Processing PersistenceUnitInfo [name: default]
2026-03-17T12:33:49.011-06:00  INFO 9020 --- [johnson-sistema] [restartedMain] org.hibernate.Version                    : HHH000412: Hibernate ORM core version 6.6.41.Final
2026-03-17T12:33:49.130-06:00  INFO 9020 --- [johnson-sistema] [restartedMain] o.h.c.internal.RegionFactoryInitiator    : HHH000026: Second-level cache disabled
2026-03-17T12:33:50.002-06:00  INFO 9020 --- [johnson-sistema] [restartedMain] o.s.o.j.p.SpringPersistenceUnitInfo      : No LoadTimeWeaver setup: ignoring JPA class transformer
2026-03-17T12:33:50.206-06:00  WARN 9020 --- [johnson-sistema] [restartedMain] org.hibernate.orm.deprecation            : HHH90000025: PostgreSQLDialect does not need to be specified explicitly using 'hibernate.dialect' (remove the property setting and it will be selected by default)
2026-03-17T12:33:50.283-06:00  INFO 9020 --- [johnson-sistema] [restartedMain] org.hibernate.orm.connections.pooling    : HHH10001005: Database info:
	Database JDBC URL [Connecting through datasource 'HikariDataSource (HikariPool-1)']
	Database driver: undefined/unknown
	Database version: 15.17
	Autocommit mode: undefined/unknown
	Isolation level: undefined/unknown
	Minimum pool size: undefined/unknown
	Maximum pool size: undefined/unknown
2026-03-17T12:33:52.985-06:00  INFO 9020 --- [johnson-sistema] [restartedMain] o.h.e.t.j.p.i.JtaPlatformInitiator       : HHH000489: No JTA platform available (set 'hibernate.transaction.jta.platform' to enable JTA platform integration)
2026-03-17T12:33:53.100-06:00  INFO 9020 --- [johnson-sistema] [restartedMain] j.LocalContainerEntityManagerFactoryBean : Initialized JPA EntityManagerFactory for persistence unit 'default'
2026-03-17T12:33:53.648-06:00  INFO 9020 --- [johnson-sistema] [restartedMain] o.s.d.j.r.query.QueryEnhancerFactory     : Hibernate is in classpath; If applicable, HQL parser will be used.
2026-03-17T12:33:56.461-06:00  WARN 9020 --- [johnson-sistema] [restartedMain] JpaBaseConfiguration$JpaWebConfiguration : spring.jpa.open-in-view is enabled by default. Therefore, database queries may be performed during view rendering. Explicitly configure spring.jpa.open-in-view to disable this warning
2026-03-17T12:33:56.695-06:00  INFO 9020 --- [johnson-sistema] [restartedMain] o.s.b.a.w.s.WelcomePageHandlerMapping    : Adding welcome page template: index
2026-03-17T12:33:56.927-06:00  INFO 9020 --- [johnson-sistema] [restartedMain] r$InitializeUserDetailsManagerConfigurer : Global AuthenticationManager configured with UserDetailsService bean with name detallesUsuarioServicio
2026-03-17T12:33:57.925-06:00  INFO 9020 --- [johnson-sistema] [restartedMain] o.s.b.d.a.OptionalLiveReloadServer       : LiveReload server is running on port 35729
2026-03-17T12:33:57.979-06:00  INFO 9020 --- [johnson-sistema] [restartedMain] o.s.m.s.b.SimpleBrokerMessageHandler     : Starting...
2026-03-17T12:33:57.985-06:00  INFO 9020 --- [johnson-sistema] [restartedMain] o.s.m.s.b.SimpleBrokerMessageHandler     : BrokerAvailabilityEvent[available=true, SimpleBrokerMessageHandler [org.springframework.messaging.simp.broker.DefaultSubscriptionRegistry@19d54177]]
2026-03-17T12:33:57.990-06:00  INFO 9020 --- [johnson-sistema] [restartedMain] o.s.m.s.b.SimpleBrokerMessageHandler     : Started.
2026-03-17T12:33:58.047-06:00  INFO 9020 --- [johnson-sistema] [restartedMain] o.s.b.w.embedded.tomcat.TomcatWebServer  : Tomcat started on port 8081 (http) with context path '/'
2026-03-17T12:33:58.084-06:00  INFO 9020 --- [johnson-sistema] [restartedMain] c.j.practica.JohnsonSistemaApplication   : Started JohnsonSistemaApplication in 23.793 seconds (process running for 25.61)
2026-03-17T12:33:58.780-06:00  INFO 9020 --- [johnson-sistema] [restartedMain] c.johnson.practica.config.CargadorDatos  : Cargando datos iniciales...
2026-03-17T12:33:58.961-06:00  INFO 9020 --- [johnson-sistema] [restartedMain] c.johnson.practica.config.CargadorDatos  : Creando usuario 'admin'...
2026-03-17T12:33:59.174-06:00  INFO 9020 --- [johnson-sistema] [restartedMain] c.johnson.practica.config.CargadorDatos  : Usuario 'admin' creado y guardado. DEBE CAMBIAR CONTRASEÑA.
2026-03-17T12:33:59.239-06:00  INFO 9020 --- [johnson-sistema] [restartedMain] c.johnson.practica.config.CargadorDatos  : Creando usuario 'visitante'...
2026-03-17T12:33:59.489-06:00  INFO 9020 --- [johnson-sistema] [restartedMain] c.johnson.practica.config.CargadorDatos  : Usuario 'visitante' creado y guardado.
2026-03-17T12:34:06.231-06:00  INFO 9020 --- [johnson-sistema] [http-nio-8081-exec-1] o.a.c.c.C.[Tomcat].[localhost].[/]       : Initializing Spring DispatcherServlet 'dispatcherServlet'
2026-03-17T12:34:06.233-06:00  INFO 9020 --- [johnson-sistema] [http-nio-8081-exec-1] o.s.web.servlet.DispatcherServlet        : Initializing Servlet 'dispatcherServlet'
2026-03-17T12:34:06.249-06:00  INFO 9020 --- [johnson-sistema] [http-nio-8081-exec-1] o.s.web.servlet.DispatcherServlet        : Completed initialization in 10 ms
2026-03-17T12:34:57.993-06:00  INFO 9020 --- [johnson-sistema] [MessageBroker-1] o.s.w.s.c.WebSocketMessageBrokerStats    : WebSocketSession[0 current WS(0)-HttpStream(0)-HttpPoll(0), 0 total, 0 closed abnormally (0 connect failure, 0 send limit, 0 transport error)], stompSubProtocol[processed CONNECT(0)-CONNECTED(0)-DISCONNECT(0)], stompBrokerRelay[null], inboundChannel[pool size = 0, active threads = 0, queued tasks = 0, completed tasks = 0], outboundChannel[pool size = 0, active threads = 0, queued tasks = 0, completed tasks = 0], sockJsScheduler[pool size = 3, active threads = 1, queued tasks = 2, completed tasks = 0]
2026-03-17T12:37:33.657-06:00  INFO 9020 --- [johnson-sistema] [File Watcher] rtingClassPathChangeChangedEventListener : Restarting due to 7 class path changes (0 additions, 0 deletions, 7 modifications)
2026-03-17T12:37:33.670-06:00  INFO 9020 --- [johnson-sistema] [Thread-6] o.s.b.w.e.tomcat.GracefulShutdown        : Commencing graceful shutdown. Waiting for active requests to complete
2026-03-17T12:37:35.348-06:00  INFO 9020 --- [johnson-sistema] [tomcat-shutdown] o.s.b.w.e.tomcat.GracefulShutdown        : Graceful shutdown complete
2026-03-17T12:37:35.353-06:00  INFO 9020 --- [johnson-sistema] [Thread-6] o.s.m.s.b.SimpleBrokerMessageHandler     : Stopping...
2026-03-17T12:37:35.354-06:00  INFO 9020 --- [johnson-sistema] [Thread-6] o.s.m.s.b.SimpleBrokerMessageHandler     : BrokerAvailabilityEvent[available=false, SimpleBrokerMessageHandler [org.springframework.messaging.simp.broker.DefaultSubscriptionRegistry@19d54177]]
2026-03-17T12:37:35.355-06:00  INFO 9020 --- [johnson-sistema] [Thread-6] o.s.m.s.b.SimpleBrokerMessageHandler     : Stopped.
2026-03-17T12:37:35.363-06:00  INFO 9020 --- [johnson-sistema] [Thread-6] j.LocalContainerEntityManagerFactoryBean : Closing JPA EntityManagerFactory for persistence unit 'default'
2026-03-17T12:37:35.363-06:00  INFO 9020 --- [johnson-sistema] [Thread-6] com.zaxxer.hikari.HikariDataSource       : HikariPool-1 - Shutdown initiated...
2026-03-17T12:37:35.393-06:00  INFO 9020 --- [johnson-sistema] [Thread-6] com.zaxxer.hikari.HikariDataSource       : HikariPool-1 - Shutdown completed.
2026-03-17T12:37:35.801-06:00  INFO 9020 --- [johnson-sistema] [restartedMain] c.j.practica.JohnsonSistemaApplication   : Starting JohnsonSistemaApplication using Java 17.0.12 with PID 9020 (C:\Users\User\OneDrive\Escritorio\Escuela\PRACTICAS\Sistema_Johnson\johnson-sistema\target\classes started by Franco in C:\Users\User\OneDrive\Escritorio\Escuela\PRACTICAS\Sistema_Johnson\johnson-sistema)
2026-03-17T12:37:35.804-06:00  INFO 9020 --- [johnson-sistema] [restartedMain] c.j.practica.JohnsonSistemaApplication   : No active profile set, falling back to 1 default profile: "default"
2026-03-17T12:37:36.850-06:00  INFO 9020 --- [johnson-sistema] [restartedMain] .s.d.r.c.RepositoryConfigurationDelegate : Bootstrapping Spring Data JPA repositories in DEFAULT mode.
2026-03-17T12:37:36.944-06:00  INFO 9020 --- [johnson-sistema] [restartedMain] .s.d.r.c.RepositoryConfigurationDelegate : Finished Spring Data repository scanning in 88 ms. Found 10 JPA repository interfaces.
2026-03-17T12:37:37.774-06:00  INFO 9020 --- [johnson-sistema] [restartedMain] o.s.b.w.embedded.tomcat.TomcatWebServer  : Tomcat initialized with port 8081 (http)
2026-03-17T12:37:37.776-06:00  INFO 9020 --- [johnson-sistema] [restartedMain] o.apache.catalina.core.StandardService   : Starting service [Tomcat]
2026-03-17T12:37:37.777-06:00  INFO 9020 --- [johnson-sistema] [restartedMain] o.apache.catalina.core.StandardEngine    : Starting Servlet engine: [Apache Tomcat/10.1.50]
2026-03-17T12:37:37.861-06:00  INFO 9020 --- [johnson-sistema] [restartedMain] o.a.c.c.C.[Tomcat].[localhost].[/]       : Initializing Spring embedded WebApplicationContext
2026-03-17T12:37:37.862-06:00  INFO 9020 --- [johnson-sistema] [restartedMain] w.s.c.ServletWebServerApplicationContext : Root WebApplicationContext: initialization completed in 2046 ms
2026-03-17T12:37:38.082-06:00  INFO 9020 --- [johnson-sistema] [restartedMain] com.zaxxer.hikari.HikariDataSource       : HikariPool-2 - Starting...
2026-03-17T12:37:38.384-06:00  INFO 9020 --- [johnson-sistema] [restartedMain] com.zaxxer.hikari.pool.HikariPool        : HikariPool-2 - Added connection org.postgresql.jdbc.PgConnection@62638afb
2026-03-17T12:37:38.388-06:00  INFO 9020 --- [johnson-sistema] [restartedMain] com.zaxxer.hikari.HikariDataSource       : HikariPool-2 - Start completed.
2026-03-17T12:37:38.441-06:00  INFO 9020 --- [johnson-sistema] [restartedMain] liquibase.database                       : Set default schema name to public
2026-03-17T12:37:38.680-06:00  INFO 9020 --- [johnson-sistema] [restartedMain] liquibase.changelog                      : Reading from public.databasechangelog
2026-03-17T12:37:38.717-06:00  INFO 9020 --- [johnson-sistema] [restartedMain] liquibase.ui                             : Database is up to date, no changesets to execute
2026-03-17T12:37:38.721-06:00  INFO 9020 --- [johnson-sistema] [restartedMain] liquibase.changelog                      : Reading from public.databasechangelog
2026-03-17T12:37:38.730-06:00  INFO 9020 --- [johnson-sistema] [restartedMain] liquibase.util                           : UPDATE SUMMARY
2026-03-17T12:37:38.731-06:00  INFO 9020 --- [johnson-sistema] [restartedMain] liquibase.util                           : Run:                          0
2026-03-17T12:37:38.732-06:00  INFO 9020 --- [johnson-sistema] [restartedMain] liquibase.util                           : Previously run:               1
2026-03-17T12:37:38.733-06:00  INFO 9020 --- [johnson-sistema] [restartedMain] liquibase.util                           : Filtered out:                 0
2026-03-17T12:37:38.734-06:00  INFO 9020 --- [johnson-sistema] [restartedMain] liquibase.util                           : -------------------------------
2026-03-17T12:37:38.734-06:00  INFO 9020 --- [johnson-sistema] [restartedMain] liquibase.util                           : Total change sets:            1
2026-03-17T12:37:38.735-06:00  INFO 9020 --- [johnson-sistema] [restartedMain] liquibase.util                           : Update summary generated
2026-03-17T12:37:38.736-06:00  INFO 9020 --- [johnson-sistema] [restartedMain] liquibase.command                        : Command execution complete
2026-03-17T12:37:38.888-06:00  INFO 9020 --- [johnson-sistema] [restartedMain] o.hibernate.jpa.internal.util.LogHelper  : HHH000204: Processing PersistenceUnitInfo [name: default]
2026-03-17T12:37:38.956-06:00  INFO 9020 --- [johnson-sistema] [restartedMain] o.h.c.internal.RegionFactoryInitiator    : HHH000026: Second-level cache disabled
2026-03-17T12:37:39.082-06:00  INFO 9020 --- [johnson-sistema] [restartedMain] o.s.o.j.p.SpringPersistenceUnitInfo      : No LoadTimeWeaver setup: ignoring JPA class transformer
2026-03-17T12:37:39.135-06:00  WARN 9020 --- [johnson-sistema] [restartedMain] org.hibernate.orm.deprecation            : HHH90000025: PostgreSQLDialect does not need to be specified explicitly using 'hibernate.dialect' (remove the property setting and it will be selected by default)
2026-03-17T12:37:39.215-06:00  INFO 9020 --- [johnson-sistema] [restartedMain] org.hibernate.orm.connections.pooling    : HHH10001005: Database info:
	Database JDBC URL [Connecting through datasource 'HikariDataSource (HikariPool-2)']
	Database driver: undefined/unknown
	Database version: 15.17
	Autocommit mode: undefined/unknown
	Isolation level: undefined/unknown
	Minimum pool size: undefined/unknown
	Maximum pool size: undefined/unknown
2026-03-17T12:37:39.789-06:00  INFO 9020 --- [johnson-sistema] [restartedMain] o.h.e.t.j.p.i.JtaPlatformInitiator       : HHH000489: No JTA platform available (set 'hibernate.transaction.jta.platform' to enable JTA platform integration)
2026-03-17T12:37:39.855-06:00  INFO 9020 --- [johnson-sistema] [restartedMain] j.LocalContainerEntityManagerFactoryBean : Initialized JPA EntityManagerFactory for persistence unit 'default'
2026-03-17T12:37:41.714-06:00  WARN 9020 --- [johnson-sistema] [restartedMain] JpaBaseConfiguration$JpaWebConfiguration : spring.jpa.open-in-view is enabled by default. Therefore, database queries may be performed during view rendering. Explicitly configure spring.jpa.open-in-view to disable this warning
2026-03-17T12:37:41.901-06:00  INFO 9020 --- [johnson-sistema] [restartedMain] o.s.b.a.w.s.WelcomePageHandlerMapping    : Adding welcome page template: index
2026-03-17T12:37:42.273-06:00  INFO 9020 --- [johnson-sistema] [restartedMain] r$InitializeUserDetailsManagerConfigurer : Global AuthenticationManager configured with UserDetailsService bean with name detallesUsuarioServicio
2026-03-17T12:37:42.933-06:00  INFO 9020 --- [johnson-sistema] [restartedMain] o.s.b.d.a.OptionalLiveReloadServer       : LiveReload server is running on port 35729
2026-03-17T12:37:42.960-06:00  INFO 9020 --- [johnson-sistema] [restartedMain] o.s.m.s.b.SimpleBrokerMessageHandler     : Starting...
2026-03-17T12:37:42.960-06:00  INFO 9020 --- [johnson-sistema] [restartedMain] o.s.m.s.b.SimpleBrokerMessageHandler     : BrokerAvailabilityEvent[available=true, SimpleBrokerMessageHandler [org.springframework.messaging.simp.broker.DefaultSubscriptionRegistry@7c0b4b1a]]
2026-03-17T12:37:42.973-06:00  INFO 9020 --- [johnson-sistema] [restartedMain] o.s.m.s.b.SimpleBrokerMessageHandler     : Started.
2026-03-17T12:37:42.982-06:00  INFO 9020 --- [johnson-sistema] [restartedMain] o.s.b.w.embedded.tomcat.TomcatWebServer  : Tomcat started on port 8081 (http) with context path '/'
2026-03-17T12:37:42.988-06:00  INFO 9020 --- [johnson-sistema] [restartedMain] c.j.practica.JohnsonSistemaApplication   : Started JohnsonSistemaApplication in 7.299 seconds (process running for 250.524)
2026-03-17T12:37:43.005-06:00  INFO 9020 --- [johnson-sistema] [restartedMain] c.johnson.practica.config.CargadorDatos  : Cargando datos iniciales...
2026-03-17T12:37:44.127-06:00  INFO 9020 --- [johnson-sistema] [restartedMain] .ConditionEvaluationDeltaLoggingListener : Condition evaluation unchanged
2026-03-17T12:38:42.972-06:00  INFO 9020 --- [johnson-sistema] [MessageBroker-1] o.s.w.s.c.WebSocketMessageBrokerStats    : WebSocketSession[0 current WS(0)-HttpStream(0)-HttpPoll(0), 0 total, 0 closed abnormally (0 connect failure, 0 send limit, 0 transport error)], stompSubProtocol[processed CONNECT(0)-CONNECTED(0)-DISCONNECT(0)], stompBrokerRelay[null], inboundChannel[pool size = 0, active threads = 0, queued tasks = 0, completed tasks = 0], outboundChannel[pool size = 0, active threads = 0, queued tasks = 0, completed tasks = 0], sockJsScheduler[pool size = 3, active threads = 1, queued tasks = 2, completed tasks = 0]
2026-03-17T12:39:00.494-06:00  INFO 9020 --- [johnson-sistema] [http-nio-8081-exec-1] o.a.c.c.C.[Tomcat].[localhost].[/]       : Initializing Spring DispatcherServlet 'dispatcherServlet'
2026-03-17T12:39:00.502-06:00  INFO 9020 --- [johnson-sistema] [http-nio-8081-exec-1] o.s.web.servlet.DispatcherServlet        : Initializing Servlet 'dispatcherServlet'
2026-03-17T12:39:00.511-06:00  INFO 9020 --- [johnson-sistema] [http-nio-8081-exec-1] o.s.web.servlet.DispatcherServlet        : Completed initialization in 5 ms
2026-03-17T12:39:04.109-06:00  WARN 9020 --- [johnson-sistema] [http-nio-8081-exec-5] o.h.engine.jdbc.spi.SqlExceptionHelper   : SQL Error: 0, SQLState: 25006
2026-03-17T12:39:04.110-06:00 ERROR 9020 --- [johnson-sistema] [http-nio-8081-exec-5] o.h.engine.jdbc.spi.SqlExceptionHelper   : ERROR: cannot execute INSERT in a read-only transaction
2026-03-17T12:39:04.153-06:00 ERROR 9020 --- [johnson-sistema] [http-nio-8081-exec-5] o.a.c.c.C.[.[.[/].[dispatcherServlet]    : Servlet.service() for servlet [dispatcherServlet] in context with path [] threw exception [Request processing failed: org.springframework.orm.jpa.JpaSystemException: could not execute statement [ERROR: cannot execute INSERT in a read-only transaction] [insert into elemento_checklist (catalogo_id,champion,codigo,comentario,control_entregable,es_main_event,estado,etapa_visual,fase,fecha_plan,fecha_real,grupo,nombre,proyecto_id,score,tipo_input) values (?,?,?,?,?,?,?,?,?,?,?,?,?,?,?,?)]] with root cause

org.postgresql.util.PSQLException: ERROR: cannot execute INSERT in a read-only transaction
	at org.postgresql.core.v3.QueryExecutorImpl.receiveErrorResponse(QueryExecutorImpl.java:2846) ~[postgresql-42.7.9.jar:42.7.9]
	at org.postgresql.core.v3.QueryExecutorImpl.processResults(QueryExecutorImpl.java:2531) ~[postgresql-42.7.9.jar:42.7.9]
	at org.postgresql.core.v3.QueryExecutorImpl.execute(QueryExecutorImpl.java:429) ~[postgresql-42.7.9.jar:42.7.9]
	at org.postgresql.jdbc.PgStatement.executeInternal(PgStatement.java:526) ~[postgresql-42.7.9.jar:42.7.9]
	at org.postgresql.jdbc.PgStatement.execute(PgStatement.java:436) ~[postgresql-42.7.9.jar:42.7.9]
	at org.postgresql.jdbc.PgPreparedStatement.executeWithFlags(PgPreparedStatement.java:196) ~[postgresql-42.7.9.jar:42.7.9]
	at org.postgresql.jdbc.PgPreparedStatement.executeUpdate(PgPreparedStatement.java:157) ~[postgresql-42.7.9.jar:42.7.9]
	at com.zaxxer.hikari.pool.ProxyPreparedStatement.executeUpdate(ProxyPreparedStatement.java:61) ~[HikariCP-6.3.3.jar:na]
	at com.zaxxer.hikari.pool.HikariProxyPreparedStatement.executeUpdate(HikariProxyPreparedStatement.java) ~[HikariCP-6.3.3.jar:na]
	at org.hibernate.engine.jdbc.internal.ResultSetReturnImpl.executeUpdate(ResultSetReturnImpl.java:194) ~[hibernate-core-6.6.41.Final.jar:6.6.41.Final]
	at org.hibernate.id.insert.GetGeneratedKeysDelegate.performMutation(GetGeneratedKeysDelegate.java:116) ~[hibernate-core-6.6.41.Final.jar:6.6.41.Final]
	at org.hibernate.engine.jdbc.mutation.internal.MutationExecutorSingleNonBatched.performNonBatchedOperations(MutationExecutorSingleNonBatched.java:47) ~[hibernate-core-6.6.41.Final.jar:6.6.41.Final]
	at org.hibernate.engine.jdbc.mutation.internal.AbstractMutationExecutor.execute(AbstractMutationExecutor.java:55) ~[hibernate-core-6.6.41.Final.jar:6.6.41.Final]
	at org.hibernate.persister.entity.mutation.InsertCoordinatorStandard.doStaticInserts(InsertCoordinatorStandard.java:194) ~[hibernate-core-6.6.41.Final.jar:6.6.41.Final]
	at org.hibernate.persister.entity.mutation.InsertCoordinatorStandard.coordinateInsert(InsertCoordinatorStandard.java:132) ~[hibernate-core-6.6.41.Final.jar:6.6.41.Final]
	at org.hibernate.persister.entity.mutation.InsertCoordinatorStandard.insert(InsertCoordinatorStandard.java:95) ~[hibernate-core-6.6.41.Final.jar:6.6.41.Final]
	at org.hibernate.action.internal.EntityIdentityInsertAction.execute(EntityIdentityInsertAction.java:85) ~[hibernate-core-6.6.41.Final.jar:6.6.41.Final]
	at org.hibernate.engine.spi.ActionQueue.execute(ActionQueue.java:682) ~[hibernate-core-6.6.41.Final.jar:6.6.41.Final]
	at org.hibernate.engine.spi.ActionQueue.addResolvedEntityInsertAction(ActionQueue.java:293) ~[hibernate-core-6.6.41.Final.jar:6.6.41.Final]
	at org.hibernate.engine.spi.ActionQueue.addInsertAction(ActionQueue.java:274) ~[hibernate-core-6.6.41.Final.jar:6.6.41.Final]
	at org.hibernate.engine.spi.ActionQueue.addAction(ActionQueue.java:324) ~[hibernate-core-6.6.41.Final.jar:6.6.41.Final]
	at org.hibernate.event.internal.AbstractSaveEventListener.addInsertAction(AbstractSaveEventListener.java:394) ~[hibernate-core-6.6.41.Final.jar:6.6.41.Final]
	at org.hibernate.event.internal.AbstractSaveEventListener.performSaveOrReplicate(AbstractSaveEventListener.java:308) ~[hibernate-core-6.6.41.Final.jar:6.6.41.Final]
	at org.hibernate.event.internal.AbstractSaveEventListener.performSave(AbstractSaveEventListener.java:224) ~[hibernate-core-6.6.41.Final.jar:6.6.41.Final]
	at org.hibernate.event.internal.AbstractSaveEventListener.saveWithGeneratedId(AbstractSaveEventListener.java:136) ~[hibernate-core-6.6.41.Final.jar:6.6.41.Final]
	at org.hibernate.event.internal.DefaultPersistEventListener.entityIsTransient(DefaultPersistEventListener.java:177) ~[hibernate-core-6.6.41.Final.jar:6.6.41.Final]
	at org.hibernate.event.internal.DefaultPersistEventListener.persist(DefaultPersistEventListener.java:95) ~[hibernate-core-6.6.41.Final.jar:6.6.41.Final]
	at org.hibernate.event.internal.DefaultPersistEventListener.onPersist(DefaultPersistEventListener.java:79) ~[hibernate-core-6.6.41.Final.jar:6.6.41.Final]
	at org.hibernate.event.internal.DefaultPersistEventListener.onPersist(DefaultPersistEventListener.java:55) ~[hibernate-core-6.6.41.Final.jar:6.6.41.Final]
	at org.hibernate.event.service.internal.EventListenerGroupImpl.fireEventOnEachListener(EventListenerGroupImpl.java:127) ~[hibernate-core-6.6.41.Final.jar:6.6.41.Final]
	at org.hibernate.internal.SessionImpl.firePersist(SessionImpl.java:761) ~[hibernate-core-6.6.41.Final.jar:6.6.41.Final]
	at org.hibernate.internal.SessionImpl.persist(SessionImpl.java:745) ~[hibernate-core-6.6.41.Final.jar:6.6.41.Final]
	at jdk.internal.reflect.GeneratedMethodAccessor112.invoke(Unknown Source) ~[na:na]
	at java.base/jdk.internal.reflect.DelegatingMethodAccessorImpl.invoke(DelegatingMethodAccessorImpl.java:43) ~[na:na]
	at java.base/java.lang.reflect.Method.invoke(Method.java:568) ~[na:na]
	at org.springframework.orm.jpa.ExtendedEntityManagerCreator$ExtendedEntityManagerInvocationHandler.invoke(ExtendedEntityManagerCreator.java:364) ~[spring-orm-6.2.15.jar:6.2.15]
	at jdk.proxy5/jdk.proxy5.$Proxy176.persist(Unknown Source) ~[na:na]
	at jdk.internal.reflect.GeneratedMethodAccessor112.invoke(Unknown Source) ~[na:na]
	at java.base/jdk.internal.reflect.DelegatingMethodAccessorImpl.invoke(DelegatingMethodAccessorImpl.java:43) ~[na:na]
	at java.base/java.lang.reflect.Method.invoke(Method.java:568) ~[na:na]
	at org.springframework.orm.jpa.SharedEntityManagerCreator$SharedEntityManagerInvocationHandler.invoke(SharedEntityManagerCreator.java:320) ~[spring-orm-6.2.15.jar:6.2.15]
	at jdk.proxy5/jdk.proxy5.$Proxy176.persist(Unknown Source) ~[na:na]
	at org.springframework.data.jpa.repository.support.SimpleJpaRepository.save(SimpleJpaRepository.java:654) ~[spring-data-jpa-3.5.8.jar:3.5.8]
	at org.springframework.data.jpa.repository.support.SimpleJpaRepository.saveAll(SimpleJpaRepository.java:680) ~[spring-data-jpa-3.5.8.jar:3.5.8]
	at java.base/jdk.internal.reflect.NativeMethodAccessorImpl.invoke0(Native Method) ~[na:na]
	at java.base/jdk.internal.reflect.NativeMethodAccessorImpl.invoke(NativeMethodAccessorImpl.java:77) ~[na:na]
	at java.base/jdk.internal.reflect.DelegatingMethodAccessorImpl.invoke(DelegatingMethodAccessorImpl.java:43) ~[na:na]
	at java.base/java.lang.reflect.Method.invoke(Method.java:568) ~[na:na]
	at org.springframework.aop.support.AopUtils.invokeJoinpointUsingReflection(AopUtils.java:360) ~[spring-aop-6.2.15.jar:6.2.15]
	at org.springframework.data.repository.core.support.RepositoryMethodInvoker$RepositoryFragmentMethodInvoker.lambda$new$0(RepositoryMethodInvoker.java:277) ~[spring-data-commons-3.5.8.jar:3.5.8]
	at org.springframework.data.repository.core.support.RepositoryMethodInvoker.doInvoke(RepositoryMethodInvoker.java:170) ~[spring-data-commons-3.5.8.jar:3.5.8]
	at org.springframework.data.repository.core.support.RepositoryMethodInvoker.invoke(RepositoryMethodInvoker.java:158) ~[spring-data-commons-3.5.8.jar:3.5.8]
	at org.springframework.data.repository.core.support.RepositoryComposition$RepositoryFragments.invoke(RepositoryComposition.java:515) ~[spring-data-commons-3.5.8.jar:3.5.8]
	at org.springframework.data.repository.core.support.RepositoryComposition.invoke(RepositoryComposition.java:284) ~[spring-data-commons-3.5.8.jar:3.5.8]
	at org.springframework.data.repository.core.support.RepositoryFactorySupport$ImplementationMethodExecutionInterceptor.invoke(RepositoryFactorySupport.java:720) ~[spring-data-commons-3.5.8.jar:3.5.8]
	at org.springframework.aop.framework.ReflectiveMethodInvocation.proceed(ReflectiveMethodInvocation.java:184) ~[spring-aop-6.2.15.jar:6.2.15]
	at org.springframework.data.repository.core.support.QueryExecutorMethodInterceptor.doInvoke(QueryExecutorMethodInterceptor.java:174) ~[spring-data-commons-3.5.8.jar:3.5.8]
	at org.springframework.data.repository.core.support.QueryExecutorMethodInterceptor.invoke(QueryExecutorMethodInterceptor.java:149) ~[spring-data-commons-3.5.8.jar:3.5.8]
	at org.springframework.aop.framework.ReflectiveMethodInvocation.proceed(ReflectiveMethodInvocation.java:184) ~[spring-aop-6.2.15.jar:6.2.15]
	at org.springframework.data.projection.DefaultMethodInvokingMethodInterceptor.invoke(DefaultMethodInvokingMethodInterceptor.java:69) ~[spring-data-commons-3.5.8.jar:3.5.8]
	at org.springframework.aop.framework.ReflectiveMethodInvocation.proceed(ReflectiveMethodInvocation.java:184) ~[spring-aop-6.2.15.jar:6.2.15]
	at org.springframework.transaction.interceptor.TransactionAspectSupport.invokeWithinTransaction(TransactionAspectSupport.java:380) ~[spring-tx-6.2.15.jar:6.2.15]
	at org.springframework.transaction.interceptor.TransactionInterceptor.invoke(TransactionInterceptor.java:119) ~[spring-tx-6.2.15.jar:6.2.15]
	at org.springframework.aop.framework.ReflectiveMethodInvocation.proceed(ReflectiveMethodInvocation.java:184) ~[spring-aop-6.2.15.jar:6.2.15]
	at org.springframework.dao.support.PersistenceExceptionTranslationInterceptor.invoke(PersistenceExceptionTranslationInterceptor.java:138) ~[spring-tx-6.2.15.jar:6.2.15]
	at org.springframework.aop.framework.ReflectiveMethodInvocation.proceed(ReflectiveMethodInvocation.java:184) ~[spring-aop-6.2.15.jar:6.2.15]
	at org.springframework.data.jpa.repository.support.CrudMethodMetadataPostProcessor$CrudMethodMetadataPopulatingMethodInterceptor.invoke(CrudMethodMetadataPostProcessor.java:165) ~[spring-data-jpa-3.5.8.jar:3.5.8]
	at org.springframework.aop.framework.ReflectiveMethodInvocation.proceed(ReflectiveMethodInvocation.java:184) ~[spring-aop-6.2.15.jar:6.2.15]
	at org.springframework.aop.framework.JdkDynamicAopProxy.invoke(JdkDynamicAopProxy.java:223) ~[spring-aop-6.2.15.jar:6.2.15]
	at jdk.proxy5/jdk.proxy5.$Proxy180.saveAll(Unknown Source) ~[na:na]
	at com.johnson.practica.servicio.ChecklistServicio.obtenerPorProyectoId(ChecklistServicio.java:88) ~[classes/:na]
	at java.base/jdk.internal.reflect.NativeMethodAccessorImpl.invoke0(Native Method) ~[na:na]
	at java.base/jdk.internal.reflect.NativeMethodAccessorImpl.invoke(NativeMethodAccessorImpl.java:77) ~[na:na]
	at java.base/jdk.internal.reflect.DelegatingMethodAccessorImpl.invoke(DelegatingMethodAccessorImpl.java:43) ~[na:na]
	at java.base/java.lang.reflect.Method.invoke(Method.java:568) ~[na:na]
	at org.springframework.aop.support.AopUtils.invokeJoinpointUsingReflection(AopUtils.java:360) ~[spring-aop-6.2.15.jar:6.2.15]
	at org.springframework.aop.framework.ReflectiveMethodInvocation.invokeJoinpoint(ReflectiveMethodInvocation.java:196) ~[spring-aop-6.2.15.jar:6.2.15]
	at org.springframework.aop.framework.ReflectiveMethodInvocation.proceed(ReflectiveMethodInvocation.java:163) ~[spring-aop-6.2.15.jar:6.2.15]
	at org.springframework.transaction.interceptor.TransactionAspectSupport.invokeWithinTransaction(TransactionAspectSupport.java:380) ~[spring-tx-6.2.15.jar:6.2.15]
	at org.springframework.transaction.interceptor.TransactionInterceptor.invoke(TransactionInterceptor.java:119) ~[spring-tx-6.2.15.jar:6.2.15]
	at org.springframework.aop.framework.ReflectiveMethodInvocation.proceed(ReflectiveMethodInvocation.java:184) ~[spring-aop-6.2.15.jar:6.2.15]
	at org.springframework.aop.framework.CglibAopProxy$DynamicAdvisedInterceptor.intercept(CglibAopProxy.java:728) ~[spring-aop-6.2.15.jar:6.2.15]
	at com.johnson.practica.servicio.ChecklistServicio$$SpringCGLIB$$0.obtenerPorProyectoId(<generated>) ~[classes/:na]
	at com.johnson.practica.controlador.ProyectoControlador.verChecklist(ProyectoControlador.java:66) ~[classes/:na]
	at java.base/jdk.internal.reflect.NativeMethodAccessorImpl.invoke0(Native Method) ~[na:na]
	at java.base/jdk.internal.reflect.NativeMethodAccessorImpl.invoke(NativeMethodAccessorImpl.java:77) ~[na:na]
	at java.base/jdk.internal.reflect.DelegatingMethodAccessorImpl.invoke(DelegatingMethodAccessorImpl.java:43) ~[na:na]
	at java.base/java.lang.reflect.Method.invoke(Method.java:568) ~[na:na]
	at org.springframework.aop.support.AopUtils.invokeJoinpointUsingReflection(AopUtils.java:360) ~[spring-aop-6.2.15.jar:6.2.15]
	at org.springframework.aop.framework.ReflectiveMethodInvocation.invokeJoinpoint(ReflectiveMethodInvocation.java:196) ~[spring-aop-6.2.15.jar:6.2.15]
	at org.springframework.aop.framework.ReflectiveMethodInvocation.proceed(ReflectiveMethodInvocation.java:163) ~[spring-aop-6.2.15.jar:6.2.15]
	at org.springframework.transaction.interceptor.TransactionAspectSupport.invokeWithinTransaction(TransactionAspectSupport.java:380) ~[spring-tx-6.2.15.jar:6.2.15]
	at org.springframework.transaction.interceptor.TransactionInterceptor.invoke(TransactionInterceptor.java:119) ~[spring-tx-6.2.15.jar:6.2.15]
	at org.springframework.aop.framework.ReflectiveMethodInvocation.proceed(ReflectiveMethodInvocation.java:184) ~[spring-aop-6.2.15.jar:6.2.15]
	at org.springframework.aop.framework.CglibAopProxy$DynamicAdvisedInterceptor.intercept(CglibAopProxy.java:728) ~[spring-aop-6.2.15.jar:6.2.15]
	at com.johnson.practica.controlador.ProyectoControlador$$SpringCGLIB$$0.verChecklist(<generated>) ~[classes/:na]
	at java.base/jdk.internal.reflect.NativeMethodAccessorImpl.invoke0(Native Method) ~[na:na]
	at java.base/jdk.internal.reflect.NativeMethodAccessorImpl.invoke(NativeMethodAccessorImpl.java:77) ~[na:na]
	at java.base/jdk.internal.reflect.DelegatingMethodAccessorImpl.invoke(DelegatingMethodAccessorImpl.java:43) ~[na:na]
	at java.base/java.lang.reflect.Method.invoke(Method.java:568) ~[na:na]
	at org.springframework.web.method.support.InvocableHandlerMethod.doInvoke(InvocableHandlerMethod.java:258) ~[spring-web-6.2.15.jar:6.2.15]
	at org.springframework.web.method.support.InvocableHandlerMethod.invokeForRequest(InvocableHandlerMethod.java:191) ~[spring-web-6.2.15.jar:6.2.15]
	at org.springframework.web.servlet.mvc.method.annotation.ServletInvocableHandlerMethod.invokeAndHandle(ServletInvocableHandlerMethod.java:118) ~[spring-webmvc-6.2.15.jar:6.2.15]
	at org.springframework.web.servlet.mvc.method.annotation.RequestMappingHandlerAdapter.invokeHandlerMethod(RequestMappingHandlerAdapter.java:991) ~[spring-webmvc-6.2.15.jar:6.2.15]
	at org.springframework.web.servlet.mvc.method.annotation.RequestMappingHandlerAdapter.handleInternal(RequestMappingHandlerAdapter.java:896) ~[spring-webmvc-6.2.15.jar:6.2.15]
	at org.springframework.web.servlet.mvc.method.AbstractHandlerMethodAdapter.handle(AbstractHandlerMethodAdapter.java:87) ~[spring-webmvc-6.2.15.jar:6.2.15]
	at org.springframework.web.servlet.DispatcherServlet.doDispatch(DispatcherServlet.java:1089) ~[spring-webmvc-6.2.15.jar:6.2.15]
	at org.springframework.web.servlet.DispatcherServlet.doService(DispatcherServlet.java:979) ~[spring-webmvc-6.2.15.jar:6.2.15]
	at org.springframework.web.servlet.FrameworkServlet.processRequest(FrameworkServlet.java:1014) ~[spring-webmvc-6.2.15.jar:6.2.15]
	at org.springframework.web.servlet.FrameworkServlet.doGet(FrameworkServlet.java:903) ~[spring-webmvc-6.2.15.jar:6.2.15]
	at jakarta.servlet.http.HttpServlet.service(HttpServlet.java:564) ~[tomcat-embed-core-10.1.50.jar:6.0]
	at org.springframework.web.servlet.FrameworkServlet.service(FrameworkServlet.java:885) ~[spring-webmvc-6.2.15.jar:6.2.15]
	at jakarta.servlet.http.HttpServlet.service(HttpServlet.java:658) ~[tomcat-embed-core-10.1.50.jar:6.0]
	at org.apache.catalina.core.ApplicationFilterChain.internalDoFilter(ApplicationFilterChain.java:193) ~[tomcat-embed-core-10.1.50.jar:10.1.50]
	at org.apache.catalina.core.ApplicationFilterChain.doFilter(ApplicationFilterChain.java:138) ~[tomcat-embed-core-10.1.50.jar:10.1.50]
	at org.apache.tomcat.websocket.server.WsFilter.doFilter(WsFilter.java:51) ~[tomcat-embed-websocket-10.1.50.jar:10.1.50]
	at org.apache.catalina.core.ApplicationFilterChain.internalDoFilter(ApplicationFilterChain.java:162) ~[tomcat-embed-core-10.1.50.jar:10.1.50]
	at org.apache.catalina.core.ApplicationFilterChain.doFilter(ApplicationFilterChain.java:138) ~[tomcat-embed-core-10.1.50.jar:10.1.50]
	at org.springframework.web.filter.CompositeFilter$VirtualFilterChain.doFilter(CompositeFilter.java:108) ~[spring-web-6.2.15.jar:6.2.15]
	at org.springframework.web.filter.CompositeFilter$VirtualFilterChain.doFilter(CompositeFilter.java:108) ~[spring-web-6.2.15.jar:6.2.15]
	at org.springframework.security.web.FilterChainProxy.lambda$doFilterInternal$3(FilterChainProxy.java:231) ~[spring-security-web-6.5.7.jar:6.5.7]
	at org.springframework.security.web.FilterChainProxy$VirtualFilterChain.doFilter(FilterChainProxy.java:365) ~[spring-security-web-6.5.7.jar:6.5.7]
	at org.springframework.security.web.access.intercept.AuthorizationFilter.doFilter(AuthorizationFilter.java:101) ~[spring-security-web-6.5.7.jar:6.5.7]
	at org.springframework.security.web.FilterChainProxy$VirtualFilterChain.doFilter(FilterChainProxy.java:374) ~[spring-security-web-6.5.7.jar:6.5.7]
	at org.springframework.security.web.access.ExceptionTranslationFilter.doFilter(ExceptionTranslationFilter.java:125) ~[spring-security-web-6.5.7.jar:6.5.7]
	at org.springframework.security.web.access.ExceptionTranslationFilter.doFilter(ExceptionTranslationFilter.java:119) ~[spring-security-web-6.5.7.jar:6.5.7]
	at org.springframework.security.web.FilterChainProxy$VirtualFilterChain.doFilter(FilterChainProxy.java:374) ~[spring-security-web-6.5.7.jar:6.5.7]
	at org.springframework.security.web.authentication.AnonymousAuthenticationFilter.doFilter(AnonymousAuthenticationFilter.java:100) ~[spring-security-web-6.5.7.jar:6.5.7]
	at org.springframework.security.web.FilterChainProxy$VirtualFilterChain.doFilter(FilterChainProxy.java:374) ~[spring-security-web-6.5.7.jar:6.5.7]
	at org.springframework.security.web.servletapi.SecurityContextHolderAwareRequestFilter.doFilter(SecurityContextHolderAwareRequestFilter.java:179) ~[spring-security-web-6.5.7.jar:6.5.7]
	at org.springframework.security.web.FilterChainProxy$VirtualFilterChain.doFilter(FilterChainProxy.java:374) ~[spring-security-web-6.5.7.jar:6.5.7]
	at org.springframework.security.web.savedrequest.RequestCacheAwareFilter.doFilter(RequestCacheAwareFilter.java:63) ~[spring-security-web-6.5.7.jar:6.5.7]
	at org.springframework.security.web.FilterChainProxy$VirtualFilterChain.doFilter(FilterChainProxy.java:374) ~[spring-security-web-6.5.7.jar:6.5.7]
	at org.springframework.security.web.authentication.AbstractAuthenticationProcessingFilter.doFilter(AbstractAuthenticationProcessingFilter.java:235) ~[spring-security-web-6.5.7.jar:6.5.7]
	at org.springframework.security.web.authentication.AbstractAuthenticationProcessingFilter.doFilter(AbstractAuthenticationProcessingFilter.java:229) ~[spring-security-web-6.5.7.jar:6.5.7]
	at org.springframework.security.web.FilterChainProxy$VirtualFilterChain.doFilter(FilterChainProxy.java:374) ~[spring-security-web-6.5.7.jar:6.5.7]
	at org.springframework.security.web.authentication.logout.LogoutFilter.doFilter(LogoutFilter.java:107) ~[spring-security-web-6.5.7.jar:6.5.7]
	at org.springframework.security.web.authentication.logout.LogoutFilter.doFilter(LogoutFilter.java:93) ~[spring-security-web-6.5.7.jar:6.5.7]
	at org.springframework.security.web.FilterChainProxy$VirtualFilterChain.doFilter(FilterChainProxy.java:374) ~[spring-security-web-6.5.7.jar:6.5.7]
	at org.springframework.security.web.csrf.CsrfFilter.doFilterInternal(CsrfFilter.java:117) ~[spring-security-web-6.5.7.jar:6.5.7]
	at org.springframework.web.filter.OncePerRequestFilter.doFilter(OncePerRequestFilter.java:116) ~[spring-web-6.2.15.jar:6.2.15]
	at org.springframework.security.web.FilterChainProxy$VirtualFilterChain.doFilter(FilterChainProxy.java:374) ~[spring-security-web-6.5.7.jar:6.5.7]
	at org.springframework.security.web.header.HeaderWriterFilter.doHeadersAfter(HeaderWriterFilter.java:90) ~[spring-security-web-6.5.7.jar:6.5.7]
	at org.springframework.security.web.header.HeaderWriterFilter.doFilterInternal(HeaderWriterFilter.java:75) ~[spring-security-web-6.5.7.jar:6.5.7]
	at org.springframework.web.filter.OncePerRequestFilter.doFilter(OncePerRequestFilter.java:116) ~[spring-web-6.2.15.jar:6.2.15]
	at org.springframework.security.web.FilterChainProxy$VirtualFilterChain.doFilter(FilterChainProxy.java:374) ~[spring-security-web-6.5.7.jar:6.5.7]
	at org.springframework.security.web.context.SecurityContextHolderFilter.doFilter(SecurityContextHolderFilter.java:82) ~[spring-security-web-6.5.7.jar:6.5.7]
	at org.springframework.security.web.context.SecurityContextHolderFilter.doFilter(SecurityContextHolderFilter.java:69) ~[spring-security-web-6.5.7.jar:6.5.7]
	at org.springframework.security.web.FilterChainProxy$VirtualFilterChain.doFilter(FilterChainProxy.java:374) ~[spring-security-web-6.5.7.jar:6.5.7]
	at org.springframework.security.web.context.request.async.WebAsyncManagerIntegrationFilter.doFilterInternal(WebAsyncManagerIntegrationFilter.java:62) ~[spring-security-web-6.5.7.jar:6.5.7]
	at org.springframework.web.filter.OncePerRequestFilter.doFilter(OncePerRequestFilter.java:116) ~[spring-web-6.2.15.jar:6.2.15]
	at org.springframework.security.web.FilterChainProxy$VirtualFilterChain.doFilter(FilterChainProxy.java:374) ~[spring-security-web-6.5.7.jar:6.5.7]
	at org.springframework.security.web.session.DisableEncodeUrlFilter.doFilterInternal(DisableEncodeUrlFilter.java:42) ~[spring-security-web-6.5.7.jar:6.5.7]
	at org.springframework.web.filter.OncePerRequestFilter.doFilter(OncePerRequestFilter.java:116) ~[spring-web-6.2.15.jar:6.2.15]
	at org.springframework.security.web.FilterChainProxy$VirtualFilterChain.doFilter(FilterChainProxy.java:374) ~[spring-security-web-6.5.7.jar:6.5.7]
	at org.springframework.security.web.FilterChainProxy.doFilterInternal(FilterChainProxy.java:233) ~[spring-security-web-6.5.7.jar:6.5.7]
	at org.springframework.security.web.FilterChainProxy.doFilter(FilterChainProxy.java:191) ~[spring-security-web-6.5.7.jar:6.5.7]
	at org.springframework.web.filter.CompositeFilter$VirtualFilterChain.doFilter(CompositeFilter.java:113) ~[spring-web-6.2.15.jar:6.2.15]
	at org.springframework.web.filter.ServletRequestPathFilter.doFilter(ServletRequestPathFilter.java:52) ~[spring-web-6.2.15.jar:6.2.15]
	at org.springframework.web.filter.CompositeFilter$VirtualFilterChain.doFilter(CompositeFilter.java:113) ~[spring-web-6.2.15.jar:6.2.15]
	at org.springframework.web.filter.CompositeFilter.doFilter(CompositeFilter.java:74) ~[spring-web-6.2.15.jar:6.2.15]
	at org.springframework.security.config.annotation.web.configuration.WebSecurityConfiguration$CompositeFilterChainProxy.doFilter(WebSecurityConfiguration.java:319) ~[spring-security-config-6.5.7.jar:6.5.7]
	at org.springframework.web.filter.CompositeFilter$VirtualFilterChain.doFilter(CompositeFilter.java:113) ~[spring-web-6.2.15.jar:6.2.15]
	at org.springframework.web.servlet.handler.HandlerMappingIntrospector.lambda$createCacheFilter$4(HandlerMappingIntrospector.java:267) ~[spring-webmvc-6.2.15.jar:6.2.15]
	at org.springframework.web.filter.CompositeFilter$VirtualFilterChain.doFilter(CompositeFilter.java:113) ~[spring-web-6.2.15.jar:6.2.15]
	at org.springframework.web.filter.CompositeFilter.doFilter(CompositeFilter.java:74) ~[spring-web-6.2.15.jar:6.2.15]
	at org.springframework.security.config.annotation.web.configuration.WebMvcSecurityConfiguration$CompositeFilterChainProxy.doFilter(WebMvcSecurityConfiguration.java:240) ~[spring-security-config-6.5.7.jar:6.5.7]
	at org.springframework.web.filter.DelegatingFilterProxy.invokeDelegate(DelegatingFilterProxy.java:362) ~[spring-web-6.2.15.jar:6.2.15]
	at org.springframework.web.filter.DelegatingFilterProxy.doFilter(DelegatingFilterProxy.java:278) ~[spring-web-6.2.15.jar:6.2.15]
	at org.apache.catalina.core.ApplicationFilterChain.internalDoFilter(ApplicationFilterChain.java:162) ~[tomcat-embed-core-10.1.50.jar:10.1.50]
	at org.apache.catalina.core.ApplicationFilterChain.doFilter(ApplicationFilterChain.java:138) ~[tomcat-embed-core-10.1.50.jar:10.1.50]
	at org.springframework.web.filter.RequestContextFilter.doFilterInternal(RequestContextFilter.java:100) ~[spring-web-6.2.15.jar:6.2.15]
	at org.springframework.web.filter.OncePerRequestFilter.doFilter(OncePerRequestFilter.java:116) ~[spring-web-6.2.15.jar:6.2.15]
	at org.apache.catalina.core.ApplicationFilterChain.internalDoFilter(ApplicationFilterChain.java:162) ~[tomcat-embed-core-10.1.50.jar:10.1.50]
	at org.apache.catalina.core.ApplicationFilterChain.doFilter(ApplicationFilterChain.java:138) ~[tomcat-embed-core-10.1.50.jar:10.1.50]
	at org.springframework.web.filter.FormContentFilter.doFilterInternal(FormContentFilter.java:93) ~[spring-web-6.2.15.jar:6.2.15]
	at org.springframework.web.filter.OncePerRequestFilter.doFilter(OncePerRequestFilter.java:116) ~[spring-web-6.2.15.jar:6.2.15]
	at org.apache.catalina.core.ApplicationFilterChain.internalDoFilter(ApplicationFilterChain.java:162) ~[tomcat-embed-core-10.1.50.jar:10.1.50]
	at org.apache.catalina.core.ApplicationFilterChain.doFilter(ApplicationFilterChain.java:138) ~[tomcat-embed-core-10.1.50.jar:10.1.50]
	at org.springframework.web.filter.CharacterEncodingFilter.doFilterInternal(CharacterEncodingFilter.java:201) ~[spring-web-6.2.15.jar:6.2.15]
	at org.springframework.web.filter.OncePerRequestFilter.doFilter(OncePerRequestFilter.java:116) ~[spring-web-6.2.15.jar:6.2.15]
	at org.apache.catalina.core.ApplicationFilterChain.internalDoFilter(ApplicationFilterChain.java:162) ~[tomcat-embed-core-10.1.50.jar:10.1.50]
	at org.apache.catalina.core.ApplicationFilterChain.doFilter(ApplicationFilterChain.java:138) ~[tomcat-embed-core-10.1.50.jar:10.1.50]
	at org.apache.catalina.core.StandardWrapperValve.invoke(StandardWrapperValve.java:165) ~[tomcat-embed-core-10.1.50.jar:10.1.50]
	at org.apache.catalina.core.StandardContextValve.invoke(StandardContextValve.java:88) ~[tomcat-embed-core-10.1.50.jar:10.1.50]
	at org.apache.catalina.authenticator.AuthenticatorBase.invoke(AuthenticatorBase.java:482) ~[tomcat-embed-core-10.1.50.jar:10.1.50]
	at org.apache.catalina.core.StandardHostValve.invoke(StandardHostValve.java:113) ~[tomcat-embed-core-10.1.50.jar:10.1.50]
	at org.apache.catalina.valves.ErrorReportValve.invoke(ErrorReportValve.java:83) ~[tomcat-embed-core-10.1.50.jar:10.1.50]
	at org.apache.catalina.core.StandardEngineValve.invoke(StandardEngineValve.java:72) ~[tomcat-embed-core-10.1.50.jar:10.1.50]
	at org.apache.catalina.connector.CoyoteAdapter.service(CoyoteAdapter.java:342) ~[tomcat-embed-core-10.1.50.jar:10.1.50]
	at org.apache.coyote.http11.Http11Processor.service(Http11Processor.java:399) ~[tomcat-embed-core-10.1.50.jar:10.1.50]
	at org.apache.coyote.AbstractProcessorLight.process(AbstractProcessorLight.java:63) ~[tomcat-embed-core-10.1.50.jar:10.1.50]
	at org.apache.coyote.AbstractProtocol$ConnectionHandler.process(AbstractProtocol.java:903) ~[tomcat-embed-core-10.1.50.jar:10.1.50]
	at org.apache.tomcat.util.net.NioEndpoint$SocketProcessor.doRun(NioEndpoint.java:1774) ~[tomcat-embed-core-10.1.50.jar:10.1.50]
	at org.apache.tomcat.util.net.SocketProcessorBase.run(SocketProcessorBase.java:52) ~[tomcat-embed-core-10.1.50.jar:10.1.50]
	at org.apache.tomcat.util.threads.ThreadPoolExecutor.runWorker(ThreadPoolExecutor.java:973) ~[tomcat-embed-core-10.1.50.jar:10.1.50]
	at org.apache.tomcat.util.threads.ThreadPoolExecutor$Worker.run(ThreadPoolExecutor.java:491) ~[tomcat-embed-core-10.1.50.jar:10.1.50]
	at org.apache.tomcat.util.threads.TaskThread$WrappingRunnable.run(TaskThread.java:63) ~[tomcat-embed-core-10.1.50.jar:10.1.50]
	at java.base/java.lang.Thread.run(Thread.java:842) ~[na:na]

2026-03-17T12:39:16.363-06:00  INFO 9020 --- [johnson-sistema] [File Watcher] rtingClassPathChangeChangedEventListener : Restarting due to 1 class path change (0 additions, 0 deletions, 1 modification)
2026-03-17T12:39:16.558-06:00  INFO 9020 --- [johnson-sistema] [Thread-8] o.s.b.w.e.tomcat.GracefulShutdown        : Commencing graceful shutdown. Waiting for active requests to complete
2026-03-17T12:39:24.809-06:00  INFO 9020 --- [johnson-sistema] [tomcat-shutdown] o.s.b.w.e.tomcat.GracefulShutdown        : Graceful shutdown complete
2026-03-17T12:39:25.049-06:00  INFO 9020 --- [johnson-sistema] [Thread-8] o.s.m.s.b.SimpleBrokerMessageHandler     : Stopping...
2026-03-17T12:39:25.184-06:00  INFO 9020 --- [johnson-sistema] [Thread-8] o.s.m.s.b.SimpleBrokerMessageHandler     : BrokerAvailabilityEvent[available=false, SimpleBrokerMessageHandler [org.springframework.messaging.simp.broker.DefaultSubscriptionRegistry@7c0b4b1a]]
2026-03-17T12:39:25.320-06:00  INFO 9020 --- [johnson-sistema] [Thread-8] o.s.m.s.b.SimpleBrokerMessageHandler     : Stopped.
2026-03-17T12:39:25.633-06:00  INFO 9020 --- [johnson-sistema] [Thread-8] j.LocalContainerEntityManagerFactoryBean : Closing JPA EntityManagerFactory for persistence unit 'default'
2026-03-17T12:39:25.992-06:00  INFO 9020 --- [johnson-sistema] [Thread-8] com.zaxxer.hikari.HikariDataSource       : HikariPool-2 - Shutdown initiated...
2026-03-17T12:39:26.297-06:00  INFO 9020 --- [johnson-sistema] [Thread-8] com.zaxxer.hikari.HikariDataSource       : HikariPool-2 - Shutdown completed.
2026-03-17T12:39:27.597-06:00  INFO 9020 --- [johnson-sistema] [restartedMain] c.j.practica.JohnsonSistemaApplication   : Starting JohnsonSistemaApplication using Java 17.0.12 with PID 9020 (C:\Users\User\OneDrive\Escritorio\Escuela\PRACTICAS\Sistema_Johnson\johnson-sistema\target\classes started by Franco in C:\Users\User\OneDrive\Escritorio\Escuela\PRACTICAS\Sistema_Johnson\johnson-sistema)
2026-03-17T12:39:27.734-06:00  INFO 9020 --- [johnson-sistema] [restartedMain] c.j.practica.JohnsonSistemaApplication   : No active profile set, falling back to 1 default profile: "default"
2026-03-17T12:39:32.227-06:00  INFO 9020 --- [johnson-sistema] [restartedMain] .s.d.r.c.RepositoryConfigurationDelegate : Bootstrapping Spring Data JPA repositories in DEFAULT mode.
2026-03-17T12:39:32.728-06:00  INFO 9020 --- [johnson-sistema] [restartedMain] .s.d.r.c.RepositoryConfigurationDelegate : Finished Spring Data repository scanning in 321 ms. Found 10 JPA repository interfaces.
2026-03-17T12:39:33.782-06:00  INFO 9020 --- [johnson-sistema] [restartedMain] o.s.b.w.embedded.tomcat.TomcatWebServer  : Tomcat initialized with port 8081 (http)
2026-03-17T12:39:33.787-06:00  INFO 9020 --- [johnson-sistema] [restartedMain] o.apache.catalina.core.StandardService   : Starting service [Tomcat]
2026-03-17T12:39:33.789-06:00  INFO 9020 --- [johnson-sistema] [restartedMain] o.apache.catalina.core.StandardEngine    : Starting Servlet engine: [Apache Tomcat/10.1.50]
2026-03-17T12:39:33.889-06:00  INFO 9020 --- [johnson-sistema] [restartedMain] o.a.c.c.C.[Tomcat].[localhost].[/]       : Initializing Spring embedded WebApplicationContext
2026-03-17T12:39:33.901-06:00  INFO 9020 --- [johnson-sistema] [restartedMain] w.s.c.ServletWebServerApplicationContext : Root WebApplicationContext: initialization completed in 5924 ms
2026-03-17T12:39:34.184-06:00  INFO 9020 --- [johnson-sistema] [restartedMain] com.zaxxer.hikari.HikariDataSource       : HikariPool-3 - Starting...
2026-03-17T12:39:34.456-06:00  INFO 9020 --- [johnson-sistema] [restartedMain] com.zaxxer.hikari.pool.HikariPool        : HikariPool-3 - Added connection org.postgresql.jdbc.PgConnection@7ac81511
2026-03-17T12:39:34.458-06:00  INFO 9020 --- [johnson-sistema] [restartedMain] com.zaxxer.hikari.HikariDataSource       : HikariPool-3 - Start completed.
2026-03-17T12:39:34.501-06:00  INFO 9020 --- [johnson-sistema] [restartedMain] liquibase.database                       : Set default schema name to public
2026-03-17T12:39:34.914-06:00  INFO 9020 --- [johnson-sistema] [restartedMain] liquibase.changelog                      : Reading from public.databasechangelog
2026-03-17T12:39:34.963-06:00  INFO 9020 --- [johnson-sistema] [restartedMain] liquibase.ui                             : Database is up to date, no changesets to execute
2026-03-17T12:39:34.969-06:00  INFO 9020 --- [johnson-sistema] [restartedMain] liquibase.changelog                      : Reading from public.databasechangelog
2026-03-17T12:39:34.976-06:00  INFO 9020 --- [johnson-sistema] [restartedMain] liquibase.util                           : UPDATE SUMMARY
2026-03-17T12:39:34.979-06:00  INFO 9020 --- [johnson-sistema] [restartedMain] liquibase.util                           : Run:                          0
2026-03-17T12:39:34.979-06:00  INFO 9020 --- [johnson-sistema] [restartedMain] liquibase.util                           : Previously run:               1
2026-03-17T12:39:34.980-06:00  INFO 9020 --- [johnson-sistema] [restartedMain] liquibase.util                           : Filtered out:                 0
2026-03-17T12:39:34.981-06:00  INFO 9020 --- [johnson-sistema] [restartedMain] liquibase.util                           : -------------------------------
2026-03-17T12:39:34.982-06:00  INFO 9020 --- [johnson-sistema] [restartedMain] liquibase.util                           : Total change sets:            1
2026-03-17T12:39:34.990-06:00  INFO 9020 --- [johnson-sistema] [restartedMain] liquibase.util                           : Update summary generated
2026-03-17T12:39:34.993-06:00  INFO 9020 --- [johnson-sistema] [restartedMain] liquibase.command                        : Command execution complete
2026-03-17T12:39:35.158-06:00  INFO 9020 --- [johnson-sistema] [restartedMain] o.hibernate.jpa.internal.util.LogHelper  : HHH000204: Processing PersistenceUnitInfo [name: default]
2026-03-17T12:39:35.189-06:00  INFO 9020 --- [johnson-sistema] [restartedMain] o.h.c.internal.RegionFactoryInitiator    : HHH000026: Second-level cache disabled
2026-03-17T12:39:35.275-06:00  INFO 9020 --- [johnson-sistema] [restartedMain] o.s.o.j.p.SpringPersistenceUnitInfo      : No LoadTimeWeaver setup: ignoring JPA class transformer
2026-03-17T12:39:35.318-06:00  WARN 9020 --- [johnson-sistema] [restartedMain] org.hibernate.orm.deprecation            : HHH90000025: PostgreSQLDialect does not need to be specified explicitly using 'hibernate.dialect' (remove the property setting and it will be selected by default)
2026-03-17T12:39:35.331-06:00  INFO 9020 --- [johnson-sistema] [restartedMain] org.hibernate.orm.connections.pooling    : HHH10001005: Database info:
	Database JDBC URL [Connecting through datasource 'HikariDataSource (HikariPool-3)']
	Database driver: undefined/unknown
	Database version: 15.17
	Autocommit mode: undefined/unknown
	Isolation level: undefined/unknown
	Minimum pool size: undefined/unknown
	Maximum pool size: undefined/unknown
2026-03-17T12:39:36.003-06:00  INFO 9020 --- [johnson-sistema] [restartedMain] o.h.e.t.j.p.i.JtaPlatformInitiator       : HHH000489: No JTA platform available (set 'hibernate.transaction.jta.platform' to enable JTA platform integration)
2026-03-17T12:39:36.075-06:00  INFO 9020 --- [johnson-sistema] [restartedMain] j.LocalContainerEntityManagerFactoryBean : Initialized JPA EntityManagerFactory for persistence unit 'default'
2026-03-17T12:39:38.709-06:00  WARN 9020 --- [johnson-sistema] [restartedMain] JpaBaseConfiguration$JpaWebConfiguration : spring.jpa.open-in-view is enabled by default. Therefore, database queries may be performed during view rendering. Explicitly configure spring.jpa.open-in-view to disable this warning
2026-03-17T12:39:38.891-06:00  INFO 9020 --- [johnson-sistema] [restartedMain] o.s.b.a.w.s.WelcomePageHandlerMapping    : Adding welcome page template: index
2026-03-17T12:39:39.214-06:00  INFO 9020 --- [johnson-sistema] [restartedMain] r$InitializeUserDetailsManagerConfigurer : Global AuthenticationManager configured with UserDetailsService bean with name detallesUsuarioServicio
2026-03-17T12:39:40.142-06:00  INFO 9020 --- [johnson-sistema] [restartedMain] o.s.b.d.a.OptionalLiveReloadServer       : LiveReload server is running on port 35729
2026-03-17T12:39:40.176-06:00  INFO 9020 --- [johnson-sistema] [restartedMain] o.s.m.s.b.SimpleBrokerMessageHandler     : Starting...
2026-03-17T12:39:40.177-06:00  INFO 9020 --- [johnson-sistema] [restartedMain] o.s.m.s.b.SimpleBrokerMessageHandler     : BrokerAvailabilityEvent[available=true, SimpleBrokerMessageHandler [org.springframework.messaging.simp.broker.DefaultSubscriptionRegistry@a6f3690]]
2026-03-17T12:39:40.179-06:00  INFO 9020 --- [johnson-sistema] [restartedMain] o.s.m.s.b.SimpleBrokerMessageHandler     : Started.
2026-03-17T12:39:40.188-06:00  INFO 9020 --- [johnson-sistema] [restartedMain] o.s.b.w.embedded.tomcat.TomcatWebServer  : Tomcat started on port 8081 (http) with context path '/'
2026-03-17T12:39:40.203-06:00  INFO 9020 --- [johnson-sistema] [restartedMain] c.j.practica.JohnsonSistemaApplication   : Started JohnsonSistemaApplication in 13.298 seconds (process running for 367.729)
2026-03-17T12:39:40.629-06:00  INFO 9020 --- [johnson-sistema] [restartedMain] c.johnson.practica.config.CargadorDatos  : Cargando datos iniciales...
2026-03-17T12:39:40.780-06:00  INFO 9020 --- [johnson-sistema] [restartedMain] .ConditionEvaluationDeltaLoggingListener : Condition evaluation unchanged
2026-03-17T12:39:41.252-06:00  INFO 9020 --- [johnson-sistema] [SpringApplicationShutdownHook] o.s.b.w.e.tomcat.GracefulShutdown        : Commencing graceful shutdown. Waiting for active requests to complete
2026-03-17T12:39:41.780-06:00  INFO 9020 --- [johnson-sistema] [File Watcher] rtingClassPathChangeChangedEventListener : Restarting due to 3 class path changes (0 additions, 0 deletions, 3 modifications)
2026-03-17T12:39:41.785-06:00  INFO 9020 --- [johnson-sistema] [SpringApplicationShutdownHook] o.s.m.s.b.SimpleBrokerMessageHandler     : Stopping...
2026-03-17T12:39:41.785-06:00  INFO 9020 --- [johnson-sistema] [SpringApplicationShutdownHook] o.s.m.s.b.SimpleBrokerMessageHandler     : BrokerAvailabilityEvent[available=false, SimpleBrokerMessageHandler [org.springframework.messaging.simp.broker.DefaultSubscriptionRegistry@a6f3690]]
2026-03-17T12:39:41.789-06:00  INFO 9020 --- [johnson-sistema] [SpringApplicationShutdownHook] o.s.m.s.b.SimpleBrokerMessageHandler     : Stopped.
2026-03-17T12:39:41.794-06:00  INFO 9020 --- [johnson-sistema] [SpringApplicationShutdownHook] j.LocalContainerEntityManagerFactoryBean : Closing JPA EntityManagerFactory for persistence unit 'default'
2026-03-17T12:39:41.796-06:00  INFO 9020 --- [johnson-sistema] [SpringApplicationShutdownHook] com.zaxxer.hikari.HikariDataSource       : HikariPool-3 - Shutdown initiated...
2026-03-17T12:39:41.803-06:00  INFO 9020 --- [johnson-sistema] [SpringApplicationShutdownHook] com.zaxxer.hikari.HikariDataSource       : HikariPool-3 - Shutdown completed.
2026-03-17T12:41:22.945-06:00  INFO 20344 --- [johnson-sistema] [restartedMain] c.j.practica.JohnsonSistemaApplication   : Starting JohnsonSistemaApplication using Java 17.0.12 with PID 20344 (C:\Users\User\OneDrive\Escritorio\Escuela\PRACTICAS\Sistema_Johnson\johnson-sistema\target\classes started by Franco in C:\Users\User\OneDrive\Escritorio\Escuela\PRACTICAS\Sistema_Johnson\johnson-sistema)
2026-03-17T12:41:22.975-06:00  INFO 20344 --- [johnson-sistema] [restartedMain] c.j.practica.JohnsonSistemaApplication   : No active profile set, falling back to 1 default profile: "default"
2026-03-17T12:41:23.168-06:00  INFO 20344 --- [johnson-sistema] [restartedMain] .e.DevToolsPropertyDefaultsPostProcessor : Devtools property defaults active! Set 'spring.devtools.add-properties' to 'false' to disable
2026-03-17T12:41:23.177-06:00  INFO 20344 --- [johnson-sistema] [restartedMain] .e.DevToolsPropertyDefaultsPostProcessor : For additional web related logging consider setting the 'logging.level.web' property to 'DEBUG'
2026-03-17T12:41:26.139-06:00  INFO 20344 --- [johnson-sistema] [restartedMain] .s.d.r.c.RepositoryConfigurationDelegate : Bootstrapping Spring Data JPA repositories in DEFAULT mode.
2026-03-17T12:41:26.482-06:00  INFO 20344 --- [johnson-sistema] [restartedMain] .s.d.r.c.RepositoryConfigurationDelegate : Finished Spring Data repository scanning in 302 ms. Found 10 JPA repository interfaces.
2026-03-17T12:41:29.368-06:00  INFO 20344 --- [johnson-sistema] [restartedMain] o.s.b.w.embedded.tomcat.TomcatWebServer  : Tomcat initialized with port 8081 (http)
2026-03-17T12:41:29.409-06:00  INFO 20344 --- [johnson-sistema] [restartedMain] o.apache.catalina.core.StandardService   : Starting service [Tomcat]
2026-03-17T12:41:29.412-06:00  INFO 20344 --- [johnson-sistema] [restartedMain] o.apache.catalina.core.StandardEngine    : Starting Servlet engine: [Apache Tomcat/10.1.50]
2026-03-17T12:41:29.554-06:00  INFO 20344 --- [johnson-sistema] [restartedMain] o.a.c.c.C.[Tomcat].[localhost].[/]       : Initializing Spring embedded WebApplicationContext
2026-03-17T12:41:29.556-06:00  INFO 20344 --- [johnson-sistema] [restartedMain] w.s.c.ServletWebServerApplicationContext : Root WebApplicationContext: initialization completed in 6376 ms
2026-03-17T12:41:30.210-06:00  INFO 20344 --- [johnson-sistema] [restartedMain] com.zaxxer.hikari.HikariDataSource       : HikariPool-1 - Starting...
2026-03-17T12:41:31.399-06:00  WARN 20344 --- [johnson-sistema] [restartedMain] ConfigServletWebServerApplicationContext : Exception encountered during context initialization - cancelling refresh attempt: org.springframework.beans.factory.BeanCreationException: Error creating bean with name 'entityManagerFactory' defined in class path resource [org/springframework/boot/autoconfigure/orm/jpa/HibernateJpaConfiguration.class]: Failed to initialize dependency 'liquibase' of LoadTimeWeaverAware bean 'entityManagerFactory': Error creating bean with name 'liquibase' defined in class path resource [org/springframework/boot/autoconfigure/liquibase/LiquibaseAutoConfiguration$LiquibaseConfiguration.class]: liquibase.exception.DatabaseException: org.postgresql.util.PSQLException: El intento de conexión falló.
2026-03-17T12:41:31.411-06:00  INFO 20344 --- [johnson-sistema] [restartedMain] o.apache.catalina.core.StandardService   : Stopping service [Tomcat]
2026-03-17T12:41:31.474-06:00  INFO 20344 --- [johnson-sistema] [restartedMain] .s.b.a.l.ConditionEvaluationReportLogger : 

Error starting ApplicationContext. To display the condition evaluation report re-run your application with 'debug' enabled.
2026-03-17T12:41:31.568-06:00 ERROR 20344 --- [johnson-sistema] [restartedMain] o.s.boot.SpringApplication               : Application run failed

org.springframework.beans.factory.BeanCreationException: Error creating bean with name 'entityManagerFactory' defined in class path resource [org/springframework/boot/autoconfigure/orm/jpa/HibernateJpaConfiguration.class]: Failed to initialize dependency 'liquibase' of LoadTimeWeaverAware bean 'entityManagerFactory': Error creating bean with name 'liquibase' defined in class path resource [org/springframework/boot/autoconfigure/liquibase/LiquibaseAutoConfiguration$LiquibaseConfiguration.class]: liquibase.exception.DatabaseException: org.postgresql.util.PSQLException: El intento de conexión falló.
	at org.springframework.beans.factory.support.AbstractBeanFactory.doGetBean(AbstractBeanFactory.java:328) ~[spring-beans-6.2.15.jar:6.2.15]
	at org.springframework.beans.factory.support.AbstractBeanFactory.getBean(AbstractBeanFactory.java:207) ~[spring-beans-6.2.15.jar:6.2.15]
	at org.springframework.context.support.AbstractApplicationContext.finishBeanFactoryInitialization(AbstractApplicationContext.java:973) ~[spring-context-6.2.15.jar:6.2.15]
	at org.springframework.context.support.AbstractApplicationContext.refresh(AbstractApplicationContext.java:627) ~[spring-context-6.2.15.jar:6.2.15]
	at org.springframework.boot.web.servlet.context.ServletWebServerApplicationContext.refresh(ServletWebServerApplicationContext.java:146) ~[spring-boot-3.5.10.jar:3.5.10]
	at org.springframework.boot.SpringApplication.refresh(SpringApplication.java:752) ~[spring-boot-3.5.10.jar:3.5.10]
	at org.springframework.boot.SpringApplication.refreshContext(SpringApplication.java:439) ~[spring-boot-3.5.10.jar:3.5.10]
	at org.springframework.boot.SpringApplication.run(SpringApplication.java:318) ~[spring-boot-3.5.10.jar:3.5.10]
	at org.springframework.boot.SpringApplication.run(SpringApplication.java:1361) ~[spring-boot-3.5.10.jar:3.5.10]
	at org.springframework.boot.SpringApplication.run(SpringApplication.java:1350) ~[spring-boot-3.5.10.jar:3.5.10]
	at com.johnson.practica.JohnsonSistemaApplication.main(JohnsonSistemaApplication.java:16) ~[classes/:na]
	at java.base/jdk.internal.reflect.NativeMethodAccessorImpl.invoke0(Native Method) ~[na:na]
	at java.base/jdk.internal.reflect.NativeMethodAccessorImpl.invoke(NativeMethodAccessorImpl.java:77) ~[na:na]
	at java.base/jdk.internal.reflect.DelegatingMethodAccessorImpl.invoke(DelegatingMethodAccessorImpl.java:43) ~[na:na]
	at java.base/java.lang.reflect.Method.invoke(Method.java:568) ~[na:na]
	at org.springframework.boot.devtools.restart.RestartLauncher.run(RestartLauncher.java:50) ~[spring-boot-devtools-3.5.10.jar:3.5.10]
Caused by: org.springframework.beans.factory.BeanCreationException: Error creating bean with name 'liquibase' defined in class path resource [org/springframework/boot/autoconfigure/liquibase/LiquibaseAutoConfiguration$LiquibaseConfiguration.class]: liquibase.exception.DatabaseException: org.postgresql.util.PSQLException: El intento de conexión falló.
	at org.springframework.beans.factory.support.AbstractAutowireCapableBeanFactory.initializeBean(AbstractAutowireCapableBeanFactory.java:1826) ~[spring-beans-6.2.15.jar:6.2.15]
	at org.springframework.beans.factory.support.AbstractAutowireCapableBeanFactory.doCreateBean(AbstractAutowireCapableBeanFactory.java:607) ~[spring-beans-6.2.15.jar:6.2.15]
	at org.springframework.beans.factory.support.AbstractAutowireCapableBeanFactory.createBean(AbstractAutowireCapableBeanFactory.java:529) ~[spring-beans-6.2.15.jar:6.2.15]
	at org.springframework.beans.factory.support.AbstractBeanFactory.lambda$doGetBean$0(AbstractBeanFactory.java:339) ~[spring-beans-6.2.15.jar:6.2.15]
	at org.springframework.beans.factory.support.DefaultSingletonBeanRegistry.getSingleton(DefaultSingletonBeanRegistry.java:373) ~[spring-beans-6.2.15.jar:6.2.15]
	at org.springframework.beans.factory.support.AbstractBeanFactory.doGetBean(AbstractBeanFactory.java:337) ~[spring-beans-6.2.15.jar:6.2.15]
	at org.springframework.beans.factory.support.AbstractBeanFactory.getBean(AbstractBeanFactory.java:202) ~[spring-beans-6.2.15.jar:6.2.15]
	at org.springframework.beans.factory.support.AbstractBeanFactory.doGetBean(AbstractBeanFactory.java:315) ~[spring-beans-6.2.15.jar:6.2.15]
	... 15 common frames omitted
Caused by: liquibase.exception.LiquibaseException: liquibase.exception.DatabaseException: org.postgresql.util.PSQLException: El intento de conexión falló.
	at liquibase.integration.spring.SpringLiquibase.afterPropertiesSet(SpringLiquibase.java:288) ~[liquibase-core-4.31.1.jar:na]
	at org.springframework.beans.factory.support.AbstractAutowireCapableBeanFactory.invokeInitMethods(AbstractAutowireCapableBeanFactory.java:1873) ~[spring-beans-6.2.15.jar:6.2.15]
	at org.springframework.beans.factory.support.AbstractAutowireCapableBeanFactory.initializeBean(AbstractAutowireCapableBeanFactory.java:1822) ~[spring-beans-6.2.15.jar:6.2.15]
	... 22 common frames omitted
Caused by: liquibase.exception.DatabaseException: org.postgresql.util.PSQLException: El intento de conexión falló.
	at liquibase.integration.spring.SpringLiquibase.lambda$afterPropertiesSet$0(SpringLiquibase.java:280) ~[liquibase-core-4.31.1.jar:na]
	at liquibase.Scope.lambda$child$0(Scope.java:201) ~[liquibase-core-4.31.1.jar:na]
	at liquibase.Scope.child(Scope.java:210) ~[liquibase-core-4.31.1.jar:na]
	at liquibase.Scope.child(Scope.java:200) ~[liquibase-core-4.31.1.jar:na]
	at liquibase.Scope.child(Scope.java:179) ~[liquibase-core-4.31.1.jar:na]
	at liquibase.integration.spring.SpringLiquibase.afterPropertiesSet(SpringLiquibase.java:271) ~[liquibase-core-4.31.1.jar:na]
	... 24 common frames omitted
Caused by: org.postgresql.util.PSQLException: El intento de conexión falló.
	at org.postgresql.core.v3.ConnectionFactoryImpl.openConnectionImpl(ConnectionFactoryImpl.java:385) ~[postgresql-42.7.9.jar:42.7.9]
	at org.postgresql.core.ConnectionFactory.openConnection(ConnectionFactory.java:57) ~[postgresql-42.7.9.jar:42.7.9]
	at org.postgresql.jdbc.PgConnection.<init>(PgConnection.java:290) ~[postgresql-42.7.9.jar:42.7.9]
	at org.postgresql.Driver.makeConnection(Driver.java:448) ~[postgresql-42.7.9.jar:42.7.9]
	at org.postgresql.Driver.connect(Driver.java:298) ~[postgresql-42.7.9.jar:42.7.9]
	at com.zaxxer.hikari.util.DriverDataSource.getConnection(DriverDataSource.java:144) ~[HikariCP-6.3.3.jar:na]
	at com.zaxxer.hikari.pool.PoolBase.newConnection(PoolBase.java:370) ~[HikariCP-6.3.3.jar:na]
	at com.zaxxer.hikari.pool.PoolBase.newPoolEntry(PoolBase.java:207) ~[HikariCP-6.3.3.jar:na]
	at com.zaxxer.hikari.pool.HikariPool.createPoolEntry(HikariPool.java:488) ~[HikariCP-6.3.3.jar:na]
	at com.zaxxer.hikari.pool.HikariPool.checkFailFast(HikariPool.java:576) ~[HikariCP-6.3.3.jar:na]
	at com.zaxxer.hikari.pool.HikariPool.<init>(HikariPool.java:97) ~[HikariCP-6.3.3.jar:na]
	at com.zaxxer.hikari.HikariDataSource.getConnection(HikariDataSource.java:111) ~[HikariCP-6.3.3.jar:na]
	at liquibase.integration.spring.SpringLiquibase.lambda$afterPropertiesSet$0(SpringLiquibase.java:275) ~[liquibase-core-4.31.1.jar:na]
	... 29 common frames omitted
Caused by: java.io.EOFException
	at org.postgresql.core.PGStream.receiveChar(PGStream.java:479) ~[postgresql-42.7.9.jar:42.7.9]
	at org.postgresql.core.v3.ConnectionFactoryImpl.enableSSL(ConnectionFactoryImpl.java:627) ~[postgresql-42.7.9.jar:42.7.9]
	at org.postgresql.core.v3.ConnectionFactoryImpl.tryConnect(ConnectionFactoryImpl.java:207) ~[postgresql-42.7.9.jar:42.7.9]
	at org.postgresql.core.v3.ConnectionFactoryImpl.openConnectionImpl(ConnectionFactoryImpl.java:289) ~[postgresql-42.7.9.jar:42.7.9]
	... 41 common frames omitted

2026-03-17T12:43:23.039-06:00  INFO 9880 --- [johnson-sistema] [restartedMain] c.j.practica.JohnsonSistemaApplication   : Starting JohnsonSistemaApplication using Java 17.0.12 with PID 9880 (C:\Users\User\OneDrive\Escritorio\Escuela\PRACTICAS\Sistema_Johnson\johnson-sistema\target\classes started by Franco in C:\Users\User\OneDrive\Escritorio\Escuela\PRACTICAS\Sistema_Johnson\johnson-sistema)
2026-03-17T12:43:23.044-06:00  INFO 9880 --- [johnson-sistema] [restartedMain] c.j.practica.JohnsonSistemaApplication   : No active profile set, falling back to 1 default profile: "default"
2026-03-17T12:43:23.136-06:00  INFO 9880 --- [johnson-sistema] [restartedMain] .e.DevToolsPropertyDefaultsPostProcessor : Devtools property defaults active! Set 'spring.devtools.add-properties' to 'false' to disable
2026-03-17T12:43:23.137-06:00  INFO 9880 --- [johnson-sistema] [restartedMain] .e.DevToolsPropertyDefaultsPostProcessor : For additional web related logging consider setting the 'logging.level.web' property to 'DEBUG'
2026-03-17T12:43:24.734-06:00  INFO 9880 --- [johnson-sistema] [restartedMain] .s.d.r.c.RepositoryConfigurationDelegate : Bootstrapping Spring Data JPA repositories in DEFAULT mode.
2026-03-17T12:43:25.034-06:00  INFO 9880 --- [johnson-sistema] [restartedMain] .s.d.r.c.RepositoryConfigurationDelegate : Finished Spring Data repository scanning in 261 ms. Found 10 JPA repository interfaces.
2026-03-17T12:43:26.842-06:00  INFO 9880 --- [johnson-sistema] [restartedMain] o.s.b.w.embedded.tomcat.TomcatWebServer  : Tomcat initialized with port 8081 (http)
2026-03-17T12:43:26.875-06:00  INFO 9880 --- [johnson-sistema] [restartedMain] o.apache.catalina.core.StandardService   : Starting service [Tomcat]
2026-03-17T12:43:26.880-06:00  INFO 9880 --- [johnson-sistema] [restartedMain] o.apache.catalina.core.StandardEngine    : Starting Servlet engine: [Apache Tomcat/10.1.50]
2026-03-17T12:43:27.002-06:00  INFO 9880 --- [johnson-sistema] [restartedMain] o.a.c.c.C.[Tomcat].[localhost].[/]       : Initializing Spring embedded WebApplicationContext
2026-03-17T12:43:27.004-06:00  INFO 9880 --- [johnson-sistema] [restartedMain] w.s.c.ServletWebServerApplicationContext : Root WebApplicationContext: initialization completed in 3862 ms
2026-03-17T12:43:27.396-06:00  INFO 9880 --- [johnson-sistema] [restartedMain] com.zaxxer.hikari.HikariDataSource       : HikariPool-1 - Starting...
2026-03-17T12:43:27.882-06:00  INFO 9880 --- [johnson-sistema] [restartedMain] com.zaxxer.hikari.pool.HikariPool        : HikariPool-1 - Added connection org.postgresql.jdbc.PgConnection@9d54289
2026-03-17T12:43:27.885-06:00  INFO 9880 --- [johnson-sistema] [restartedMain] com.zaxxer.hikari.HikariDataSource       : HikariPool-1 - Start completed.
2026-03-17T12:43:28.245-06:00  INFO 9880 --- [johnson-sistema] [restartedMain] liquibase.database                       : Set default schema name to public
2026-03-17T12:43:28.894-06:00  INFO 9880 --- [johnson-sistema] [restartedMain] liquibase.changelog                      : Creating database history table with name: public.databasechangelog
2026-03-17T12:43:29.129-06:00  INFO 9880 --- [johnson-sistema] [restartedMain] liquibase.changelog                      : Reading from public.databasechangelog
2026-03-17T12:43:29.240-06:00  INFO 9880 --- [johnson-sistema] [restartedMain] liquibase.snapshot                       : Creating snapshot
2026-03-17T12:43:29.650-06:00  INFO 9880 --- [johnson-sistema] [restartedMain] liquibase.lockservice                    : Successfully acquired change log lock
2026-03-17T12:43:29.655-06:00  INFO 9880 --- [johnson-sistema] [restartedMain] liquibase.command                        : Using deploymentId: 3773007370
2026-03-17T12:43:29.663-06:00  INFO 9880 --- [johnson-sistema] [restartedMain] liquibase.changelog                      : Reading from public.databasechangelog
2026-03-17T12:43:29.714-06:00  INFO 9880 --- [johnson-sistema] [restartedMain] liquibase.ui                             : Running Changeset: db/changelog/cambios/crear-tablas-iniciales.sql::1::franco
2026-03-17T12:43:30.647-06:00  INFO 9880 --- [johnson-sistema] [restartedMain] liquibase.changelog                      : Custom SQL executed
2026-03-17T12:43:30.656-06:00  INFO 9880 --- [johnson-sistema] [restartedMain] liquibase.changelog                      : ChangeSet db/changelog/cambios/crear-tablas-iniciales.sql::1::franco ran successfully in 933ms
2026-03-17T12:43:30.708-06:00  INFO 9880 --- [johnson-sistema] [restartedMain] liquibase.util                           : UPDATE SUMMARY
2026-03-17T12:43:30.711-06:00  INFO 9880 --- [johnson-sistema] [restartedMain] liquibase.util                           : Run:                          1
2026-03-17T12:43:30.713-06:00  INFO 9880 --- [johnson-sistema] [restartedMain] liquibase.util                           : Previously run:               0
2026-03-17T12:43:30.717-06:00  INFO 9880 --- [johnson-sistema] [restartedMain] liquibase.util                           : Filtered out:                 0
2026-03-17T12:43:30.719-06:00  INFO 9880 --- [johnson-sistema] [restartedMain] liquibase.util                           : -------------------------------
2026-03-17T12:43:30.720-06:00  INFO 9880 --- [johnson-sistema] [restartedMain] liquibase.util                           : Total change sets:            1
2026-03-17T12:43:30.723-06:00  INFO 9880 --- [johnson-sistema] [restartedMain] liquibase.util                           : Update summary generated
2026-03-17T12:43:30.726-06:00  INFO 9880 --- [johnson-sistema] [restartedMain] liquibase.command                        : Update command completed successfully.
2026-03-17T12:43:30.730-06:00  INFO 9880 --- [johnson-sistema] [restartedMain] liquibase.ui                             : Liquibase: Update has been successful. Rows affected: 1
2026-03-17T12:43:30.744-06:00  INFO 9880 --- [johnson-sistema] [restartedMain] liquibase.lockservice                    : Successfully released change log lock
2026-03-17T12:43:30.748-06:00  INFO 9880 --- [johnson-sistema] [restartedMain] liquibase.command                        : Command execution complete
2026-03-17T12:43:32.366-06:00  INFO 9880 --- [johnson-sistema] [restartedMain] o.hibernate.jpa.internal.util.LogHelper  : HHH000204: Processing PersistenceUnitInfo [name: default]
2026-03-17T12:43:32.537-06:00  INFO 9880 --- [johnson-sistema] [restartedMain] org.hibernate.Version                    : HHH000412: Hibernate ORM core version 6.6.41.Final
2026-03-17T12:43:32.635-06:00  INFO 9880 --- [johnson-sistema] [restartedMain] o.h.c.internal.RegionFactoryInitiator    : HHH000026: Second-level cache disabled
2026-03-17T12:43:33.448-06:00  INFO 9880 --- [johnson-sistema] [restartedMain] o.s.o.j.p.SpringPersistenceUnitInfo      : No LoadTimeWeaver setup: ignoring JPA class transformer
2026-03-17T12:43:33.562-06:00  WARN 9880 --- [johnson-sistema] [restartedMain] org.hibernate.orm.deprecation            : HHH90000025: PostgreSQLDialect does not need to be specified explicitly using 'hibernate.dialect' (remove the property setting and it will be selected by default)
2026-03-17T12:43:33.592-06:00  INFO 9880 --- [johnson-sistema] [restartedMain] org.hibernate.orm.connections.pooling    : HHH10001005: Database info:
	Database JDBC URL [Connecting through datasource 'HikariDataSource (HikariPool-1)']
	Database driver: undefined/unknown
	Database version: 15.17
	Autocommit mode: undefined/unknown
	Isolation level: undefined/unknown
	Minimum pool size: undefined/unknown
	Maximum pool size: undefined/unknown
2026-03-17T12:43:36.165-06:00  INFO 9880 --- [johnson-sistema] [restartedMain] o.h.e.t.j.p.i.JtaPlatformInitiator       : HHH000489: No JTA platform available (set 'hibernate.transaction.jta.platform' to enable JTA platform integration)
2026-03-17T12:43:36.380-06:00  INFO 9880 --- [johnson-sistema] [restartedMain] j.LocalContainerEntityManagerFactoryBean : Initialized JPA EntityManagerFactory for persistence unit 'default'
2026-03-17T12:43:37.180-06:00  INFO 9880 --- [johnson-sistema] [restartedMain] o.s.d.j.r.query.QueryEnhancerFactory     : Hibernate is in classpath; If applicable, HQL parser will be used.
2026-03-17T12:43:39.618-06:00  WARN 9880 --- [johnson-sistema] [restartedMain] JpaBaseConfiguration$JpaWebConfiguration : spring.jpa.open-in-view is enabled by default. Therefore, database queries may be performed during view rendering. Explicitly configure spring.jpa.open-in-view to disable this warning
2026-03-17T12:43:39.952-06:00  INFO 9880 --- [johnson-sistema] [restartedMain] o.s.b.a.w.s.WelcomePageHandlerMapping    : Adding welcome page template: index
2026-03-17T12:43:40.289-06:00  INFO 9880 --- [johnson-sistema] [restartedMain] r$InitializeUserDetailsManagerConfigurer : Global AuthenticationManager configured with UserDetailsService bean with name detallesUsuarioServicio
2026-03-17T12:43:41.271-06:00  INFO 9880 --- [johnson-sistema] [restartedMain] o.s.b.d.a.OptionalLiveReloadServer       : LiveReload server is running on port 35729
2026-03-17T12:43:41.301-06:00  INFO 9880 --- [johnson-sistema] [restartedMain] o.s.m.s.b.SimpleBrokerMessageHandler     : Starting...
2026-03-17T12:43:41.309-06:00  INFO 9880 --- [johnson-sistema] [restartedMain] o.s.m.s.b.SimpleBrokerMessageHandler     : BrokerAvailabilityEvent[available=true, SimpleBrokerMessageHandler [org.springframework.messaging.simp.broker.DefaultSubscriptionRegistry@37d18b68]]
2026-03-17T12:43:41.314-06:00  INFO 9880 --- [johnson-sistema] [restartedMain] o.s.m.s.b.SimpleBrokerMessageHandler     : Started.
2026-03-17T12:43:41.349-06:00  INFO 9880 --- [johnson-sistema] [restartedMain] o.s.b.w.embedded.tomcat.TomcatWebServer  : Tomcat started on port 8081 (http) with context path '/'
2026-03-17T12:43:41.376-06:00  INFO 9880 --- [johnson-sistema] [restartedMain] c.j.practica.JohnsonSistemaApplication   : Started JohnsonSistemaApplication in 19.407 seconds (process running for 20.417)
2026-03-17T12:43:41.400-06:00  INFO 9880 --- [johnson-sistema] [restartedMain] c.johnson.practica.config.CargadorDatos  : Cargando datos iniciales...
2026-03-17T12:43:41.739-06:00  INFO 9880 --- [johnson-sistema] [restartedMain] c.johnson.practica.config.CargadorDatos  : Creando usuario 'admin'...
2026-03-17T12:43:41.913-06:00  INFO 9880 --- [johnson-sistema] [restartedMain] c.johnson.practica.config.CargadorDatos  : Usuario 'admin' creado y guardado. DEBE CAMBIAR CONTRASEÑA.
2026-03-17T12:43:41.950-06:00  INFO 9880 --- [johnson-sistema] [restartedMain] c.johnson.practica.config.CargadorDatos  : Creando usuario 'visitante'...
2026-03-17T12:43:42.158-06:00  INFO 9880 --- [johnson-sistema] [restartedMain] c.johnson.practica.config.CargadorDatos  : Usuario 'visitante' creado y guardado.
2026-03-17T12:44:25.999-06:00  INFO 9880 --- [johnson-sistema] [http-nio-8081-exec-1] o.a.c.c.C.[Tomcat].[localhost].[/]       : Initializing Spring DispatcherServlet 'dispatcherServlet'
2026-03-17T12:44:26.012-06:00  INFO 9880 --- [johnson-sistema] [http-nio-8081-exec-1] o.s.web.servlet.DispatcherServlet        : Initializing Servlet 'dispatcherServlet'
2026-03-17T12:44:26.019-06:00  INFO 9880 --- [johnson-sistema] [http-nio-8081-exec-1] o.s.web.servlet.DispatcherServlet        : Completed initialization in 5 ms
2026-03-17T12:44:41.321-06:00  INFO 9880 --- [johnson-sistema] [MessageBroker-1] o.s.w.s.c.WebSocketMessageBrokerStats    : WebSocketSession[0 current WS(0)-HttpStream(0)-HttpPoll(0), 0 total, 0 closed abnormally (0 connect failure, 0 send limit, 0 transport error)], stompSubProtocol[processed CONNECT(0)-CONNECTED(0)-DISCONNECT(0)], stompBrokerRelay[null], inboundChannel[pool size = 0, active threads = 0, queued tasks = 0, completed tasks = 0], outboundChannel[pool size = 0, active threads = 0, queued tasks = 0, completed tasks = 0], sockJsScheduler[pool size = 3, active threads = 1, queued tasks = 2, completed tasks = 0]
2026-03-17T12:50:12.669-06:00  INFO 9880 --- [johnson-sistema] [File Watcher] rtingClassPathChangeChangedEventListener : Restarting due to 1 class path change (1 addition, 0 deletions, 0 modifications)
2026-03-17T12:50:12.710-06:00  INFO 9880 --- [johnson-sistema] [Thread-6] o.s.b.w.e.tomcat.GracefulShutdown        : Commencing graceful shutdown. Waiting for active requests to complete
2026-03-17T12:50:14.656-06:00  INFO 9880 --- [johnson-sistema] [tomcat-shutdown] o.s.b.w.e.tomcat.GracefulShutdown        : Graceful shutdown complete
2026-03-17T12:50:14.664-06:00  INFO 9880 --- [johnson-sistema] [Thread-6] o.s.m.s.b.SimpleBrokerMessageHandler     : Stopping...
2026-03-17T12:50:14.665-06:00  INFO 9880 --- [johnson-sistema] [Thread-6] o.s.m.s.b.SimpleBrokerMessageHandler     : BrokerAvailabilityEvent[available=false, SimpleBrokerMessageHandler [org.springframework.messaging.simp.broker.DefaultSubscriptionRegistry@37d18b68]]
2026-03-17T12:50:14.667-06:00  INFO 9880 --- [johnson-sistema] [Thread-6] o.s.m.s.b.SimpleBrokerMessageHandler     : Stopped.
2026-03-17T12:50:14.678-06:00  INFO 9880 --- [johnson-sistema] [Thread-6] j.LocalContainerEntityManagerFactoryBean : Closing JPA EntityManagerFactory for persistence unit 'default'
2026-03-17T12:50:14.695-06:00  INFO 9880 --- [johnson-sistema] [Thread-6] com.zaxxer.hikari.HikariDataSource       : HikariPool-1 - Shutdown initiated...
2026-03-17T12:50:14.716-06:00  INFO 9880 --- [johnson-sistema] [Thread-6] com.zaxxer.hikari.HikariDataSource       : HikariPool-1 - Shutdown completed.
2026-03-17T12:50:15.001-06:00  INFO 9880 --- [johnson-sistema] [restartedMain] c.j.practica.JohnsonSistemaApplication   : Starting JohnsonSistemaApplication using Java 17.0.12 with PID 9880 (C:\Users\User\OneDrive\Escritorio\Escuela\PRACTICAS\Sistema_Johnson\johnson-sistema\target\classes started by Franco in C:\Users\User\OneDrive\Escritorio\Escuela\PRACTICAS\Sistema_Johnson\johnson-sistema)
2026-03-17T12:50:15.002-06:00  INFO 9880 --- [johnson-sistema] [restartedMain] c.j.practica.JohnsonSistemaApplication   : No active profile set, falling back to 1 default profile: "default"
2026-03-17T12:50:16.213-06:00  INFO 9880 --- [johnson-sistema] [restartedMain] .s.d.r.c.RepositoryConfigurationDelegate : Bootstrapping Spring Data JPA repositories in DEFAULT mode.
2026-03-17T12:50:16.373-06:00  INFO 9880 --- [johnson-sistema] [restartedMain] .s.d.r.c.RepositoryConfigurationDelegate : Finished Spring Data repository scanning in 145 ms. Found 10 JPA repository interfaces.
2026-03-17T12:50:17.419-06:00  INFO 9880 --- [johnson-sistema] [restartedMain] o.s.b.w.embedded.tomcat.TomcatWebServer  : Tomcat initialized with port 8081 (http)
2026-03-17T12:50:17.423-06:00  INFO 9880 --- [johnson-sistema] [restartedMain] o.apache.catalina.core.StandardService   : Starting service [Tomcat]
2026-03-17T12:50:17.426-06:00  INFO 9880 --- [johnson-sistema] [restartedMain] o.apache.catalina.core.StandardEngine    : Starting Servlet engine: [Apache Tomcat/10.1.50]
2026-03-17T12:50:17.500-06:00  INFO 9880 --- [johnson-sistema] [restartedMain] o.a.c.c.C.[Tomcat].[localhost].[/]       : Initializing Spring embedded WebApplicationContext
2026-03-17T12:50:17.500-06:00  INFO 9880 --- [johnson-sistema] [restartedMain] w.s.c.ServletWebServerApplicationContext : Root WebApplicationContext: initialization completed in 2488 ms
2026-03-17T12:50:17.787-06:00  INFO 9880 --- [johnson-sistema] [restartedMain] com.zaxxer.hikari.HikariDataSource       : HikariPool-2 - Starting...
2026-03-17T12:50:18.009-06:00  INFO 9880 --- [johnson-sistema] [restartedMain] com.zaxxer.hikari.pool.HikariPool        : HikariPool-2 - Added connection org.postgresql.jdbc.PgConnection@17e17da1
2026-03-17T12:50:18.010-06:00  INFO 9880 --- [johnson-sistema] [restartedMain] com.zaxxer.hikari.HikariDataSource       : HikariPool-2 - Start completed.
2026-03-17T12:50:18.044-06:00  INFO 9880 --- [johnson-sistema] [restartedMain] liquibase.database                       : Set default schema name to public
2026-03-17T12:50:18.328-06:00  INFO 9880 --- [johnson-sistema] [restartedMain] liquibase.changelog                      : Reading from public.databasechangelog
2026-03-17T12:50:18.379-06:00  INFO 9880 --- [johnson-sistema] [restartedMain] liquibase.ui                             : Database is up to date, no changesets to execute
2026-03-17T12:50:18.386-06:00  INFO 9880 --- [johnson-sistema] [restartedMain] liquibase.changelog                      : Reading from public.databasechangelog
2026-03-17T12:50:18.403-06:00  INFO 9880 --- [johnson-sistema] [restartedMain] liquibase.util                           : UPDATE SUMMARY
2026-03-17T12:50:18.404-06:00  INFO 9880 --- [johnson-sistema] [restartedMain] liquibase.util                           : Run:                          0
2026-03-17T12:50:18.406-06:00  INFO 9880 --- [johnson-sistema] [restartedMain] liquibase.util                           : Previously run:               1
2026-03-17T12:50:18.407-06:00  INFO 9880 --- [johnson-sistema] [restartedMain] liquibase.util                           : Filtered out:                 0
2026-03-17T12:50:18.410-06:00  INFO 9880 --- [johnson-sistema] [restartedMain] liquibase.util                           : -------------------------------
2026-03-17T12:50:18.413-06:00  INFO 9880 --- [johnson-sistema] [restartedMain] liquibase.util                           : Total change sets:            1
2026-03-17T12:50:18.414-06:00  INFO 9880 --- [johnson-sistema] [restartedMain] liquibase.util                           : Update summary generated
2026-03-17T12:50:18.418-06:00  INFO 9880 --- [johnson-sistema] [restartedMain] liquibase.command                        : Command execution complete
2026-03-17T12:50:18.542-06:00  INFO 9880 --- [johnson-sistema] [restartedMain] o.hibernate.jpa.internal.util.LogHelper  : HHH000204: Processing PersistenceUnitInfo [name: default]
2026-03-17T12:50:18.561-06:00  INFO 9880 --- [johnson-sistema] [restartedMain] o.h.c.internal.RegionFactoryInitiator    : HHH000026: Second-level cache disabled
2026-03-17T12:50:18.602-06:00  INFO 9880 --- [johnson-sistema] [restartedMain] o.s.o.j.p.SpringPersistenceUnitInfo      : No LoadTimeWeaver setup: ignoring JPA class transformer
2026-03-17T12:50:18.607-06:00  WARN 9880 --- [johnson-sistema] [restartedMain] org.hibernate.orm.deprecation            : HHH90000025: PostgreSQLDialect does not need to be specified explicitly using 'hibernate.dialect' (remove the property setting and it will be selected by default)
2026-03-17T12:50:18.614-06:00  INFO 9880 --- [johnson-sistema] [restartedMain] org.hibernate.orm.connections.pooling    : HHH10001005: Database info:
	Database JDBC URL [Connecting through datasource 'HikariDataSource (HikariPool-2)']
	Database driver: undefined/unknown
	Database version: 15.17
	Autocommit mode: undefined/unknown
	Isolation level: undefined/unknown
	Minimum pool size: undefined/unknown
	Maximum pool size: undefined/unknown
2026-03-17T12:50:19.308-06:00  INFO 9880 --- [johnson-sistema] [restartedMain] o.h.e.t.j.p.i.JtaPlatformInitiator       : HHH000489: No JTA platform available (set 'hibernate.transaction.jta.platform' to enable JTA platform integration)
2026-03-17T12:50:19.377-06:00  INFO 9880 --- [johnson-sistema] [restartedMain] j.LocalContainerEntityManagerFactoryBean : Initialized JPA EntityManagerFactory for persistence unit 'default'
2026-03-17T12:50:21.543-06:00  WARN 9880 --- [johnson-sistema] [restartedMain] JpaBaseConfiguration$JpaWebConfiguration : spring.jpa.open-in-view is enabled by default. Therefore, database queries may be performed during view rendering. Explicitly configure spring.jpa.open-in-view to disable this warning
2026-03-17T12:50:21.710-06:00  INFO 9880 --- [johnson-sistema] [restartedMain] o.s.b.a.w.s.WelcomePageHandlerMapping    : Adding welcome page template: index
2026-03-17T12:50:21.977-06:00  INFO 9880 --- [johnson-sistema] [restartedMain] r$InitializeUserDetailsManagerConfigurer : Global AuthenticationManager configured with UserDetailsService bean with name detallesUsuarioServicio
2026-03-17T12:50:22.786-06:00  INFO 9880 --- [johnson-sistema] [restartedMain] o.s.b.d.a.OptionalLiveReloadServer       : LiveReload server is running on port 35729
2026-03-17T12:50:22.820-06:00  INFO 9880 --- [johnson-sistema] [restartedMain] o.s.m.s.b.SimpleBrokerMessageHandler     : Starting...
2026-03-17T12:50:22.820-06:00  INFO 9880 --- [johnson-sistema] [restartedMain] o.s.m.s.b.SimpleBrokerMessageHandler     : BrokerAvailabilityEvent[available=true, SimpleBrokerMessageHandler [org.springframework.messaging.simp.broker.DefaultSubscriptionRegistry@47d156a7]]
2026-03-17T12:50:22.825-06:00  INFO 9880 --- [johnson-sistema] [restartedMain] o.s.m.s.b.SimpleBrokerMessageHandler     : Started.
2026-03-17T12:50:22.835-06:00  INFO 9880 --- [johnson-sistema] [restartedMain] o.s.b.w.embedded.tomcat.TomcatWebServer  : Tomcat started on port 8081 (http) with context path '/'
2026-03-17T12:50:22.869-06:00  INFO 9880 --- [johnson-sistema] [restartedMain] c.j.practica.JohnsonSistemaApplication   : Started JohnsonSistemaApplication in 7.979 seconds (process running for 421.91)
2026-03-17T12:50:22.878-06:00  INFO 9880 --- [johnson-sistema] [restartedMain] c.johnson.practica.config.CargadorDatos  : Cargando datos iniciales...
2026-03-17T12:50:24.256-06:00  INFO 9880 --- [johnson-sistema] [restartedMain] .ConditionEvaluationDeltaLoggingListener : Condition evaluation unchanged
2026-03-17T12:51:22.838-06:00  INFO 9880 --- [johnson-sistema] [MessageBroker-1] o.s.w.s.c.WebSocketMessageBrokerStats    : WebSocketSession[0 current WS(0)-HttpStream(0)-HttpPoll(0), 0 total, 0 closed abnormally (0 connect failure, 0 send limit, 0 transport error)], stompSubProtocol[processed CONNECT(0)-CONNECTED(0)-DISCONNECT(0)], stompBrokerRelay[null], inboundChannel[pool size = 0, active threads = 0, queued tasks = 0, completed tasks = 0], outboundChannel[pool size = 0, active threads = 0, queued tasks = 0, completed tasks = 0], sockJsScheduler[pool size = 3, active threads = 1, queued tasks = 2, completed tasks = 0]
2026-03-17T12:57:05.894-06:00  INFO 9880 --- [johnson-sistema] [File Watcher] rtingClassPathChangeChangedEventListener : Restarting due to 1 class path change (0 additions, 0 deletions, 1 modification)
2026-03-17T12:57:06.066-06:00  INFO 9880 --- [johnson-sistema] [Thread-8] o.s.b.w.e.tomcat.GracefulShutdown        : Commencing graceful shutdown. Waiting for active requests to complete
2026-03-17T12:57:08.667-06:00  INFO 9880 --- [johnson-sistema] [tomcat-shutdown] o.s.b.w.e.tomcat.GracefulShutdown        : Graceful shutdown complete
2026-03-17T12:57:08.671-06:00  INFO 9880 --- [johnson-sistema] [Thread-8] o.s.m.s.b.SimpleBrokerMessageHandler     : Stopping...
2026-03-17T12:57:08.674-06:00  INFO 9880 --- [johnson-sistema] [Thread-8] o.s.m.s.b.SimpleBrokerMessageHandler     : BrokerAvailabilityEvent[available=false, SimpleBrokerMessageHandler [org.springframework.messaging.simp.broker.DefaultSubscriptionRegistry@47d156a7]]
2026-03-17T12:57:08.680-06:00  INFO 9880 --- [johnson-sistema] [Thread-8] o.s.m.s.b.SimpleBrokerMessageHandler     : Stopped.
2026-03-17T12:57:08.689-06:00  INFO 9880 --- [johnson-sistema] [Thread-8] j.LocalContainerEntityManagerFactoryBean : Closing JPA EntityManagerFactory for persistence unit 'default'
2026-03-17T12:57:08.691-06:00  INFO 9880 --- [johnson-sistema] [Thread-8] com.zaxxer.hikari.HikariDataSource       : HikariPool-2 - Shutdown initiated...
2026-03-17T12:57:08.694-06:00  INFO 9880 --- [johnson-sistema] [Thread-8] com.zaxxer.hikari.HikariDataSource       : HikariPool-2 - Shutdown completed.
2026-03-17T12:57:09.069-06:00  INFO 9880 --- [johnson-sistema] [restartedMain] c.j.practica.JohnsonSistemaApplication   : Starting JohnsonSistemaApplication using Java 17.0.12 with PID 9880 (C:\Users\User\OneDrive\Escritorio\Escuela\PRACTICAS\Sistema_Johnson\johnson-sistema\target\classes started by Franco in C:\Users\User\OneDrive\Escritorio\Escuela\PRACTICAS\Sistema_Johnson\johnson-sistema)
2026-03-17T12:57:09.073-06:00  INFO 9880 --- [johnson-sistema] [restartedMain] c.j.practica.JohnsonSistemaApplication   : No active profile set, falling back to 1 default profile: "default"
2026-03-17T12:57:11.230-06:00  INFO 9880 --- [johnson-sistema] [restartedMain] .s.d.r.c.RepositoryConfigurationDelegate : Bootstrapping Spring Data JPA repositories in DEFAULT mode.
2026-03-17T12:57:11.340-06:00  INFO 9880 --- [johnson-sistema] [restartedMain] .s.d.r.c.RepositoryConfigurationDelegate : Finished Spring Data repository scanning in 105 ms. Found 10 JPA repository interfaces.
2026-03-17T12:57:12.063-06:00  INFO 9880 --- [johnson-sistema] [restartedMain] o.s.b.w.embedded.tomcat.TomcatWebServer  : Tomcat initialized with port 8081 (http)
2026-03-17T12:57:12.073-06:00  INFO 9880 --- [johnson-sistema] [restartedMain] o.apache.catalina.core.StandardService   : Starting service [Tomcat]
2026-03-17T12:57:12.083-06:00  INFO 9880 --- [johnson-sistema] [restartedMain] o.apache.catalina.core.StandardEngine    : Starting Servlet engine: [Apache Tomcat/10.1.50]
2026-03-17T12:57:12.197-06:00  INFO 9880 --- [johnson-sistema] [restartedMain] o.a.c.c.C.[Tomcat].[localhost].[/]       : Initializing Spring embedded WebApplicationContext
2026-03-17T12:57:12.198-06:00  INFO 9880 --- [johnson-sistema] [restartedMain] w.s.c.ServletWebServerApplicationContext : Root WebApplicationContext: initialization completed in 3103 ms
2026-03-17T12:57:12.586-06:00  INFO 9880 --- [johnson-sistema] [restartedMain] com.zaxxer.hikari.HikariDataSource       : HikariPool-3 - Starting...
2026-03-17T12:57:12.786-06:00  INFO 9880 --- [johnson-sistema] [restartedMain] com.zaxxer.hikari.pool.HikariPool        : HikariPool-3 - Added connection org.postgresql.jdbc.PgConnection@2849dbaf
2026-03-17T12:57:12.788-06:00  INFO 9880 --- [johnson-sistema] [restartedMain] com.zaxxer.hikari.HikariDataSource       : HikariPool-3 - Start completed.
2026-03-17T12:57:12.851-06:00  INFO 9880 --- [johnson-sistema] [restartedMain] liquibase.database                       : Set default schema name to public
2026-03-17T12:57:13.086-06:00  INFO 9880 --- [johnson-sistema] [restartedMain] liquibase.changelog                      : Reading from public.databasechangelog
2026-03-17T12:57:13.153-06:00  INFO 9880 --- [johnson-sistema] [restartedMain] liquibase.ui                             : Database is up to date, no changesets to execute
2026-03-17T12:57:13.158-06:00  INFO 9880 --- [johnson-sistema] [restartedMain] liquibase.changelog                      : Reading from public.databasechangelog
2026-03-17T12:57:13.170-06:00  INFO 9880 --- [johnson-sistema] [restartedMain] liquibase.util                           : UPDATE SUMMARY
2026-03-17T12:57:13.171-06:00  INFO 9880 --- [johnson-sistema] [restartedMain] liquibase.util                           : Run:                          0
2026-03-17T12:57:13.172-06:00  INFO 9880 --- [johnson-sistema] [restartedMain] liquibase.util                           : Previously run:               1
2026-03-17T12:57:13.174-06:00  INFO 9880 --- [johnson-sistema] [restartedMain] liquibase.util                           : Filtered out:                 0
2026-03-17T12:57:13.180-06:00  INFO 9880 --- [johnson-sistema] [restartedMain] liquibase.util                           : -------------------------------
2026-03-17T12:57:13.181-06:00  INFO 9880 --- [johnson-sistema] [restartedMain] liquibase.util                           : Total change sets:            1
2026-03-17T12:57:13.182-06:00  INFO 9880 --- [johnson-sistema] [restartedMain] liquibase.util                           : Update summary generated
2026-03-17T12:57:13.183-06:00  INFO 9880 --- [johnson-sistema] [restartedMain] liquibase.command                        : Command execution complete
2026-03-17T12:57:13.270-06:00  INFO 9880 --- [johnson-sistema] [restartedMain] o.hibernate.jpa.internal.util.LogHelper  : HHH000204: Processing PersistenceUnitInfo [name: default]
2026-03-17T12:57:13.286-06:00  INFO 9880 --- [johnson-sistema] [restartedMain] o.h.c.internal.RegionFactoryInitiator    : HHH000026: Second-level cache disabled
2026-03-17T12:57:13.354-06:00  INFO 9880 --- [johnson-sistema] [restartedMain] o.s.o.j.p.SpringPersistenceUnitInfo      : No LoadTimeWeaver setup: ignoring JPA class transformer
2026-03-17T12:57:13.368-06:00  WARN 9880 --- [johnson-sistema] [restartedMain] org.hibernate.orm.deprecation            : HHH90000025: PostgreSQLDialect does not need to be specified explicitly using 'hibernate.dialect' (remove the property setting and it will be selected by default)
2026-03-17T12:57:13.375-06:00  INFO 9880 --- [johnson-sistema] [restartedMain] org.hibernate.orm.connections.pooling    : HHH10001005: Database info:
	Database JDBC URL [Connecting through datasource 'HikariDataSource (HikariPool-3)']
	Database driver: undefined/unknown
	Database version: 15.17
	Autocommit mode: undefined/unknown
	Isolation level: undefined/unknown
	Minimum pool size: undefined/unknown
	Maximum pool size: undefined/unknown
2026-03-17T12:57:14.155-06:00  INFO 9880 --- [johnson-sistema] [restartedMain] o.h.e.t.j.p.i.JtaPlatformInitiator       : HHH000489: No JTA platform available (set 'hibernate.transaction.jta.platform' to enable JTA platform integration)
2026-03-17T12:57:14.237-06:00  INFO 9880 --- [johnson-sistema] [restartedMain] j.LocalContainerEntityManagerFactoryBean : Initialized JPA EntityManagerFactory for persistence unit 'default'
2026-03-17T12:57:17.467-06:00  WARN 9880 --- [johnson-sistema] [restartedMain] JpaBaseConfiguration$JpaWebConfiguration : spring.jpa.open-in-view is enabled by default. Therefore, database queries may be performed during view rendering. Explicitly configure spring.jpa.open-in-view to disable this warning
2026-03-17T12:57:17.726-06:00  INFO 9880 --- [johnson-sistema] [restartedMain] o.s.b.a.w.s.WelcomePageHandlerMapping    : Adding welcome page template: index
2026-03-17T12:57:18.150-06:00  INFO 9880 --- [johnson-sistema] [restartedMain] r$InitializeUserDetailsManagerConfigurer : Global AuthenticationManager configured with UserDetailsService bean with name detallesUsuarioServicio
2026-03-17T12:57:19.155-06:00  INFO 9880 --- [johnson-sistema] [restartedMain] o.s.b.d.a.OptionalLiveReloadServer       : LiveReload server is running on port 35729
2026-03-17T12:57:19.183-06:00  INFO 9880 --- [johnson-sistema] [restartedMain] o.s.m.s.b.SimpleBrokerMessageHandler     : Starting...
2026-03-17T12:57:19.183-06:00  INFO 9880 --- [johnson-sistema] [restartedMain] o.s.m.s.b.SimpleBrokerMessageHandler     : BrokerAvailabilityEvent[available=true, SimpleBrokerMessageHandler [org.springframework.messaging.simp.broker.DefaultSubscriptionRegistry@67e07dd6]]
2026-03-17T12:57:19.183-06:00  INFO 9880 --- [johnson-sistema] [restartedMain] o.s.m.s.b.SimpleBrokerMessageHandler     : Started.
2026-03-17T12:57:19.202-06:00  INFO 9880 --- [johnson-sistema] [restartedMain] o.s.b.w.embedded.tomcat.TomcatWebServer  : Tomcat started on port 8081 (http) with context path '/'
2026-03-17T12:57:19.219-06:00  INFO 9880 --- [johnson-sistema] [restartedMain] c.j.practica.JohnsonSistemaApplication   : Started JohnsonSistemaApplication in 10.272 seconds (process running for 838.266)
2026-03-17T12:57:19.233-06:00  INFO 9880 --- [johnson-sistema] [restartedMain] c.johnson.practica.config.CargadorDatos  : Cargando datos iniciales...
2026-03-17T12:57:20.590-06:00  INFO 9880 --- [johnson-sistema] [restartedMain] .ConditionEvaluationDeltaLoggingListener : Condition evaluation unchanged
2026-03-17T12:57:20.804-06:00  INFO 9880 --- [johnson-sistema] [File Watcher] rtingClassPathChangeChangedEventListener : Restarting due to 1 class path change (0 additions, 0 deletions, 1 modification)
2026-03-17T12:57:20.935-06:00  INFO 9880 --- [johnson-sistema] [Thread-12] o.s.b.w.e.tomcat.GracefulShutdown        : Commencing graceful shutdown. Waiting for active requests to complete
2026-03-17T12:57:23.271-06:00  INFO 9880 --- [johnson-sistema] [tomcat-shutdown] o.s.b.w.e.tomcat.GracefulShutdown        : Graceful shutdown complete
2026-03-17T12:57:23.275-06:00  INFO 9880 --- [johnson-sistema] [Thread-12] o.s.m.s.b.SimpleBrokerMessageHandler     : Stopping...
2026-03-17T12:57:23.285-06:00  INFO 9880 --- [johnson-sistema] [Thread-12] o.s.m.s.b.SimpleBrokerMessageHandler     : BrokerAvailabilityEvent[available=false, SimpleBrokerMessageHandler [org.springframework.messaging.simp.broker.DefaultSubscriptionRegistry@67e07dd6]]
2026-03-17T12:57:23.289-06:00  INFO 9880 --- [johnson-sistema] [Thread-12] o.s.m.s.b.SimpleBrokerMessageHandler     : Stopped.
2026-03-17T12:57:23.304-06:00  INFO 9880 --- [johnson-sistema] [Thread-12] j.LocalContainerEntityManagerFactoryBean : Closing JPA EntityManagerFactory for persistence unit 'default'
2026-03-17T12:57:23.308-06:00  INFO 9880 --- [johnson-sistema] [Thread-12] com.zaxxer.hikari.HikariDataSource       : HikariPool-3 - Shutdown initiated...
2026-03-17T12:57:23.325-06:00  INFO 9880 --- [johnson-sistema] [Thread-12] com.zaxxer.hikari.HikariDataSource       : HikariPool-3 - Shutdown completed.
2026-03-17T12:57:23.604-06:00  INFO 9880 --- [johnson-sistema] [restartedMain] c.j.practica.JohnsonSistemaApplication   : Starting JohnsonSistemaApplication using Java 17.0.12 with PID 9880 (C:\Users\User\OneDrive\Escritorio\Escuela\PRACTICAS\Sistema_Johnson\johnson-sistema\target\classes started by Franco in C:\Users\User\OneDrive\Escritorio\Escuela\PRACTICAS\Sistema_Johnson\johnson-sistema)
2026-03-17T12:57:23.606-06:00  INFO 9880 --- [johnson-sistema] [restartedMain] c.j.practica.JohnsonSistemaApplication   : No active profile set, falling back to 1 default profile: "default"
2026-03-17T12:57:24.524-06:00  INFO 9880 --- [johnson-sistema] [restartedMain] .s.d.r.c.RepositoryConfigurationDelegate : Bootstrapping Spring Data JPA repositories in DEFAULT mode.
2026-03-17T12:57:24.639-06:00  INFO 9880 --- [johnson-sistema] [restartedMain] .s.d.r.c.RepositoryConfigurationDelegate : Finished Spring Data repository scanning in 109 ms. Found 10 JPA repository interfaces.
2026-03-17T12:57:25.166-06:00  INFO 9880 --- [johnson-sistema] [restartedMain] o.s.b.w.embedded.tomcat.TomcatWebServer  : Tomcat initialized with port 8081 (http)
2026-03-17T12:57:25.172-06:00  INFO 9880 --- [johnson-sistema] [restartedMain] o.apache.catalina.core.StandardService   : Starting service [Tomcat]
2026-03-17T12:57:25.176-06:00  INFO 9880 --- [johnson-sistema] [restartedMain] o.apache.catalina.core.StandardEngine    : Starting Servlet engine: [Apache Tomcat/10.1.50]
2026-03-17T12:57:25.257-06:00  INFO 9880 --- [johnson-sistema] [restartedMain] o.a.c.c.C.[Tomcat].[localhost].[/]       : Initializing Spring embedded WebApplicationContext
2026-03-17T12:57:25.258-06:00  INFO 9880 --- [johnson-sistema] [restartedMain] w.s.c.ServletWebServerApplicationContext : Root WebApplicationContext: initialization completed in 1643 ms
2026-03-17T12:57:25.437-06:00  INFO 9880 --- [johnson-sistema] [restartedMain] com.zaxxer.hikari.HikariDataSource       : HikariPool-4 - Starting...
2026-03-17T12:57:25.694-06:00  INFO 9880 --- [johnson-sistema] [restartedMain] com.zaxxer.hikari.pool.HikariPool        : HikariPool-4 - Added connection org.postgresql.jdbc.PgConnection@4435ffad
2026-03-17T12:57:25.696-06:00  INFO 9880 --- [johnson-sistema] [restartedMain] com.zaxxer.hikari.HikariDataSource       : HikariPool-4 - Start completed.
2026-03-17T12:57:25.737-06:00  INFO 9880 --- [johnson-sistema] [restartedMain] liquibase.database                       : Set default schema name to public
2026-03-17T12:57:26.044-06:00  INFO 9880 --- [johnson-sistema] [restartedMain] liquibase.changelog                      : Reading from public.databasechangelog
2026-03-17T12:57:26.189-06:00  INFO 9880 --- [johnson-sistema] [restartedMain] liquibase.lockservice                    : Successfully acquired change log lock
2026-03-17T12:57:26.193-06:00  INFO 9880 --- [johnson-sistema] [restartedMain] liquibase.command                        : Using deploymentId: 3773845436
2026-03-17T12:57:26.198-06:00  INFO 9880 --- [johnson-sistema] [restartedMain] liquibase.changelog                      : Reading from public.databasechangelog
2026-03-17T12:57:26.231-06:00  INFO 9880 --- [johnson-sistema] [restartedMain] liquibase.ui                             : Running Changeset: db/changelog/cambios/datos-catalogo.sql::2::franco
2026-03-17T12:57:26.336-06:00  INFO 9880 --- [johnson-sistema] [restartedMain] liquibase.changelog                      : Custom SQL executed
2026-03-17T12:57:26.342-06:00  INFO 9880 --- [johnson-sistema] [restartedMain] liquibase.changelog                      : ChangeSet db/changelog/cambios/datos-catalogo.sql::2::franco ran successfully in 90ms
2026-03-17T12:57:26.371-06:00  INFO 9880 --- [johnson-sistema] [restartedMain] liquibase.util                           : UPDATE SUMMARY
2026-03-17T12:57:26.372-06:00  INFO 9880 --- [johnson-sistema] [restartedMain] liquibase.util                           : Run:                          1
2026-03-17T12:57:26.378-06:00  INFO 9880 --- [johnson-sistema] [restartedMain] liquibase.util                           : Previously run:               1
2026-03-17T12:57:26.380-06:00  INFO 9880 --- [johnson-sistema] [restartedMain] liquibase.util                           : Filtered out:                 0
2026-03-17T12:57:26.382-06:00  INFO 9880 --- [johnson-sistema] [restartedMain] liquibase.util                           : -------------------------------
2026-03-17T12:57:26.384-06:00  INFO 9880 --- [johnson-sistema] [restartedMain] liquibase.util                           : Total change sets:            2
2026-03-17T12:57:26.385-06:00  INFO 9880 --- [johnson-sistema] [restartedMain] liquibase.util                           : Update summary generated
2026-03-17T12:57:26.387-06:00  INFO 9880 --- [johnson-sistema] [restartedMain] liquibase.command                        : Update command completed successfully.
2026-03-17T12:57:26.388-06:00  INFO 9880 --- [johnson-sistema] [restartedMain] liquibase.ui                             : Liquibase: Update has been successful. Rows affected: 86
2026-03-17T12:57:26.411-06:00  INFO 9880 --- [johnson-sistema] [restartedMain] liquibase.lockservice                    : Successfully released change log lock
2026-03-17T12:57:26.416-06:00  INFO 9880 --- [johnson-sistema] [restartedMain] liquibase.command                        : Command execution complete
2026-03-17T12:57:26.519-06:00  INFO 9880 --- [johnson-sistema] [restartedMain] o.hibernate.jpa.internal.util.LogHelper  : HHH000204: Processing PersistenceUnitInfo [name: default]
2026-03-17T12:57:26.529-06:00  INFO 9880 --- [johnson-sistema] [restartedMain] o.h.c.internal.RegionFactoryInitiator    : HHH000026: Second-level cache disabled
2026-03-17T12:57:26.568-06:00  INFO 9880 --- [johnson-sistema] [restartedMain] o.s.o.j.p.SpringPersistenceUnitInfo      : No LoadTimeWeaver setup: ignoring JPA class transformer
2026-03-17T12:57:26.594-06:00  WARN 9880 --- [johnson-sistema] [restartedMain] org.hibernate.orm.deprecation            : HHH90000025: PostgreSQLDialect does not need to be specified explicitly using 'hibernate.dialect' (remove the property setting and it will be selected by default)
2026-03-17T12:57:26.603-06:00  INFO 9880 --- [johnson-sistema] [restartedMain] org.hibernate.orm.connections.pooling    : HHH10001005: Database info:
	Database JDBC URL [Connecting through datasource 'HikariDataSource (HikariPool-4)']
	Database driver: undefined/unknown
	Database version: 15.17
	Autocommit mode: undefined/unknown
	Isolation level: undefined/unknown
	Minimum pool size: undefined/unknown
	Maximum pool size: undefined/unknown
2026-03-17T12:57:27.014-06:00  INFO 9880 --- [johnson-sistema] [restartedMain] o.h.e.t.j.p.i.JtaPlatformInitiator       : HHH000489: No JTA platform available (set 'hibernate.transaction.jta.platform' to enable JTA platform integration)
2026-03-17T12:57:27.045-06:00  INFO 9880 --- [johnson-sistema] [restartedMain] j.LocalContainerEntityManagerFactoryBean : Initialized JPA EntityManagerFactory for persistence unit 'default'
2026-03-17T12:57:29.919-06:00  WARN 9880 --- [johnson-sistema] [restartedMain] JpaBaseConfiguration$JpaWebConfiguration : spring.jpa.open-in-view is enabled by default. Therefore, database queries may be performed during view rendering. Explicitly configure spring.jpa.open-in-view to disable this warning
2026-03-17T12:57:30.277-06:00  INFO 9880 --- [johnson-sistema] [restartedMain] o.s.b.a.w.s.WelcomePageHandlerMapping    : Adding welcome page template: index
2026-03-17T12:57:30.638-06:00  INFO 9880 --- [johnson-sistema] [restartedMain] r$InitializeUserDetailsManagerConfigurer : Global AuthenticationManager configured with UserDetailsService bean with name detallesUsuarioServicio
2026-03-17T12:57:31.230-06:00  INFO 9880 --- [johnson-sistema] [restartedMain] o.s.b.d.a.OptionalLiveReloadServer       : LiveReload server is running on port 35729
2026-03-17T12:57:31.264-06:00  INFO 9880 --- [johnson-sistema] [restartedMain] o.s.m.s.b.SimpleBrokerMessageHandler     : Starting...
2026-03-17T12:57:31.265-06:00  INFO 9880 --- [johnson-sistema] [restartedMain] o.s.m.s.b.SimpleBrokerMessageHandler     : BrokerAvailabilityEvent[available=true, SimpleBrokerMessageHandler [org.springframework.messaging.simp.broker.DefaultSubscriptionRegistry@235a21c7]]
2026-03-17T12:57:31.277-06:00  INFO 9880 --- [johnson-sistema] [restartedMain] o.s.m.s.b.SimpleBrokerMessageHandler     : Started.
2026-03-17T12:57:31.299-06:00  INFO 9880 --- [johnson-sistema] [restartedMain] o.s.b.w.embedded.tomcat.TomcatWebServer  : Tomcat started on port 8081 (http) with context path '/'
2026-03-17T12:57:31.322-06:00  INFO 9880 --- [johnson-sistema] [restartedMain] c.j.practica.JohnsonSistemaApplication   : Started JohnsonSistemaApplication in 7.805 seconds (process running for 850.368)
2026-03-17T12:57:31.342-06:00  INFO 9880 --- [johnson-sistema] [restartedMain] c.johnson.practica.config.CargadorDatos  : Cargando datos iniciales...
2026-03-17T12:57:32.248-06:00  INFO 9880 --- [johnson-sistema] [restartedMain] .ConditionEvaluationDeltaLoggingListener : Condition evaluation unchanged
2026-03-17T12:57:32.825-06:00  INFO 9880 --- [johnson-sistema] [File Watcher] rtingClassPathChangeChangedEventListener : Restarting due to 1 class path change (0 additions, 0 deletions, 1 modification)
2026-03-17T12:57:32.835-06:00  INFO 9880 --- [johnson-sistema] [Thread-16] o.s.b.w.e.tomcat.GracefulShutdown        : Commencing graceful shutdown. Waiting for active requests to complete
2026-03-17T12:57:34.657-06:00  INFO 9880 --- [johnson-sistema] [tomcat-shutdown] o.s.b.w.e.tomcat.GracefulShutdown        : Graceful shutdown complete
2026-03-17T12:57:34.666-06:00  INFO 9880 --- [johnson-sistema] [Thread-16] o.s.m.s.b.SimpleBrokerMessageHandler     : Stopping...
2026-03-17T12:57:34.667-06:00  INFO 9880 --- [johnson-sistema] [Thread-16] o.s.m.s.b.SimpleBrokerMessageHandler     : BrokerAvailabilityEvent[available=false, SimpleBrokerMessageHandler [org.springframework.messaging.simp.broker.DefaultSubscriptionRegistry@235a21c7]]
2026-03-17T12:57:34.669-06:00  INFO 9880 --- [johnson-sistema] [Thread-16] o.s.m.s.b.SimpleBrokerMessageHandler     : Stopped.
2026-03-17T12:57:34.679-06:00  INFO 9880 --- [johnson-sistema] [Thread-16] j.LocalContainerEntityManagerFactoryBean : Closing JPA EntityManagerFactory for persistence unit 'default'
2026-03-17T12:57:34.683-06:00  INFO 9880 --- [johnson-sistema] [Thread-16] com.zaxxer.hikari.HikariDataSource       : HikariPool-4 - Shutdown initiated...
2026-03-17T12:57:34.701-06:00  INFO 9880 --- [johnson-sistema] [Thread-16] com.zaxxer.hikari.HikariDataSource       : HikariPool-4 - Shutdown completed.
2026-03-17T12:58:49.253-06:00  INFO 23520 --- [johnson-sistema] [restartedMain] c.j.practica.JohnsonSistemaApplication   : Starting JohnsonSistemaApplication using Java 17.0.12 with PID 23520 (C:\Users\User\OneDrive\Escritorio\Escuela\PRACTICAS\Sistema_Johnson\johnson-sistema\target\classes started by Franco in C:\Users\User\OneDrive\Escritorio\Escuela\PRACTICAS\Sistema_Johnson\johnson-sistema)
2026-03-17T12:58:49.258-06:00  INFO 23520 --- [johnson-sistema] [restartedMain] c.j.practica.JohnsonSistemaApplication   : No active profile set, falling back to 1 default profile: "default"
2026-03-17T12:58:49.432-06:00  INFO 23520 --- [johnson-sistema] [restartedMain] .e.DevToolsPropertyDefaultsPostProcessor : Devtools property defaults active! Set 'spring.devtools.add-properties' to 'false' to disable
2026-03-17T12:58:49.444-06:00  INFO 23520 --- [johnson-sistema] [restartedMain] .e.DevToolsPropertyDefaultsPostProcessor : For additional web related logging consider setting the 'logging.level.web' property to 'DEBUG'
2026-03-17T12:58:52.904-06:00  INFO 23520 --- [johnson-sistema] [restartedMain] .s.d.r.c.RepositoryConfigurationDelegate : Bootstrapping Spring Data JPA repositories in DEFAULT mode.
2026-03-17T12:58:53.239-06:00  INFO 23520 --- [johnson-sistema] [restartedMain] .s.d.r.c.RepositoryConfigurationDelegate : Finished Spring Data repository scanning in 299 ms. Found 10 JPA repository interfaces.
2026-03-17T12:58:55.745-06:00  INFO 23520 --- [johnson-sistema] [restartedMain] o.s.b.w.embedded.tomcat.TomcatWebServer  : Tomcat initialized with port 8081 (http)
2026-03-17T12:58:55.778-06:00  INFO 23520 --- [johnson-sistema] [restartedMain] o.apache.catalina.core.StandardService   : Starting service [Tomcat]
2026-03-17T12:58:55.781-06:00  INFO 23520 --- [johnson-sistema] [restartedMain] o.apache.catalina.core.StandardEngine    : Starting Servlet engine: [Apache Tomcat/10.1.50]
2026-03-17T12:58:55.970-06:00  INFO 23520 --- [johnson-sistema] [restartedMain] o.a.c.c.C.[Tomcat].[localhost].[/]       : Initializing Spring embedded WebApplicationContext
2026-03-17T12:58:55.973-06:00  INFO 23520 --- [johnson-sistema] [restartedMain] w.s.c.ServletWebServerApplicationContext : Root WebApplicationContext: initialization completed in 6522 ms
2026-03-17T12:58:58.228-06:00  INFO 23520 --- [johnson-sistema] [restartedMain] com.zaxxer.hikari.HikariDataSource       : HikariPool-1 - Starting...
2026-03-17T12:58:59.389-06:00  WARN 23520 --- [johnson-sistema] [restartedMain] ConfigServletWebServerApplicationContext : Exception encountered during context initialization - cancelling refresh attempt: org.springframework.beans.factory.BeanCreationException: Error creating bean with name 'entityManagerFactory' defined in class path resource [org/springframework/boot/autoconfigure/orm/jpa/HibernateJpaConfiguration.class]: Failed to initialize dependency 'liquibase' of LoadTimeWeaverAware bean 'entityManagerFactory': Error creating bean with name 'liquibase' defined in class path resource [org/springframework/boot/autoconfigure/liquibase/LiquibaseAutoConfiguration$LiquibaseConfiguration.class]: liquibase.exception.DatabaseException: org.postgresql.util.PSQLException: FATAL: the database system is starting up
2026-03-17T12:58:59.391-06:00  INFO 23520 --- [johnson-sistema] [restartedMain] o.apache.catalina.core.StandardService   : Stopping service [Tomcat]
2026-03-17T12:58:59.475-06:00  INFO 23520 --- [johnson-sistema] [restartedMain] .s.b.a.l.ConditionEvaluationReportLogger : 

Error starting ApplicationContext. To display the condition evaluation report re-run your application with 'debug' enabled.
2026-03-17T12:58:59.499-06:00 ERROR 23520 --- [johnson-sistema] [restartedMain] o.s.boot.SpringApplication               : Application run failed

org.springframework.beans.factory.BeanCreationException: Error creating bean with name 'entityManagerFactory' defined in class path resource [org/springframework/boot/autoconfigure/orm/jpa/HibernateJpaConfiguration.class]: Failed to initialize dependency 'liquibase' of LoadTimeWeaverAware bean 'entityManagerFactory': Error creating bean with name 'liquibase' defined in class path resource [org/springframework/boot/autoconfigure/liquibase/LiquibaseAutoConfiguration$LiquibaseConfiguration.class]: liquibase.exception.DatabaseException: org.postgresql.util.PSQLException: FATAL: the database system is starting up
	at org.springframework.beans.factory.support.AbstractBeanFactory.doGetBean(AbstractBeanFactory.java:328) ~[spring-beans-6.2.15.jar:6.2.15]
	at org.springframework.beans.factory.support.AbstractBeanFactory.getBean(AbstractBeanFactory.java:207) ~[spring-beans-6.2.15.jar:6.2.15]
	at org.springframework.context.support.AbstractApplicationContext.finishBeanFactoryInitialization(AbstractApplicationContext.java:973) ~[spring-context-6.2.15.jar:6.2.15]
	at org.springframework.context.support.AbstractApplicationContext.refresh(AbstractApplicationContext.java:627) ~[spring-context-6.2.15.jar:6.2.15]
	at org.springframework.boot.web.servlet.context.ServletWebServerApplicationContext.refresh(ServletWebServerApplicationContext.java:146) ~[spring-boot-3.5.10.jar:3.5.10]
	at org.springframework.boot.SpringApplication.refresh(SpringApplication.java:752) ~[spring-boot-3.5.10.jar:3.5.10]
	at org.springframework.boot.SpringApplication.refreshContext(SpringApplication.java:439) ~[spring-boot-3.5.10.jar:3.5.10]
	at org.springframework.boot.SpringApplication.run(SpringApplication.java:318) ~[spring-boot-3.5.10.jar:3.5.10]
	at org.springframework.boot.SpringApplication.run(SpringApplication.java:1361) ~[spring-boot-3.5.10.jar:3.5.10]
	at org.springframework.boot.SpringApplication.run(SpringApplication.java:1350) ~[spring-boot-3.5.10.jar:3.5.10]
	at com.johnson.practica.JohnsonSistemaApplication.main(JohnsonSistemaApplication.java:16) ~[classes/:na]
	at java.base/jdk.internal.reflect.NativeMethodAccessorImpl.invoke0(Native Method) ~[na:na]
	at java.base/jdk.internal.reflect.NativeMethodAccessorImpl.invoke(NativeMethodAccessorImpl.java:77) ~[na:na]
	at java.base/jdk.internal.reflect.DelegatingMethodAccessorImpl.invoke(DelegatingMethodAccessorImpl.java:43) ~[na:na]
	at java.base/java.lang.reflect.Method.invoke(Method.java:568) ~[na:na]
	at org.springframework.boot.devtools.restart.RestartLauncher.run(RestartLauncher.java:50) ~[spring-boot-devtools-3.5.10.jar:3.5.10]
Caused by: org.springframework.beans.factory.BeanCreationException: Error creating bean with name 'liquibase' defined in class path resource [org/springframework/boot/autoconfigure/liquibase/LiquibaseAutoConfiguration$LiquibaseConfiguration.class]: liquibase.exception.DatabaseException: org.postgresql.util.PSQLException: FATAL: the database system is starting up
	at org.springframework.beans.factory.support.AbstractAutowireCapableBeanFactory.initializeBean(AbstractAutowireCapableBeanFactory.java:1826) ~[spring-beans-6.2.15.jar:6.2.15]
	at org.springframework.beans.factory.support.AbstractAutowireCapableBeanFactory.doCreateBean(AbstractAutowireCapableBeanFactory.java:607) ~[spring-beans-6.2.15.jar:6.2.15]
	at org.springframework.beans.factory.support.AbstractAutowireCapableBeanFactory.createBean(AbstractAutowireCapableBeanFactory.java:529) ~[spring-beans-6.2.15.jar:6.2.15]
	at org.springframework.beans.factory.support.AbstractBeanFactory.lambda$doGetBean$0(AbstractBeanFactory.java:339) ~[spring-beans-6.2.15.jar:6.2.15]
	at org.springframework.beans.factory.support.DefaultSingletonBeanRegistry.getSingleton(DefaultSingletonBeanRegistry.java:373) ~[spring-beans-6.2.15.jar:6.2.15]
	at org.springframework.beans.factory.support.AbstractBeanFactory.doGetBean(AbstractBeanFactory.java:337) ~[spring-beans-6.2.15.jar:6.2.15]
	at org.springframework.beans.factory.support.AbstractBeanFactory.getBean(AbstractBeanFactory.java:202) ~[spring-beans-6.2.15.jar:6.2.15]
	at org.springframework.beans.factory.support.AbstractBeanFactory.doGetBean(AbstractBeanFactory.java:315) ~[spring-beans-6.2.15.jar:6.2.15]
	... 15 common frames omitted
Caused by: liquibase.exception.LiquibaseException: liquibase.exception.DatabaseException: org.postgresql.util.PSQLException: FATAL: the database system is starting up
	at liquibase.integration.spring.SpringLiquibase.afterPropertiesSet(SpringLiquibase.java:288) ~[liquibase-core-4.31.1.jar:na]
	at org.springframework.beans.factory.support.AbstractAutowireCapableBeanFactory.invokeInitMethods(AbstractAutowireCapableBeanFactory.java:1873) ~[spring-beans-6.2.15.jar:6.2.15]
	at org.springframework.beans.factory.support.AbstractAutowireCapableBeanFactory.initializeBean(AbstractAutowireCapableBeanFactory.java:1822) ~[spring-beans-6.2.15.jar:6.2.15]
	... 22 common frames omitted
Caused by: liquibase.exception.DatabaseException: org.postgresql.util.PSQLException: FATAL: the database system is starting up
	at liquibase.integration.spring.SpringLiquibase.lambda$afterPropertiesSet$0(SpringLiquibase.java:280) ~[liquibase-core-4.31.1.jar:na]
	at liquibase.Scope.lambda$child$0(Scope.java:201) ~[liquibase-core-4.31.1.jar:na]
	at liquibase.Scope.child(Scope.java:210) ~[liquibase-core-4.31.1.jar:na]
	at liquibase.Scope.child(Scope.java:200) ~[liquibase-core-4.31.1.jar:na]
	at liquibase.Scope.child(Scope.java:179) ~[liquibase-core-4.31.1.jar:na]
	at liquibase.integration.spring.SpringLiquibase.afterPropertiesSet(SpringLiquibase.java:271) ~[liquibase-core-4.31.1.jar:na]
	... 24 common frames omitted
Caused by: org.postgresql.util.PSQLException: FATAL: the database system is starting up
	at org.postgresql.core.v3.ConnectionFactoryImpl.doAuthentication(ConnectionFactoryImpl.java:778) ~[postgresql-42.7.9.jar:42.7.9]
	at org.postgresql.core.v3.ConnectionFactoryImpl.tryConnect(ConnectionFactoryImpl.java:234) ~[postgresql-42.7.9.jar:42.7.9]
	at org.postgresql.core.v3.ConnectionFactoryImpl.openConnectionImpl(ConnectionFactoryImpl.java:289) ~[postgresql-42.7.9.jar:42.7.9]
	at org.postgresql.core.ConnectionFactory.openConnection(ConnectionFactory.java:57) ~[postgresql-42.7.9.jar:42.7.9]
	at org.postgresql.jdbc.PgConnection.<init>(PgConnection.java:290) ~[postgresql-42.7.9.jar:42.7.9]
	at org.postgresql.Driver.makeConnection(Driver.java:448) ~[postgresql-42.7.9.jar:42.7.9]
	at org.postgresql.Driver.connect(Driver.java:298) ~[postgresql-42.7.9.jar:42.7.9]
	at com.zaxxer.hikari.util.DriverDataSource.getConnection(DriverDataSource.java:144) ~[HikariCP-6.3.3.jar:na]
	at com.zaxxer.hikari.pool.PoolBase.newConnection(PoolBase.java:370) ~[HikariCP-6.3.3.jar:na]
	at com.zaxxer.hikari.pool.PoolBase.newPoolEntry(PoolBase.java:207) ~[HikariCP-6.3.3.jar:na]
	at com.zaxxer.hikari.pool.HikariPool.createPoolEntry(HikariPool.java:488) ~[HikariCP-6.3.3.jar:na]
	at com.zaxxer.hikari.pool.HikariPool.checkFailFast(HikariPool.java:576) ~[HikariCP-6.3.3.jar:na]
	at com.zaxxer.hikari.pool.HikariPool.<init>(HikariPool.java:97) ~[HikariCP-6.3.3.jar:na]
	at com.zaxxer.hikari.HikariDataSource.getConnection(HikariDataSource.java:111) ~[HikariCP-6.3.3.jar:na]
	at liquibase.integration.spring.SpringLiquibase.lambda$afterPropertiesSet$0(SpringLiquibase.java:275) ~[liquibase-core-4.31.1.jar:na]
	... 29 common frames omitted

2026-03-17T13:01:16.463-06:00  INFO 10836 --- [johnson-sistema] [restartedMain] c.j.practica.JohnsonSistemaApplication   : Starting JohnsonSistemaApplication using Java 17.0.12 with PID 10836 (C:\Users\User\OneDrive\Escritorio\Escuela\PRACTICAS\Sistema_Johnson\johnson-sistema\target\classes started by Franco in C:\Users\User\OneDrive\Escritorio\Escuela\PRACTICAS\Sistema_Johnson\johnson-sistema)
2026-03-17T13:01:16.468-06:00  INFO 10836 --- [johnson-sistema] [restartedMain] c.j.practica.JohnsonSistemaApplication   : No active profile set, falling back to 1 default profile: "default"
2026-03-17T13:01:16.556-06:00  INFO 10836 --- [johnson-sistema] [restartedMain] .e.DevToolsPropertyDefaultsPostProcessor : Devtools property defaults active! Set 'spring.devtools.add-properties' to 'false' to disable
2026-03-17T13:01:16.557-06:00  INFO 10836 --- [johnson-sistema] [restartedMain] .e.DevToolsPropertyDefaultsPostProcessor : For additional web related logging consider setting the 'logging.level.web' property to 'DEBUG'
2026-03-17T13:01:18.382-06:00  INFO 10836 --- [johnson-sistema] [restartedMain] .s.d.r.c.RepositoryConfigurationDelegate : Bootstrapping Spring Data JPA repositories in DEFAULT mode.
2026-03-17T13:01:18.562-06:00  INFO 10836 --- [johnson-sistema] [restartedMain] .s.d.r.c.RepositoryConfigurationDelegate : Finished Spring Data repository scanning in 145 ms. Found 10 JPA repository interfaces.
2026-03-17T13:01:20.043-06:00  INFO 10836 --- [johnson-sistema] [restartedMain] o.s.b.w.embedded.tomcat.TomcatWebServer  : Tomcat initialized with port 8081 (http)
2026-03-17T13:01:20.060-06:00  INFO 10836 --- [johnson-sistema] [restartedMain] o.apache.catalina.core.StandardService   : Starting service [Tomcat]
2026-03-17T13:01:20.072-06:00  INFO 10836 --- [johnson-sistema] [restartedMain] o.apache.catalina.core.StandardEngine    : Starting Servlet engine: [Apache Tomcat/10.1.50]
2026-03-17T13:01:20.190-06:00  INFO 10836 --- [johnson-sistema] [restartedMain] o.a.c.c.C.[Tomcat].[localhost].[/]       : Initializing Spring embedded WebApplicationContext
2026-03-17T13:01:20.195-06:00  INFO 10836 --- [johnson-sistema] [restartedMain] w.s.c.ServletWebServerApplicationContext : Root WebApplicationContext: initialization completed in 3635 ms
2026-03-17T13:01:20.690-06:00  INFO 10836 --- [johnson-sistema] [restartedMain] com.zaxxer.hikari.HikariDataSource       : HikariPool-1 - Starting...
2026-03-17T13:01:21.106-06:00  INFO 10836 --- [johnson-sistema] [restartedMain] com.zaxxer.hikari.pool.HikariPool        : HikariPool-1 - Added connection org.postgresql.jdbc.PgConnection@17ca1e23
2026-03-17T13:01:21.110-06:00  INFO 10836 --- [johnson-sistema] [restartedMain] com.zaxxer.hikari.HikariDataSource       : HikariPool-1 - Start completed.
2026-03-17T13:01:21.662-06:00  INFO 10836 --- [johnson-sistema] [restartedMain] liquibase.database                       : Set default schema name to public
2026-03-17T13:01:22.274-06:00  INFO 10836 --- [johnson-sistema] [restartedMain] liquibase.changelog                      : Creating database history table with name: public.databasechangelog
2026-03-17T13:01:22.432-06:00  INFO 10836 --- [johnson-sistema] [restartedMain] liquibase.changelog                      : Reading from public.databasechangelog
2026-03-17T13:01:22.490-06:00  INFO 10836 --- [johnson-sistema] [restartedMain] liquibase.snapshot                       : Creating snapshot
2026-03-17T13:01:22.803-06:00  INFO 10836 --- [johnson-sistema] [restartedMain] liquibase.lockservice                    : Successfully acquired change log lock
2026-03-17T13:01:22.817-06:00  INFO 10836 --- [johnson-sistema] [restartedMain] liquibase.command                        : Using deploymentId: 3774080639
2026-03-17T13:01:22.832-06:00  INFO 10836 --- [johnson-sistema] [restartedMain] liquibase.changelog                      : Reading from public.databasechangelog
2026-03-17T13:01:22.933-06:00  INFO 10836 --- [johnson-sistema] [restartedMain] liquibase.ui                             : Running Changeset: db/changelog/cambios/crear-tablas-iniciales.sql::1::franco
2026-03-17T13:01:23.979-06:00  INFO 10836 --- [johnson-sistema] [restartedMain] liquibase.changelog                      : Custom SQL executed
2026-03-17T13:01:24.002-06:00  INFO 10836 --- [johnson-sistema] [restartedMain] liquibase.changelog                      : ChangeSet db/changelog/cambios/crear-tablas-iniciales.sql::1::franco ran successfully in 1063ms
2026-03-17T13:01:24.067-06:00  INFO 10836 --- [johnson-sistema] [restartedMain] liquibase.ui                             : Running Changeset: db/changelog/cambios/datos-catalogo.sql::2::franco
2026-03-17T13:01:24.156-06:00  INFO 10836 --- [johnson-sistema] [restartedMain] liquibase.changelog                      : Custom SQL executed
2026-03-17T13:01:24.164-06:00  INFO 10836 --- [johnson-sistema] [restartedMain] liquibase.changelog                      : ChangeSet db/changelog/cambios/datos-catalogo.sql::2::franco ran successfully in 96ms
2026-03-17T13:01:24.187-06:00  INFO 10836 --- [johnson-sistema] [restartedMain] liquibase.util                           : UPDATE SUMMARY
2026-03-17T13:01:24.188-06:00  INFO 10836 --- [johnson-sistema] [restartedMain] liquibase.util                           : Run:                          2
2026-03-17T13:01:24.192-06:00  INFO 10836 --- [johnson-sistema] [restartedMain] liquibase.util                           : Previously run:               0
2026-03-17T13:01:24.196-06:00  INFO 10836 --- [johnson-sistema] [restartedMain] liquibase.util                           : Filtered out:                 0
2026-03-17T13:01:24.199-06:00  INFO 10836 --- [johnson-sistema] [restartedMain] liquibase.util                           : -------------------------------
2026-03-17T13:01:24.201-06:00  INFO 10836 --- [johnson-sistema] [restartedMain] liquibase.util                           : Total change sets:            2
2026-03-17T13:01:24.204-06:00  INFO 10836 --- [johnson-sistema] [restartedMain] liquibase.util                           : Update summary generated
2026-03-17T13:01:24.212-06:00  INFO 10836 --- [johnson-sistema] [restartedMain] liquibase.command                        : Update command completed successfully.
2026-03-17T13:01:24.213-06:00  INFO 10836 --- [johnson-sistema] [restartedMain] liquibase.ui                             : Liquibase: Update has been successful. Rows affected: 87
2026-03-17T13:01:24.235-06:00  INFO 10836 --- [johnson-sistema] [restartedMain] liquibase.lockservice                    : Successfully released change log lock
2026-03-17T13:01:24.243-06:00  INFO 10836 --- [johnson-sistema] [restartedMain] liquibase.command                        : Command execution complete
2026-03-17T13:01:26.037-06:00  INFO 10836 --- [johnson-sistema] [restartedMain] o.hibernate.jpa.internal.util.LogHelper  : HHH000204: Processing PersistenceUnitInfo [name: default]
2026-03-17T13:01:26.207-06:00  INFO 10836 --- [johnson-sistema] [restartedMain] org.hibernate.Version                    : HHH000412: Hibernate ORM core version 6.6.41.Final
2026-03-17T13:01:26.311-06:00  INFO 10836 --- [johnson-sistema] [restartedMain] o.h.c.internal.RegionFactoryInitiator    : HHH000026: Second-level cache disabled
2026-03-17T13:01:27.097-06:00  INFO 10836 --- [johnson-sistema] [restartedMain] o.s.o.j.p.SpringPersistenceUnitInfo      : No LoadTimeWeaver setup: ignoring JPA class transformer
2026-03-17T13:01:27.203-06:00  WARN 10836 --- [johnson-sistema] [restartedMain] org.hibernate.orm.deprecation            : HHH90000025: PostgreSQLDialect does not need to be specified explicitly using 'hibernate.dialect' (remove the property setting and it will be selected by default)
2026-03-17T13:01:27.242-06:00  INFO 10836 --- [johnson-sistema] [restartedMain] org.hibernate.orm.connections.pooling    : HHH10001005: Database info:
	Database JDBC URL [Connecting through datasource 'HikariDataSource (HikariPool-1)']
	Database driver: undefined/unknown
	Database version: 15.17
	Autocommit mode: undefined/unknown
	Isolation level: undefined/unknown
	Minimum pool size: undefined/unknown
	Maximum pool size: undefined/unknown
2026-03-17T13:01:29.567-06:00  INFO 10836 --- [johnson-sistema] [restartedMain] o.h.e.t.j.p.i.JtaPlatformInitiator       : HHH000489: No JTA platform available (set 'hibernate.transaction.jta.platform' to enable JTA platform integration)
2026-03-17T13:01:29.850-06:00  INFO 10836 --- [johnson-sistema] [restartedMain] j.LocalContainerEntityManagerFactoryBean : Initialized JPA EntityManagerFactory for persistence unit 'default'
2026-03-17T13:01:30.442-06:00  INFO 10836 --- [johnson-sistema] [restartedMain] o.s.d.j.r.query.QueryEnhancerFactory     : Hibernate is in classpath; If applicable, HQL parser will be used.
2026-03-17T13:01:32.670-06:00  WARN 10836 --- [johnson-sistema] [restartedMain] JpaBaseConfiguration$JpaWebConfiguration : spring.jpa.open-in-view is enabled by default. Therefore, database queries may be performed during view rendering. Explicitly configure spring.jpa.open-in-view to disable this warning
2026-03-17T13:01:32.973-06:00  INFO 10836 --- [johnson-sistema] [restartedMain] o.s.b.a.w.s.WelcomePageHandlerMapping    : Adding welcome page template: index
2026-03-17T13:01:33.470-06:00  INFO 10836 --- [johnson-sistema] [restartedMain] r$InitializeUserDetailsManagerConfigurer : Global AuthenticationManager configured with UserDetailsService bean with name detallesUsuarioServicio
2026-03-17T13:01:34.370-06:00  INFO 10836 --- [johnson-sistema] [restartedMain] o.s.b.d.a.OptionalLiveReloadServer       : LiveReload server is running on port 35729
2026-03-17T13:01:34.405-06:00  INFO 10836 --- [johnson-sistema] [restartedMain] o.s.m.s.b.SimpleBrokerMessageHandler     : Starting...
2026-03-17T13:01:34.406-06:00  INFO 10836 --- [johnson-sistema] [restartedMain] o.s.m.s.b.SimpleBrokerMessageHandler     : BrokerAvailabilityEvent[available=true, SimpleBrokerMessageHandler [org.springframework.messaging.simp.broker.DefaultSubscriptionRegistry@47c4096a]]
2026-03-17T13:01:34.411-06:00  INFO 10836 --- [johnson-sistema] [restartedMain] o.s.m.s.b.SimpleBrokerMessageHandler     : Started.
2026-03-17T13:01:34.453-06:00  INFO 10836 --- [johnson-sistema] [restartedMain] o.s.b.w.embedded.tomcat.TomcatWebServer  : Tomcat started on port 8081 (http) with context path '/'
2026-03-17T13:01:34.502-06:00  INFO 10836 --- [johnson-sistema] [restartedMain] c.j.practica.JohnsonSistemaApplication   : Started JohnsonSistemaApplication in 19.101 seconds (process running for 20.178)
2026-03-17T13:01:34.539-06:00  INFO 10836 --- [johnson-sistema] [restartedMain] c.johnson.practica.config.CargadorDatos  : Cargando datos iniciales...
2026-03-17T13:01:34.924-06:00  INFO 10836 --- [johnson-sistema] [restartedMain] c.johnson.practica.config.CargadorDatos  : Creando usuario 'admin'...
2026-03-17T13:01:35.123-06:00  INFO 10836 --- [johnson-sistema] [restartedMain] c.johnson.practica.config.CargadorDatos  : Usuario 'admin' creado y guardado. DEBE CAMBIAR CONTRASEÑA.
2026-03-17T13:01:35.150-06:00  INFO 10836 --- [johnson-sistema] [restartedMain] c.johnson.practica.config.CargadorDatos  : Creando usuario 'visitante'...
2026-03-17T13:01:35.315-06:00  INFO 10836 --- [johnson-sistema] [restartedMain] c.johnson.practica.config.CargadorDatos  : Usuario 'visitante' creado y guardado.
2026-03-17T13:01:41.209-06:00  INFO 10836 --- [johnson-sistema] [http-nio-8081-exec-1] o.a.c.c.C.[Tomcat].[localhost].[/]       : Initializing Spring DispatcherServlet 'dispatcherServlet'
2026-03-17T13:01:41.210-06:00  INFO 10836 --- [johnson-sistema] [http-nio-8081-exec-1] o.s.web.servlet.DispatcherServlet        : Initializing Servlet 'dispatcherServlet'
2026-03-17T13:01:41.222-06:00  INFO 10836 --- [johnson-sistema] [http-nio-8081-exec-1] o.s.web.servlet.DispatcherServlet        : Completed initialization in 7 ms
2026-03-17T13:01:50.287-06:00  INFO 10836 --- [johnson-sistema] [File Watcher] rtingClassPathChangeChangedEventListener : Restarting due to 1 class path change (0 additions, 0 deletions, 1 modification)
2026-03-17T13:01:50.307-06:00  INFO 10836 --- [johnson-sistema] [Thread-6] o.s.b.w.e.tomcat.GracefulShutdown        : Commencing graceful shutdown. Waiting for active requests to complete
2026-03-17T13:01:52.394-06:00  INFO 10836 --- [johnson-sistema] [tomcat-shutdown] o.s.b.w.e.tomcat.GracefulShutdown        : Graceful shutdown complete
2026-03-17T13:01:52.403-06:00  INFO 10836 --- [johnson-sistema] [Thread-6] o.s.m.s.b.SimpleBrokerMessageHandler     : Stopping...
2026-03-17T13:01:52.407-06:00  INFO 10836 --- [johnson-sistema] [Thread-6] o.s.m.s.b.SimpleBrokerMessageHandler     : BrokerAvailabilityEvent[available=false, SimpleBrokerMessageHandler [org.springframework.messaging.simp.broker.DefaultSubscriptionRegistry@47c4096a]]
2026-03-17T13:01:52.408-06:00  INFO 10836 --- [johnson-sistema] [Thread-6] o.s.m.s.b.SimpleBrokerMessageHandler     : Stopped.
2026-03-17T13:01:52.420-06:00  INFO 10836 --- [johnson-sistema] [Thread-6] j.LocalContainerEntityManagerFactoryBean : Closing JPA EntityManagerFactory for persistence unit 'default'
2026-03-17T13:01:52.437-06:00  INFO 10836 --- [johnson-sistema] [Thread-6] com.zaxxer.hikari.HikariDataSource       : HikariPool-1 - Shutdown initiated...
2026-03-17T13:01:52.464-06:00  INFO 10836 --- [johnson-sistema] [Thread-6] com.zaxxer.hikari.HikariDataSource       : HikariPool-1 - Shutdown completed.
2026-03-17T13:01:52.882-06:00  INFO 10836 --- [johnson-sistema] [restartedMain] c.j.practica.JohnsonSistemaApplication   : Starting JohnsonSistemaApplication using Java 17.0.12 with PID 10836 (C:\Users\User\OneDrive\Escritorio\Escuela\PRACTICAS\Sistema_Johnson\johnson-sistema\target\classes started by Franco in C:\Users\User\OneDrive\Escritorio\Escuela\PRACTICAS\Sistema_Johnson\johnson-sistema)
2026-03-17T13:01:52.924-06:00  INFO 10836 --- [johnson-sistema] [restartedMain] c.j.practica.JohnsonSistemaApplication   : No active profile set, falling back to 1 default profile: "default"
2026-03-17T13:01:54.388-06:00  INFO 10836 --- [johnson-sistema] [restartedMain] .s.d.r.c.RepositoryConfigurationDelegate : Bootstrapping Spring Data JPA repositories in DEFAULT mode.
2026-03-17T13:01:54.500-06:00  INFO 10836 --- [johnson-sistema] [restartedMain] .s.d.r.c.RepositoryConfigurationDelegate : Finished Spring Data repository scanning in 106 ms. Found 10 JPA repository interfaces.
2026-03-17T13:01:55.063-06:00  INFO 10836 --- [johnson-sistema] [restartedMain] o.s.b.w.embedded.tomcat.TomcatWebServer  : Tomcat initialized with port 8081 (http)
2026-03-17T13:01:55.066-06:00  INFO 10836 --- [johnson-sistema] [restartedMain] o.apache.catalina.core.StandardService   : Starting service [Tomcat]
2026-03-17T13:01:55.068-06:00  INFO 10836 --- [johnson-sistema] [restartedMain] o.apache.catalina.core.StandardEngine    : Starting Servlet engine: [Apache Tomcat/10.1.50]
2026-03-17T13:01:55.157-06:00  INFO 10836 --- [johnson-sistema] [restartedMain] o.a.c.c.C.[Tomcat].[localhost].[/]       : Initializing Spring embedded WebApplicationContext
2026-03-17T13:01:55.158-06:00  INFO 10836 --- [johnson-sistema] [restartedMain] w.s.c.ServletWebServerApplicationContext : Root WebApplicationContext: initialization completed in 2190 ms
2026-03-17T13:01:55.343-06:00  INFO 10836 --- [johnson-sistema] [restartedMain] com.zaxxer.hikari.HikariDataSource       : HikariPool-2 - Starting...
2026-03-17T13:01:55.679-06:00  INFO 10836 --- [johnson-sistema] [restartedMain] com.zaxxer.hikari.pool.HikariPool        : HikariPool-2 - Added connection org.postgresql.jdbc.PgConnection@6809e2d7
2026-03-17T13:01:55.681-06:00  INFO 10836 --- [johnson-sistema] [restartedMain] com.zaxxer.hikari.HikariDataSource       : HikariPool-2 - Start completed.
2026-03-17T13:01:55.742-06:00  INFO 10836 --- [johnson-sistema] [restartedMain] liquibase.database                       : Set default schema name to public
2026-03-17T13:01:56.159-06:00  INFO 10836 --- [johnson-sistema] [restartedMain] liquibase.changelog                      : Reading from public.databasechangelog
2026-03-17T13:01:56.373-06:00  INFO 10836 --- [johnson-sistema] [restartedMain] liquibase.ui                             : Database is up to date, no changesets to execute
2026-03-17T13:01:56.400-06:00  INFO 10836 --- [johnson-sistema] [restartedMain] liquibase.changelog                      : Reading from public.databasechangelog
2026-03-17T13:01:56.428-06:00  INFO 10836 --- [johnson-sistema] [restartedMain] liquibase.util                           : UPDATE SUMMARY
2026-03-17T13:01:56.438-06:00  INFO 10836 --- [johnson-sistema] [restartedMain] liquibase.util                           : Run:                          0
2026-03-17T13:01:56.445-06:00  INFO 10836 --- [johnson-sistema] [restartedMain] liquibase.util                           : Previously run:               2
2026-03-17T13:01:56.454-06:00  INFO 10836 --- [johnson-sistema] [restartedMain] liquibase.util                           : Filtered out:                 0
2026-03-17T13:01:56.455-06:00  INFO 10836 --- [johnson-sistema] [restartedMain] liquibase.util                           : -------------------------------
2026-03-17T13:01:56.459-06:00  INFO 10836 --- [johnson-sistema] [restartedMain] liquibase.util                           : Total change sets:            2
2026-03-17T13:01:56.461-06:00  INFO 10836 --- [johnson-sistema] [restartedMain] liquibase.util                           : Update summary generated
2026-03-17T13:01:56.462-06:00  INFO 10836 --- [johnson-sistema] [restartedMain] liquibase.command                        : Command execution complete
2026-03-17T13:01:56.579-06:00  INFO 10836 --- [johnson-sistema] [restartedMain] o.hibernate.jpa.internal.util.LogHelper  : HHH000204: Processing PersistenceUnitInfo [name: default]
2026-03-17T13:01:56.596-06:00  INFO 10836 --- [johnson-sistema] [restartedMain] o.h.c.internal.RegionFactoryInitiator    : HHH000026: Second-level cache disabled
2026-03-17T13:01:56.659-06:00  INFO 10836 --- [johnson-sistema] [restartedMain] o.s.o.j.p.SpringPersistenceUnitInfo      : No LoadTimeWeaver setup: ignoring JPA class transformer
2026-03-17T13:01:56.668-06:00  WARN 10836 --- [johnson-sistema] [restartedMain] org.hibernate.orm.deprecation            : HHH90000025: PostgreSQLDialect does not need to be specified explicitly using 'hibernate.dialect' (remove the property setting and it will be selected by default)
2026-03-17T13:01:56.674-06:00  INFO 10836 --- [johnson-sistema] [restartedMain] org.hibernate.orm.connections.pooling    : HHH10001005: Database info:
	Database JDBC URL [Connecting through datasource 'HikariDataSource (HikariPool-2)']
	Database driver: undefined/unknown
	Database version: 15.17
	Autocommit mode: undefined/unknown
	Isolation level: undefined/unknown
	Minimum pool size: undefined/unknown
	Maximum pool size: undefined/unknown
2026-03-17T13:01:57.307-06:00  INFO 10836 --- [johnson-sistema] [restartedMain] o.h.e.t.j.p.i.JtaPlatformInitiator       : HHH000489: No JTA platform available (set 'hibernate.transaction.jta.platform' to enable JTA platform integration)
2026-03-17T13:01:57.380-06:00  INFO 10836 --- [johnson-sistema] [restartedMain] j.LocalContainerEntityManagerFactoryBean : Initialized JPA EntityManagerFactory for persistence unit 'default'
2026-03-17T13:01:59.058-06:00  WARN 10836 --- [johnson-sistema] [restartedMain] JpaBaseConfiguration$JpaWebConfiguration : spring.jpa.open-in-view is enabled by default. Therefore, database queries may be performed during view rendering. Explicitly configure spring.jpa.open-in-view to disable this warning
2026-03-17T13:01:59.192-06:00  INFO 10836 --- [johnson-sistema] [restartedMain] o.s.b.a.w.s.WelcomePageHandlerMapping    : Adding welcome page template: index
2026-03-17T13:01:59.596-06:00  INFO 10836 --- [johnson-sistema] [restartedMain] r$InitializeUserDetailsManagerConfigurer : Global AuthenticationManager configured with UserDetailsService bean with name detallesUsuarioServicio
2026-03-17T13:02:00.283-06:00  INFO 10836 --- [johnson-sistema] [restartedMain] o.s.b.d.a.OptionalLiveReloadServer       : LiveReload server is running on port 35729
2026-03-17T13:02:00.327-06:00  INFO 10836 --- [johnson-sistema] [restartedMain] o.s.m.s.b.SimpleBrokerMessageHandler     : Starting...
2026-03-17T13:02:00.328-06:00  INFO 10836 --- [johnson-sistema] [restartedMain] o.s.m.s.b.SimpleBrokerMessageHandler     : BrokerAvailabilityEvent[available=true, SimpleBrokerMessageHandler [org.springframework.messaging.simp.broker.DefaultSubscriptionRegistry@73736601]]
2026-03-17T13:02:00.336-06:00  INFO 10836 --- [johnson-sistema] [restartedMain] o.s.m.s.b.SimpleBrokerMessageHandler     : Started.
2026-03-17T13:02:00.365-06:00  INFO 10836 --- [johnson-sistema] [restartedMain] o.s.b.w.embedded.tomcat.TomcatWebServer  : Tomcat started on port 8081 (http) with context path '/'
2026-03-17T13:02:00.387-06:00  INFO 10836 --- [johnson-sistema] [restartedMain] c.j.practica.JohnsonSistemaApplication   : Started JohnsonSistemaApplication in 7.721 seconds (process running for 46.062)
2026-03-17T13:02:01.200-06:00  INFO 10836 --- [johnson-sistema] [restartedMain] c.johnson.practica.config.CargadorDatos  : Cargando datos iniciales...
2026-03-17T13:02:01.357-06:00  INFO 10836 --- [johnson-sistema] [restartedMain] .ConditionEvaluationDeltaLoggingListener : Condition evaluation unchanged
2026-03-17T13:02:14.185-06:00  INFO 10836 --- [johnson-sistema] [File Watcher] rtingClassPathChangeChangedEventListener : Restarting due to 1 class path change (0 additions, 0 deletions, 1 modification)
2026-03-17T13:02:14.194-06:00  INFO 10836 --- [johnson-sistema] [Thread-8] o.s.b.w.e.tomcat.GracefulShutdown        : Commencing graceful shutdown. Waiting for active requests to complete
2026-03-17T13:02:16.582-06:00  INFO 10836 --- [johnson-sistema] [tomcat-shutdown] o.s.b.w.e.tomcat.GracefulShutdown        : Graceful shutdown complete
2026-03-17T13:02:16.586-06:00  INFO 10836 --- [johnson-sistema] [Thread-8] o.s.m.s.b.SimpleBrokerMessageHandler     : Stopping...
2026-03-17T13:02:16.588-06:00  INFO 10836 --- [johnson-sistema] [Thread-8] o.s.m.s.b.SimpleBrokerMessageHandler     : BrokerAvailabilityEvent[available=false, SimpleBrokerMessageHandler [org.springframework.messaging.simp.broker.DefaultSubscriptionRegistry@73736601]]
2026-03-17T13:02:16.593-06:00  INFO 10836 --- [johnson-sistema] [Thread-8] o.s.m.s.b.SimpleBrokerMessageHandler     : Stopped.
2026-03-17T13:02:16.600-06:00  INFO 10836 --- [johnson-sistema] [Thread-8] j.LocalContainerEntityManagerFactoryBean : Closing JPA EntityManagerFactory for persistence unit 'default'
2026-03-17T13:02:16.603-06:00  INFO 10836 --- [johnson-sistema] [Thread-8] com.zaxxer.hikari.HikariDataSource       : HikariPool-2 - Shutdown initiated...
2026-03-17T13:02:16.612-06:00  INFO 10836 --- [johnson-sistema] [Thread-8] com.zaxxer.hikari.HikariDataSource       : HikariPool-2 - Shutdown completed.
2026-03-17T13:02:16.868-06:00  INFO 10836 --- [johnson-sistema] [restartedMain] c.j.practica.JohnsonSistemaApplication   : Starting JohnsonSistemaApplication using Java 17.0.12 with PID 10836 (C:\Users\User\OneDrive\Escritorio\Escuela\PRACTICAS\Sistema_Johnson\johnson-sistema\target\classes started by Franco in C:\Users\User\OneDrive\Escritorio\Escuela\PRACTICAS\Sistema_Johnson\johnson-sistema)
2026-03-17T13:02:16.869-06:00  INFO 10836 --- [johnson-sistema] [restartedMain] c.j.practica.JohnsonSistemaApplication   : No active profile set, falling back to 1 default profile: "default"
2026-03-17T13:02:17.493-06:00  INFO 10836 --- [johnson-sistema] [restartedMain] .s.d.r.c.RepositoryConfigurationDelegate : Bootstrapping Spring Data JPA repositories in DEFAULT mode.
2026-03-17T13:02:17.568-06:00  INFO 10836 --- [johnson-sistema] [restartedMain] .s.d.r.c.RepositoryConfigurationDelegate : Finished Spring Data repository scanning in 69 ms. Found 10 JPA repository interfaces.
2026-03-17T13:02:17.891-06:00  INFO 10836 --- [johnson-sistema] [restartedMain] o.s.b.w.embedded.tomcat.TomcatWebServer  : Tomcat initialized with port 8081 (http)
2026-03-17T13:02:17.898-06:00  INFO 10836 --- [johnson-sistema] [restartedMain] o.apache.catalina.core.StandardService   : Starting service [Tomcat]
2026-03-17T13:02:17.900-06:00  INFO 10836 --- [johnson-sistema] [restartedMain] o.apache.catalina.core.StandardEngine    : Starting Servlet engine: [Apache Tomcat/10.1.50]
2026-03-17T13:02:17.962-06:00  INFO 10836 --- [johnson-sistema] [restartedMain] o.a.c.c.C.[Tomcat].[localhost].[/]       : Initializing Spring embedded WebApplicationContext
2026-03-17T13:02:17.962-06:00  INFO 10836 --- [johnson-sistema] [restartedMain] w.s.c.ServletWebServerApplicationContext : Root WebApplicationContext: initialization completed in 1087 ms
2026-03-17T13:02:18.126-06:00  INFO 10836 --- [johnson-sistema] [restartedMain] com.zaxxer.hikari.HikariDataSource       : HikariPool-3 - Starting...
2026-03-17T13:02:18.332-06:00  INFO 10836 --- [johnson-sistema] [restartedMain] com.zaxxer.hikari.pool.HikariPool        : HikariPool-3 - Added connection org.postgresql.jdbc.PgConnection@4b6851de
2026-03-17T13:02:18.333-06:00  INFO 10836 --- [johnson-sistema] [restartedMain] com.zaxxer.hikari.HikariDataSource       : HikariPool-3 - Start completed.
2026-03-17T13:02:18.381-06:00  INFO 10836 --- [johnson-sistema] [restartedMain] liquibase.database                       : Set default schema name to public
2026-03-17T13:02:18.614-06:00  INFO 10836 --- [johnson-sistema] [restartedMain] liquibase.changelog                      : Reading from public.databasechangelog
2026-03-17T13:02:18.669-06:00  INFO 10836 --- [johnson-sistema] [restartedMain] liquibase.ui                             : Database is up to date, no changesets to execute
2026-03-17T13:02:18.674-06:00  INFO 10836 --- [johnson-sistema] [restartedMain] liquibase.changelog                      : Reading from public.databasechangelog
2026-03-17T13:02:18.683-06:00  INFO 10836 --- [johnson-sistema] [restartedMain] liquibase.util                           : UPDATE SUMMARY
2026-03-17T13:02:18.684-06:00  INFO 10836 --- [johnson-sistema] [restartedMain] liquibase.util                           : Run:                          0
2026-03-17T13:02:18.686-06:00  INFO 10836 --- [johnson-sistema] [restartedMain] liquibase.util                           : Previously run:               2
2026-03-17T13:02:18.687-06:00  INFO 10836 --- [johnson-sistema] [restartedMain] liquibase.util                           : Filtered out:                 0
2026-03-17T13:02:18.689-06:00  INFO 10836 --- [johnson-sistema] [restartedMain] liquibase.util                           : -------------------------------
2026-03-17T13:02:18.689-06:00  INFO 10836 --- [johnson-sistema] [restartedMain] liquibase.util                           : Total change sets:            2
2026-03-17T13:02:18.693-06:00  INFO 10836 --- [johnson-sistema] [restartedMain] liquibase.util                           : Update summary generated
2026-03-17T13:02:18.697-06:00  INFO 10836 --- [johnson-sistema] [restartedMain] liquibase.command                        : Command execution complete
2026-03-17T13:02:18.778-06:00  INFO 10836 --- [johnson-sistema] [restartedMain] o.hibernate.jpa.internal.util.LogHelper  : HHH000204: Processing PersistenceUnitInfo [name: default]
2026-03-17T13:02:18.786-06:00  INFO 10836 --- [johnson-sistema] [restartedMain] o.h.c.internal.RegionFactoryInitiator    : HHH000026: Second-level cache disabled
2026-03-17T13:02:18.810-06:00  INFO 10836 --- [johnson-sistema] [restartedMain] o.s.o.j.p.SpringPersistenceUnitInfo      : No LoadTimeWeaver setup: ignoring JPA class transformer
2026-03-17T13:02:18.815-06:00  WARN 10836 --- [johnson-sistema] [restartedMain] org.hibernate.orm.deprecation            : HHH90000025: PostgreSQLDialect does not need to be specified explicitly using 'hibernate.dialect' (remove the property setting and it will be selected by default)
2026-03-17T13:02:18.823-06:00  INFO 10836 --- [johnson-sistema] [restartedMain] org.hibernate.orm.connections.pooling    : HHH10001005: Database info:
	Database JDBC URL [Connecting through datasource 'HikariDataSource (HikariPool-3)']
	Database driver: undefined/unknown
	Database version: 15.17
	Autocommit mode: undefined/unknown
	Isolation level: undefined/unknown
	Minimum pool size: undefined/unknown
	Maximum pool size: undefined/unknown
2026-03-17T13:02:19.098-06:00  INFO 10836 --- [johnson-sistema] [restartedMain] o.h.e.t.j.p.i.JtaPlatformInitiator       : HHH000489: No JTA platform available (set 'hibernate.transaction.jta.platform' to enable JTA platform integration)
2026-03-17T13:02:19.129-06:00  INFO 10836 --- [johnson-sistema] [restartedMain] j.LocalContainerEntityManagerFactoryBean : Initialized JPA EntityManagerFactory for persistence unit 'default'
2026-03-17T13:02:20.357-06:00  WARN 10836 --- [johnson-sistema] [restartedMain] JpaBaseConfiguration$JpaWebConfiguration : spring.jpa.open-in-view is enabled by default. Therefore, database queries may be performed during view rendering. Explicitly configure spring.jpa.open-in-view to disable this warning
2026-03-17T13:02:20.466-06:00  INFO 10836 --- [johnson-sistema] [restartedMain] o.s.b.a.w.s.WelcomePageHandlerMapping    : Adding welcome page template: index
2026-03-17T13:02:20.606-06:00  INFO 10836 --- [johnson-sistema] [restartedMain] r$InitializeUserDetailsManagerConfigurer : Global AuthenticationManager configured with UserDetailsService bean with name detallesUsuarioServicio
2026-03-17T13:02:20.936-06:00  INFO 10836 --- [johnson-sistema] [restartedMain] o.s.b.d.a.OptionalLiveReloadServer       : LiveReload server is running on port 35729
2026-03-17T13:02:20.954-06:00  INFO 10836 --- [johnson-sistema] [restartedMain] o.s.m.s.b.SimpleBrokerMessageHandler     : Starting...
2026-03-17T13:02:20.956-06:00  INFO 10836 --- [johnson-sistema] [restartedMain] o.s.m.s.b.SimpleBrokerMessageHandler     : BrokerAvailabilityEvent[available=true, SimpleBrokerMessageHandler [org.springframework.messaging.simp.broker.DefaultSubscriptionRegistry@71d87f32]]
2026-03-17T13:02:20.957-06:00  INFO 10836 --- [johnson-sistema] [restartedMain] o.s.m.s.b.SimpleBrokerMessageHandler     : Started.
2026-03-17T13:02:20.965-06:00  INFO 10836 --- [johnson-sistema] [restartedMain] o.s.b.w.embedded.tomcat.TomcatWebServer  : Tomcat started on port 8081 (http) with context path '/'
2026-03-17T13:02:20.978-06:00  INFO 10836 --- [johnson-sistema] [restartedMain] c.j.practica.JohnsonSistemaApplication   : Started JohnsonSistemaApplication in 4.167 seconds (process running for 66.653)
2026-03-17T13:02:21.729-06:00  INFO 10836 --- [johnson-sistema] [restartedMain] c.johnson.practica.config.CargadorDatos  : Cargando datos iniciales...
2026-03-17T13:02:21.802-06:00  INFO 10836 --- [johnson-sistema] [restartedMain] .ConditionEvaluationDeltaLoggingListener : Condition evaluation unchanged
2026-03-17T13:02:34.873-06:00  INFO 10836 --- [johnson-sistema] [File Watcher] rtingClassPathChangeChangedEventListener : Restarting due to 1 class path change (0 additions, 0 deletions, 1 modification)
2026-03-17T13:02:34.879-06:00  INFO 10836 --- [johnson-sistema] [Thread-12] o.s.b.w.e.tomcat.GracefulShutdown        : Commencing graceful shutdown. Waiting for active requests to complete
2026-03-17T13:02:37.023-06:00  INFO 10836 --- [johnson-sistema] [tomcat-shutdown] o.s.b.w.e.tomcat.GracefulShutdown        : Graceful shutdown complete
2026-03-17T13:02:37.033-06:00  INFO 10836 --- [johnson-sistema] [Thread-12] o.s.m.s.b.SimpleBrokerMessageHandler     : Stopping...
2026-03-17T13:02:37.035-06:00  INFO 10836 --- [johnson-sistema] [Thread-12] o.s.m.s.b.SimpleBrokerMessageHandler     : BrokerAvailabilityEvent[available=false, SimpleBrokerMessageHandler [org.springframework.messaging.simp.broker.DefaultSubscriptionRegistry@71d87f32]]
2026-03-17T13:02:37.036-06:00  INFO 10836 --- [johnson-sistema] [Thread-12] o.s.m.s.b.SimpleBrokerMessageHandler     : Stopped.
2026-03-17T13:02:37.043-06:00  INFO 10836 --- [johnson-sistema] [Thread-12] j.LocalContainerEntityManagerFactoryBean : Closing JPA EntityManagerFactory for persistence unit 'default'
2026-03-17T13:02:37.045-06:00  INFO 10836 --- [johnson-sistema] [Thread-12] com.zaxxer.hikari.HikariDataSource       : HikariPool-3 - Shutdown initiated...
2026-03-17T13:02:37.050-06:00  INFO 10836 --- [johnson-sistema] [Thread-12] com.zaxxer.hikari.HikariDataSource       : HikariPool-3 - Shutdown completed.
2026-03-17T13:02:37.281-06:00  INFO 10836 --- [johnson-sistema] [restartedMain] c.j.practica.JohnsonSistemaApplication   : Starting JohnsonSistemaApplication using Java 17.0.12 with PID 10836 (C:\Users\User\OneDrive\Escritorio\Escuela\PRACTICAS\Sistema_Johnson\johnson-sistema\target\classes started by Franco in C:\Users\User\OneDrive\Escritorio\Escuela\PRACTICAS\Sistema_Johnson\johnson-sistema)
2026-03-17T13:02:37.285-06:00  INFO 10836 --- [johnson-sistema] [restartedMain] c.j.practica.JohnsonSistemaApplication   : No active profile set, falling back to 1 default profile: "default"
2026-03-17T13:02:39.109-06:00  INFO 10836 --- [johnson-sistema] [restartedMain] .s.d.r.c.RepositoryConfigurationDelegate : Bootstrapping Spring Data JPA repositories in DEFAULT mode.
2026-03-17T13:02:39.214-06:00  INFO 10836 --- [johnson-sistema] [restartedMain] .s.d.r.c.RepositoryConfigurationDelegate : Finished Spring Data repository scanning in 100 ms. Found 10 JPA repository interfaces.
2026-03-17T13:02:40.180-06:00  INFO 10836 --- [johnson-sistema] [restartedMain] o.s.b.w.embedded.tomcat.TomcatWebServer  : Tomcat initialized with port 8081 (http)
2026-03-17T13:02:40.183-06:00  INFO 10836 --- [johnson-sistema] [restartedMain] o.apache.catalina.core.StandardService   : Starting service [Tomcat]
2026-03-17T13:02:40.184-06:00  INFO 10836 --- [johnson-sistema] [restartedMain] o.apache.catalina.core.StandardEngine    : Starting Servlet engine: [Apache Tomcat/10.1.50]
2026-03-17T13:02:40.247-06:00  INFO 10836 --- [johnson-sistema] [restartedMain] o.a.c.c.C.[Tomcat].[localhost].[/]       : Initializing Spring embedded WebApplicationContext
2026-03-17T13:02:40.247-06:00  INFO 10836 --- [johnson-sistema] [restartedMain] w.s.c.ServletWebServerApplicationContext : Root WebApplicationContext: initialization completed in 2951 ms
2026-03-17T13:02:40.464-06:00  INFO 10836 --- [johnson-sistema] [restartedMain] com.zaxxer.hikari.HikariDataSource       : HikariPool-4 - Starting...
2026-03-17T13:02:40.658-06:00  INFO 10836 --- [johnson-sistema] [restartedMain] com.zaxxer.hikari.pool.HikariPool        : HikariPool-4 - Added connection org.postgresql.jdbc.PgConnection@489f655f
2026-03-17T13:02:40.658-06:00  INFO 10836 --- [johnson-sistema] [restartedMain] com.zaxxer.hikari.HikariDataSource       : HikariPool-4 - Start completed.
2026-03-17T13:02:40.714-06:00  INFO 10836 --- [johnson-sistema] [restartedMain] liquibase.database                       : Set default schema name to public
2026-03-17T13:02:40.908-06:00  INFO 10836 --- [johnson-sistema] [restartedMain] liquibase.changelog                      : Reading from public.databasechangelog
2026-03-17T13:02:40.963-06:00  INFO 10836 --- [johnson-sistema] [restartedMain] liquibase.ui                             : Database is up to date, no changesets to execute
2026-03-17T13:02:40.967-06:00  INFO 10836 --- [johnson-sistema] [restartedMain] liquibase.changelog                      : Reading from public.databasechangelog
2026-03-17T13:02:40.974-06:00  INFO 10836 --- [johnson-sistema] [restartedMain] liquibase.util                           : UPDATE SUMMARY
2026-03-17T13:02:40.974-06:00  INFO 10836 --- [johnson-sistema] [restartedMain] liquibase.util                           : Run:                          0
2026-03-17T13:02:40.977-06:00  INFO 10836 --- [johnson-sistema] [restartedMain] liquibase.util                           : Previously run:               2
2026-03-17T13:02:40.978-06:00  INFO 10836 --- [johnson-sistema] [restartedMain] liquibase.util                           : Filtered out:                 0
2026-03-17T13:02:40.979-06:00  INFO 10836 --- [johnson-sistema] [restartedMain] liquibase.util                           : -------------------------------
2026-03-17T13:02:40.980-06:00  INFO 10836 --- [johnson-sistema] [restartedMain] liquibase.util                           : Total change sets:            2
2026-03-17T13:02:40.981-06:00  INFO 10836 --- [johnson-sistema] [restartedMain] liquibase.util                           : Update summary generated
2026-03-17T13:02:40.984-06:00  INFO 10836 --- [johnson-sistema] [restartedMain] liquibase.command                        : Command execution complete
2026-03-17T13:02:41.089-06:00  INFO 10836 --- [johnson-sistema] [restartedMain] o.hibernate.jpa.internal.util.LogHelper  : HHH000204: Processing PersistenceUnitInfo [name: default]
2026-03-17T13:02:41.100-06:00  INFO 10836 --- [johnson-sistema] [restartedMain] o.h.c.internal.RegionFactoryInitiator    : HHH000026: Second-level cache disabled
2026-03-17T13:02:41.114-06:00  INFO 10836 --- [johnson-sistema] [restartedMain] o.s.o.j.p.SpringPersistenceUnitInfo      : No LoadTimeWeaver setup: ignoring JPA class transformer
2026-03-17T13:02:41.124-06:00  WARN 10836 --- [johnson-sistema] [restartedMain] org.hibernate.orm.deprecation            : HHH90000025: PostgreSQLDialect does not need to be specified explicitly using 'hibernate.dialect' (remove the property setting and it will be selected by default)
2026-03-17T13:02:41.132-06:00  INFO 10836 --- [johnson-sistema] [restartedMain] org.hibernate.orm.connections.pooling    : HHH10001005: Database info:
	Database JDBC URL [Connecting through datasource 'HikariDataSource (HikariPool-4)']
	Database driver: undefined/unknown
	Database version: 15.17
	Autocommit mode: undefined/unknown
	Isolation level: undefined/unknown
	Minimum pool size: undefined/unknown
	Maximum pool size: undefined/unknown
2026-03-17T13:02:41.667-06:00  INFO 10836 --- [johnson-sistema] [restartedMain] o.h.e.t.j.p.i.JtaPlatformInitiator       : HHH000489: No JTA platform available (set 'hibernate.transaction.jta.platform' to enable JTA platform integration)
2026-03-17T13:02:41.706-06:00  INFO 10836 --- [johnson-sistema] [restartedMain] j.LocalContainerEntityManagerFactoryBean : Initialized JPA EntityManagerFactory for persistence unit 'default'
2026-03-17T13:02:44.126-06:00  WARN 10836 --- [johnson-sistema] [restartedMain] JpaBaseConfiguration$JpaWebConfiguration : spring.jpa.open-in-view is enabled by default. Therefore, database queries may be performed during view rendering. Explicitly configure spring.jpa.open-in-view to disable this warning
2026-03-17T13:02:44.371-06:00  INFO 10836 --- [johnson-sistema] [restartedMain] o.s.b.a.w.s.WelcomePageHandlerMapping    : Adding welcome page template: index
2026-03-17T13:02:44.716-06:00  INFO 10836 --- [johnson-sistema] [restartedMain] r$InitializeUserDetailsManagerConfigurer : Global AuthenticationManager configured with UserDetailsService bean with name detallesUsuarioServicio
2026-03-17T13:02:45.589-06:00  INFO 10836 --- [johnson-sistema] [restartedMain] o.s.b.d.a.OptionalLiveReloadServer       : LiveReload server is running on port 35729
2026-03-17T13:02:45.673-06:00  INFO 10836 --- [johnson-sistema] [restartedMain] o.s.m.s.b.SimpleBrokerMessageHandler     : Starting...
2026-03-17T13:02:45.676-06:00  INFO 10836 --- [johnson-sistema] [restartedMain] o.s.m.s.b.SimpleBrokerMessageHandler     : BrokerAvailabilityEvent[available=true, SimpleBrokerMessageHandler [org.springframework.messaging.simp.broker.DefaultSubscriptionRegistry@2a8f21ac]]
2026-03-17T13:02:45.676-06:00  INFO 10836 --- [johnson-sistema] [restartedMain] o.s.m.s.b.SimpleBrokerMessageHandler     : Started.
2026-03-17T13:02:45.691-06:00  INFO 10836 --- [johnson-sistema] [restartedMain] o.s.b.w.embedded.tomcat.TomcatWebServer  : Tomcat started on port 8081 (http) with context path '/'
2026-03-17T13:02:45.720-06:00  INFO 10836 --- [johnson-sistema] [restartedMain] c.j.practica.JohnsonSistemaApplication   : Started JohnsonSistemaApplication in 8.523 seconds (process running for 91.396)
2026-03-17T13:02:47.353-06:00  INFO 10836 --- [johnson-sistema] [File Watcher] rtingClassPathChangeChangedEventListener : Restarting due to 1 class path change (0 additions, 0 deletions, 1 modification)
2026-03-17T13:02:47.358-06:00  INFO 10836 --- [johnson-sistema] [Thread-16] o.s.b.w.e.tomcat.GracefulShutdown        : Commencing graceful shutdown. Waiting for active requests to complete
2026-03-17T13:02:47.883-06:00  INFO 10836 --- [johnson-sistema] [restartedMain] c.johnson.practica.config.CargadorDatos  : Cargando datos iniciales...
2026-03-17T13:02:47.978-06:00  INFO 10836 --- [johnson-sistema] [restartedMain] .ConditionEvaluationDeltaLoggingListener : Condition evaluation unchanged
2026-03-17T13:02:49.273-06:00  INFO 10836 --- [johnson-sistema] [tomcat-shutdown] o.s.b.w.e.tomcat.GracefulShutdown        : Graceful shutdown complete
2026-03-17T13:02:49.276-06:00  INFO 10836 --- [johnson-sistema] [Thread-16] o.s.m.s.b.SimpleBrokerMessageHandler     : Stopping...
2026-03-17T13:02:49.276-06:00  INFO 10836 --- [johnson-sistema] [Thread-16] o.s.m.s.b.SimpleBrokerMessageHandler     : BrokerAvailabilityEvent[available=false, SimpleBrokerMessageHandler [org.springframework.messaging.simp.broker.DefaultSubscriptionRegistry@2a8f21ac]]
2026-03-17T13:02:49.277-06:00  INFO 10836 --- [johnson-sistema] [Thread-16] o.s.m.s.b.SimpleBrokerMessageHandler     : Stopped.
2026-03-17T13:02:49.283-06:00  INFO 10836 --- [johnson-sistema] [Thread-16] j.LocalContainerEntityManagerFactoryBean : Closing JPA EntityManagerFactory for persistence unit 'default'
2026-03-17T13:02:49.284-06:00  INFO 10836 --- [johnson-sistema] [Thread-16] com.zaxxer.hikari.HikariDataSource       : HikariPool-4 - Shutdown initiated...
2026-03-17T13:02:49.292-06:00  INFO 10836 --- [johnson-sistema] [Thread-16] com.zaxxer.hikari.HikariDataSource       : HikariPool-4 - Shutdown completed.
2026-03-17T13:02:49.643-06:00  INFO 10836 --- [johnson-sistema] [restartedMain] c.j.practica.JohnsonSistemaApplication   : Starting JohnsonSistemaApplication using Java 17.0.12 with PID 10836 (C:\Users\User\OneDrive\Escritorio\Escuela\PRACTICAS\Sistema_Johnson\johnson-sistema\target\classes started by Franco in C:\Users\User\OneDrive\Escritorio\Escuela\PRACTICAS\Sistema_Johnson\johnson-sistema)
2026-03-17T13:02:49.644-06:00  INFO 10836 --- [johnson-sistema] [restartedMain] c.j.practica.JohnsonSistemaApplication   : No active profile set, falling back to 1 default profile: "default"
2026-03-17T13:02:50.812-06:00  INFO 10836 --- [johnson-sistema] [restartedMain] .s.d.r.c.RepositoryConfigurationDelegate : Bootstrapping Spring Data JPA repositories in DEFAULT mode.
2026-03-17T13:02:50.911-06:00  INFO 10836 --- [johnson-sistema] [restartedMain] .s.d.r.c.RepositoryConfigurationDelegate : Finished Spring Data repository scanning in 84 ms. Found 10 JPA repository interfaces.
2026-03-17T13:02:51.348-06:00  INFO 10836 --- [johnson-sistema] [restartedMain] o.s.b.w.embedded.tomcat.TomcatWebServer  : Tomcat initialized with port 8081 (http)
2026-03-17T13:02:51.348-06:00  INFO 10836 --- [johnson-sistema] [restartedMain] o.apache.catalina.core.StandardService   : Starting service [Tomcat]
2026-03-17T13:02:51.348-06:00  INFO 10836 --- [johnson-sistema] [restartedMain] o.apache.catalina.core.StandardEngine    : Starting Servlet engine: [Apache Tomcat/10.1.50]
2026-03-17T13:02:51.406-06:00  INFO 10836 --- [johnson-sistema] [restartedMain] o.a.c.c.C.[Tomcat].[localhost].[/]       : Initializing Spring embedded WebApplicationContext
2026-03-17T13:02:51.406-06:00  INFO 10836 --- [johnson-sistema] [restartedMain] w.s.c.ServletWebServerApplicationContext : Root WebApplicationContext: initialization completed in 1752 ms
2026-03-17T13:02:51.623-06:00  INFO 10836 --- [johnson-sistema] [restartedMain] com.zaxxer.hikari.HikariDataSource       : HikariPool-5 - Starting...
2026-03-17T13:02:51.807-06:00  INFO 10836 --- [johnson-sistema] [restartedMain] com.zaxxer.hikari.pool.HikariPool        : HikariPool-5 - Added connection org.postgresql.jdbc.PgConnection@fd00e12
2026-03-17T13:02:51.808-06:00  INFO 10836 --- [johnson-sistema] [restartedMain] com.zaxxer.hikari.HikariDataSource       : HikariPool-5 - Start completed.
2026-03-17T13:02:51.842-06:00  INFO 10836 --- [johnson-sistema] [restartedMain] liquibase.database                       : Set default schema name to public
2026-03-17T13:02:52.098-06:00  INFO 10836 --- [johnson-sistema] [restartedMain] liquibase.changelog                      : Reading from public.databasechangelog
2026-03-17T13:02:52.173-06:00  INFO 10836 --- [johnson-sistema] [restartedMain] liquibase.ui                             : Database is up to date, no changesets to execute
2026-03-17T13:02:52.179-06:00  INFO 10836 --- [johnson-sistema] [restartedMain] liquibase.changelog                      : Reading from public.databasechangelog
2026-03-17T13:02:52.187-06:00  INFO 10836 --- [johnson-sistema] [restartedMain] liquibase.util                           : UPDATE SUMMARY
2026-03-17T13:02:52.187-06:00  INFO 10836 --- [johnson-sistema] [restartedMain] liquibase.util                           : Run:                          0
2026-03-17T13:02:52.188-06:00  INFO 10836 --- [johnson-sistema] [restartedMain] liquibase.util                           : Previously run:               2
2026-03-17T13:02:52.189-06:00  INFO 10836 --- [johnson-sistema] [restartedMain] liquibase.util                           : Filtered out:                 0
2026-03-17T13:02:52.191-06:00  INFO 10836 --- [johnson-sistema] [restartedMain] liquibase.util                           : -------------------------------
2026-03-17T13:02:52.192-06:00  INFO 10836 --- [johnson-sistema] [restartedMain] liquibase.util                           : Total change sets:            2
2026-03-17T13:02:52.192-06:00  INFO 10836 --- [johnson-sistema] [restartedMain] liquibase.util                           : Update summary generated
2026-03-17T13:02:52.193-06:00  INFO 10836 --- [johnson-sistema] [restartedMain] liquibase.command                        : Command execution complete
2026-03-17T13:02:52.334-06:00  INFO 10836 --- [johnson-sistema] [restartedMain] o.hibernate.jpa.internal.util.LogHelper  : HHH000204: Processing PersistenceUnitInfo [name: default]
2026-03-17T13:02:52.345-06:00  INFO 10836 --- [johnson-sistema] [restartedMain] o.h.c.internal.RegionFactoryInitiator    : HHH000026: Second-level cache disabled
2026-03-17T13:02:52.358-06:00  INFO 10836 --- [johnson-sistema] [restartedMain] o.s.o.j.p.SpringPersistenceUnitInfo      : No LoadTimeWeaver setup: ignoring JPA class transformer
2026-03-17T13:02:52.373-06:00  WARN 10836 --- [johnson-sistema] [restartedMain] org.hibernate.orm.deprecation            : HHH90000025: PostgreSQLDialect does not need to be specified explicitly using 'hibernate.dialect' (remove the property setting and it will be selected by default)
2026-03-17T13:02:52.380-06:00  INFO 10836 --- [johnson-sistema] [restartedMain] org.hibernate.orm.connections.pooling    : HHH10001005: Database info:
	Database JDBC URL [Connecting through datasource 'HikariDataSource (HikariPool-5)']
	Database driver: undefined/unknown
	Database version: 15.17
	Autocommit mode: undefined/unknown
	Isolation level: undefined/unknown
	Minimum pool size: undefined/unknown
	Maximum pool size: undefined/unknown
2026-03-17T13:02:52.832-06:00  INFO 10836 --- [johnson-sistema] [restartedMain] o.h.e.t.j.p.i.JtaPlatformInitiator       : HHH000489: No JTA platform available (set 'hibernate.transaction.jta.platform' to enable JTA platform integration)
2026-03-17T13:02:52.873-06:00  INFO 10836 --- [johnson-sistema] [restartedMain] j.LocalContainerEntityManagerFactoryBean : Initialized JPA EntityManagerFactory for persistence unit 'default'
2026-03-17T13:02:55.337-06:00  WARN 10836 --- [johnson-sistema] [restartedMain] JpaBaseConfiguration$JpaWebConfiguration : spring.jpa.open-in-view is enabled by default. Therefore, database queries may be performed during view rendering. Explicitly configure spring.jpa.open-in-view to disable this warning
2026-03-17T13:02:55.581-06:00  INFO 10836 --- [johnson-sistema] [restartedMain] o.s.b.a.w.s.WelcomePageHandlerMapping    : Adding welcome page template: index
2026-03-17T13:02:55.978-06:00  INFO 10836 --- [johnson-sistema] [restartedMain] r$InitializeUserDetailsManagerConfigurer : Global AuthenticationManager configured with UserDetailsService bean with name detallesUsuarioServicio
2026-03-17T13:02:56.820-06:00  INFO 10836 --- [johnson-sistema] [restartedMain] o.s.b.d.a.OptionalLiveReloadServer       : LiveReload server is running on port 35729
2026-03-17T13:02:56.838-06:00  INFO 10836 --- [johnson-sistema] [restartedMain] o.s.m.s.b.SimpleBrokerMessageHandler     : Starting...
2026-03-17T13:02:56.838-06:00  INFO 10836 --- [johnson-sistema] [restartedMain] o.s.m.s.b.SimpleBrokerMessageHandler     : BrokerAvailabilityEvent[available=true, SimpleBrokerMessageHandler [org.springframework.messaging.simp.broker.DefaultSubscriptionRegistry@1d878e35]]
2026-03-17T13:02:56.838-06:00  INFO 10836 --- [johnson-sistema] [restartedMain] o.s.m.s.b.SimpleBrokerMessageHandler     : Started.
2026-03-17T13:02:56.860-06:00  INFO 10836 --- [johnson-sistema] [restartedMain] o.s.b.w.embedded.tomcat.TomcatWebServer  : Tomcat started on port 8081 (http) with context path '/'
2026-03-17T13:02:56.863-06:00  INFO 10836 --- [johnson-sistema] [restartedMain] c.j.practica.JohnsonSistemaApplication   : Started JohnsonSistemaApplication in 7.41 seconds (process running for 102.551)
2026-03-17T13:02:56.881-06:00  INFO 10836 --- [johnson-sistema] [restartedMain] c.johnson.practica.config.CargadorDatos  : Cargando datos iniciales...
2026-03-17T13:02:57.668-06:00  INFO 10836 --- [johnson-sistema] [restartedMain] .ConditionEvaluationDeltaLoggingListener : Condition evaluation unchanged
2026-03-17T13:03:51.831-06:00  INFO 10836 --- [johnson-sistema] [http-nio-8081-exec-1] o.a.c.c.C.[Tomcat].[localhost].[/]       : Initializing Spring DispatcherServlet 'dispatcherServlet'
2026-03-17T13:03:51.844-06:00  INFO 10836 --- [johnson-sistema] [http-nio-8081-exec-1] o.s.web.servlet.DispatcherServlet        : Initializing Servlet 'dispatcherServlet'
2026-03-17T13:03:51.852-06:00  INFO 10836 --- [johnson-sistema] [http-nio-8081-exec-1] o.s.web.servlet.DispatcherServlet        : Completed initialization in 6 ms
2026-03-17T13:03:56.906-06:00  INFO 10836 --- [johnson-sistema] [MessageBroker-1] o.s.w.s.c.WebSocketMessageBrokerStats    : WebSocketSession[0 current WS(0)-HttpStream(0)-HttpPoll(0), 0 total, 0 closed abnormally (0 connect failure, 0 send limit, 0 transport error)], stompSubProtocol[processed CONNECT(0)-CONNECTED(0)-DISCONNECT(0)], stompBrokerRelay[null], inboundChannel[pool size = 0, active threads = 0, queued tasks = 0, completed tasks = 0], outboundChannel[pool size = 0, active threads = 0, queued tasks = 0, completed tasks = 0], sockJsScheduler[pool size = 3, active threads = 1, queued tasks = 2, completed tasks = 0]
2026-03-17T13:06:19.682-06:00  INFO 10836 --- [johnson-sistema] [SpringApplicationShutdownHook] o.s.b.w.e.tomcat.GracefulShutdown        : Commencing graceful shutdown. Waiting for active requests to complete
2026-03-17T13:06:21.131-06:00  INFO 10836 --- [johnson-sistema] [tomcat-shutdown] o.s.b.w.e.tomcat.GracefulShutdown        : Graceful shutdown complete
2026-03-17T13:06:21.133-06:00  INFO 10836 --- [johnson-sistema] [SpringApplicationShutdownHook] o.s.m.s.b.SimpleBrokerMessageHandler     : Stopping...
2026-03-17T13:06:21.137-06:00  INFO 10836 --- [johnson-sistema] [SpringApplicationShutdownHook] o.s.m.s.b.SimpleBrokerMessageHandler     : BrokerAvailabilityEvent[available=false, SimpleBrokerMessageHandler [org.springframework.messaging.simp.broker.DefaultSubscriptionRegistry@1d878e35]]
2026-03-17T13:06:21.141-06:00  INFO 10836 --- [johnson-sistema] [SpringApplicationShutdownHook] o.s.m.s.b.SimpleBrokerMessageHandler     : Stopped.
2026-03-17T13:06:21.148-06:00  INFO 10836 --- [johnson-sistema] [SpringApplicationShutdownHook] j.LocalContainerEntityManagerFactoryBean : Closing JPA EntityManagerFactory for persistence unit 'default'
2026-03-17T13:06:21.150-06:00  INFO 10836 --- [johnson-sistema] [SpringApplicationShutdownHook] com.zaxxer.hikari.HikariDataSource       : HikariPool-5 - Shutdown initiated...
2026-03-17T13:06:21.159-06:00  INFO 10836 --- [johnson-sistema] [SpringApplicationShutdownHook] com.zaxxer.hikari.HikariDataSource       : HikariPool-5 - Shutdown completed.
2026-03-17T13:14:10.601-06:00  INFO 22928 --- [johnson-sistema] [restartedMain] c.j.practica.JohnsonSistemaApplication   : Starting JohnsonSistemaApplication using Java 17.0.12 with PID 22928 (C:\Users\User\OneDrive\Escritorio\Escuela\PRACTICAS\Sistema_Johnson\johnson-sistema\target\classes started by Franco in C:\Users\User\OneDrive\Escritorio\Escuela\PRACTICAS\Sistema_Johnson\johnson-sistema)
2026-03-17T13:14:10.607-06:00  INFO 22928 --- [johnson-sistema] [restartedMain] c.j.practica.JohnsonSistemaApplication   : No active profile set, falling back to 1 default profile: "default"
2026-03-17T13:14:10.778-06:00  INFO 22928 --- [johnson-sistema] [restartedMain] .e.DevToolsPropertyDefaultsPostProcessor : Devtools property defaults active! Set 'spring.devtools.add-properties' to 'false' to disable
2026-03-17T13:14:10.779-06:00  INFO 22928 --- [johnson-sistema] [restartedMain] .e.DevToolsPropertyDefaultsPostProcessor : For additional web related logging consider setting the 'logging.level.web' property to 'DEBUG'
2026-03-17T13:14:14.587-06:00  INFO 22928 --- [johnson-sistema] [restartedMain] .s.d.r.c.RepositoryConfigurationDelegate : Bootstrapping Spring Data JPA repositories in DEFAULT mode.
2026-03-17T13:14:14.920-06:00  INFO 22928 --- [johnson-sistema] [restartedMain] .s.d.r.c.RepositoryConfigurationDelegate : Finished Spring Data repository scanning in 300 ms. Found 10 JPA repository interfaces.
2026-03-17T13:14:17.598-06:00  INFO 22928 --- [johnson-sistema] [restartedMain] o.s.b.w.embedded.tomcat.TomcatWebServer  : Tomcat initialized with port 8081 (http)
2026-03-17T13:14:17.629-06:00  INFO 22928 --- [johnson-sistema] [restartedMain] o.apache.catalina.core.StandardService   : Starting service [Tomcat]
2026-03-17T13:14:17.634-06:00  INFO 22928 --- [johnson-sistema] [restartedMain] o.apache.catalina.core.StandardEngine    : Starting Servlet engine: [Apache Tomcat/10.1.50]
2026-03-17T13:14:17.738-06:00  INFO 22928 --- [johnson-sistema] [restartedMain] o.a.c.c.C.[Tomcat].[localhost].[/]       : Initializing Spring embedded WebApplicationContext
2026-03-17T13:14:17.739-06:00  INFO 22928 --- [johnson-sistema] [restartedMain] w.s.c.ServletWebServerApplicationContext : Root WebApplicationContext: initialization completed in 6956 ms
2026-03-17T13:14:18.160-06:00  INFO 22928 --- [johnson-sistema] [restartedMain] o.hibernate.jpa.internal.util.LogHelper  : HHH000204: Processing PersistenceUnitInfo [name: default]
2026-03-17T13:14:18.314-06:00  INFO 22928 --- [johnson-sistema] [restartedMain] org.hibernate.Version                    : HHH000412: Hibernate ORM core version 6.6.41.Final
2026-03-17T13:14:18.409-06:00  INFO 22928 --- [johnson-sistema] [restartedMain] o.h.c.internal.RegionFactoryInitiator    : HHH000026: Second-level cache disabled
2026-03-17T13:14:19.022-06:00  INFO 22928 --- [johnson-sistema] [restartedMain] o.s.o.j.p.SpringPersistenceUnitInfo      : No LoadTimeWeaver setup: ignoring JPA class transformer
2026-03-17T13:14:19.093-06:00  INFO 22928 --- [johnson-sistema] [restartedMain] com.zaxxer.hikari.HikariDataSource       : HikariPool-1 - Starting...
2026-03-17T13:14:19.797-06:00  INFO 22928 --- [johnson-sistema] [restartedMain] com.zaxxer.hikari.pool.HikariPool        : HikariPool-1 - Added connection org.postgresql.jdbc.PgConnection@41781e9b
2026-03-17T13:14:19.805-06:00  INFO 22928 --- [johnson-sistema] [restartedMain] com.zaxxer.hikari.HikariDataSource       : HikariPool-1 - Start completed.
2026-03-17T13:14:19.966-06:00  WARN 22928 --- [johnson-sistema] [restartedMain] org.hibernate.orm.deprecation            : HHH90000025: PostgreSQLDialect does not need to be specified explicitly using 'hibernate.dialect' (remove the property setting and it will be selected by default)
2026-03-17T13:14:20.032-06:00  INFO 22928 --- [johnson-sistema] [restartedMain] org.hibernate.orm.connections.pooling    : HHH10001005: Database info:
	Database JDBC URL [Connecting through datasource 'HikariDataSource (HikariPool-1)']
	Database driver: undefined/unknown
	Database version: 15.17
	Autocommit mode: undefined/unknown
	Isolation level: undefined/unknown
	Minimum pool size: undefined/unknown
	Maximum pool size: undefined/unknown
2026-03-17T13:14:22.662-06:00  INFO 22928 --- [johnson-sistema] [restartedMain] o.h.e.t.j.p.i.JtaPlatformInitiator       : HHH000489: No JTA platform available (set 'hibernate.transaction.jta.platform' to enable JTA platform integration)
2026-03-17T13:14:24.355-06:00  WARN 22928 --- [johnson-sistema] [restartedMain] o.h.engine.jdbc.spi.SqlExceptionHelper   : SQL Warning Code: 0, SQLState: 00000
2026-03-17T13:14:24.355-06:00  WARN 22928 --- [johnson-sistema] [restartedMain] o.h.engine.jdbc.spi.SqlExceptionHelper   : constraint "ukldv0v52e0udsh2h1rs0r0gw1n" of relation "roles" does not exist, skipping
2026-03-17T13:14:24.388-06:00  WARN 22928 --- [johnson-sistema] [restartedMain] o.h.engine.jdbc.spi.SqlExceptionHelper   : SQL Warning Code: 0, SQLState: 00000
2026-03-17T13:14:24.388-06:00  WARN 22928 --- [johnson-sistema] [restartedMain] o.h.engine.jdbc.spi.SqlExceptionHelper   : constraint "ukcdmw5hxlfj78uf4997i3qyyw5" of relation "usuarios" does not exist, skipping
2026-03-17T13:14:24.419-06:00  WARN 22928 --- [johnson-sistema] [restartedMain] o.h.engine.jdbc.spi.SqlExceptionHelper   : SQL Warning Code: 0, SQLState: 00000
2026-03-17T13:14:24.419-06:00  WARN 22928 --- [johnson-sistema] [restartedMain] o.h.engine.jdbc.spi.SqlExceptionHelper   : constraint "ukm2dvbwfge291euvmk6vkkocao" of relation "usuarios" does not exist, skipping
2026-03-17T13:14:24.600-06:00  INFO 22928 --- [johnson-sistema] [restartedMain] j.LocalContainerEntityManagerFactoryBean : Initialized JPA EntityManagerFactory for persistence unit 'default'
2026-03-17T13:14:25.277-06:00  INFO 22928 --- [johnson-sistema] [restartedMain] o.s.d.j.r.query.QueryEnhancerFactory     : Hibernate is in classpath; If applicable, HQL parser will be used.
2026-03-17T13:14:27.274-06:00  WARN 22928 --- [johnson-sistema] [restartedMain] JpaBaseConfiguration$JpaWebConfiguration : spring.jpa.open-in-view is enabled by default. Therefore, database queries may be performed during view rendering. Explicitly configure spring.jpa.open-in-view to disable this warning
2026-03-17T13:14:27.659-06:00  INFO 22928 --- [johnson-sistema] [restartedMain] o.s.b.a.w.s.WelcomePageHandlerMapping    : Adding welcome page template: index
2026-03-17T13:14:28.036-06:00  INFO 22928 --- [johnson-sistema] [restartedMain] r$InitializeUserDetailsManagerConfigurer : Global AuthenticationManager configured with UserDetailsService bean with name detallesUsuarioServicio
2026-03-17T13:14:28.820-06:00  INFO 22928 --- [johnson-sistema] [restartedMain] o.s.b.d.a.OptionalLiveReloadServer       : LiveReload server is running on port 35729
2026-03-17T13:14:28.858-06:00  INFO 22928 --- [johnson-sistema] [restartedMain] o.s.m.s.b.SimpleBrokerMessageHandler     : Starting...
2026-03-17T13:14:28.869-06:00  INFO 22928 --- [johnson-sistema] [restartedMain] o.s.m.s.b.SimpleBrokerMessageHandler     : BrokerAvailabilityEvent[available=true, SimpleBrokerMessageHandler [org.springframework.messaging.simp.broker.DefaultSubscriptionRegistry@35d36412]]
2026-03-17T13:14:28.874-06:00  INFO 22928 --- [johnson-sistema] [restartedMain] o.s.m.s.b.SimpleBrokerMessageHandler     : Started.
2026-03-17T13:14:28.926-06:00  INFO 22928 --- [johnson-sistema] [restartedMain] o.s.b.w.embedded.tomcat.TomcatWebServer  : Tomcat started on port 8081 (http) with context path '/'
2026-03-17T13:14:28.967-06:00  INFO 22928 --- [johnson-sistema] [restartedMain] c.j.practica.JohnsonSistemaApplication   : Started JohnsonSistemaApplication in 20.042 seconds (process running for 21.858)
2026-03-17T13:14:29.002-06:00  INFO 22928 --- [johnson-sistema] [restartedMain] c.johnson.practica.config.CargadorDatos  : Cargando datos iniciales...
2026-03-17T13:14:29.297-06:00  INFO 22928 --- [johnson-sistema] [restartedMain] c.johnson.practica.config.CargadorDatos  : Creando usuario 'admin'...
2026-03-17T13:14:29.468-06:00  INFO 22928 --- [johnson-sistema] [restartedMain] c.johnson.practica.config.CargadorDatos  : Usuario 'admin' creado y guardado. DEBE CAMBIAR CONTRASEÑA.
2026-03-17T13:14:29.500-06:00  INFO 22928 --- [johnson-sistema] [restartedMain] c.johnson.practica.config.CargadorDatos  : Creando usuario 'visitante'...
2026-03-17T13:14:29.626-06:00  INFO 22928 --- [johnson-sistema] [restartedMain] c.johnson.practica.config.CargadorDatos  : Usuario 'visitante' creado y guardado.
2026-03-17T13:14:36.683-06:00  INFO 22928 --- [johnson-sistema] [http-nio-8081-exec-1] o.a.c.c.C.[Tomcat].[localhost].[/]       : Initializing Spring DispatcherServlet 'dispatcherServlet'
2026-03-17T13:14:36.687-06:00  INFO 22928 --- [johnson-sistema] [http-nio-8081-exec-1] o.s.web.servlet.DispatcherServlet        : Initializing Servlet 'dispatcherServlet'
2026-03-17T13:14:36.697-06:00  INFO 22928 --- [johnson-sistema] [http-nio-8081-exec-1] o.s.web.servlet.DispatcherServlet        : Completed initialization in 5 ms
2026-03-17T13:14:36.949-06:00  WARN 22928 --- [johnson-sistema] [http-nio-8081-exec-1] o.a.c.util.SessionIdGeneratorBase        : Creation of SecureRandom instance for session ID generation using [SHA1PRNG] took [122] milliseconds.
2026-03-17T13:14:43.332-06:00  INFO 22928 --- [johnson-sistema] [http-nio-8081-exec-3] c.j.p.servicio.DetallesUsuarioServicio   : Intentando cargar usuario por nombre de usuario: admin
2026-03-17T13:14:43.393-06:00  INFO 22928 --- [johnson-sistema] [http-nio-8081-exec-3] c.j.p.servicio.DetallesUsuarioServicio   : Usuario encontrado: admin
2026-03-17T13:14:43.941-06:00  INFO 22928 --- [johnson-sistema] [http-nio-8081-exec-3] c.j.p.servicio.DetallesUsuarioServicio   : Intentando cargar usuario por nombre de usuario: admin
2026-03-17T13:14:43.984-06:00  INFO 22928 --- [johnson-sistema] [http-nio-8081-exec-3] c.j.p.servicio.DetallesUsuarioServicio   : Usuario encontrado: admin
2026-03-17T13:14:49.492-06:00  INFO 22928 --- [johnson-sistema] [http-nio-8081-exec-5] c.j.p.servicio.DetallesUsuarioServicio   : Intentando cargar usuario por nombre de usuario: admin
2026-03-17T13:14:49.537-06:00  INFO 22928 --- [johnson-sistema] [http-nio-8081-exec-5] c.j.p.servicio.DetallesUsuarioServicio   : Usuario encontrado: admin
2026-03-17T13:15:28.932-06:00  INFO 22928 --- [johnson-sistema] [MessageBroker-1] o.s.w.s.c.WebSocketMessageBrokerStats    : WebSocketSession[0 current WS(0)-HttpStream(0)-HttpPoll(0), 0 total, 0 closed abnormally (0 connect failure, 0 send limit, 0 transport error)], stompSubProtocol[processed CONNECT(0)-CONNECTED(0)-DISCONNECT(0)], stompBrokerRelay[null], inboundChannel[pool size = 0, active threads = 0, queued tasks = 0, completed tasks = 0], outboundChannel[pool size = 0, active threads = 0, queued tasks = 0, completed tasks = 0], sockJsScheduler[pool size = 3, active threads = 1, queued tasks = 2, completed tasks = 0]
2026-03-17T13:17:48.271-06:00  INFO 22928 --- [johnson-sistema] [File Watcher] rtingClassPathChangeChangedEventListener : Restarting due to 1 class path change (0 additions, 0 deletions, 1 modification)
2026-03-17T13:17:48.809-06:00  INFO 22928 --- [johnson-sistema] [Thread-5] o.s.b.w.e.tomcat.GracefulShutdown        : Commencing graceful shutdown. Waiting for active requests to complete
2026-03-17T13:17:54.612-06:00  INFO 22928 --- [johnson-sistema] [tomcat-shutdown] o.s.b.w.e.tomcat.GracefulShutdown        : Graceful shutdown complete
2026-03-17T13:17:54.695-06:00  INFO 22928 --- [johnson-sistema] [Thread-5] o.s.m.s.b.SimpleBrokerMessageHandler     : Stopping...
2026-03-17T13:17:54.708-06:00  INFO 22928 --- [johnson-sistema] [Thread-5] o.s.m.s.b.SimpleBrokerMessageHandler     : BrokerAvailabilityEvent[available=false, SimpleBrokerMessageHandler [org.springframework.messaging.simp.broker.DefaultSubscriptionRegistry@35d36412]]
2026-03-17T13:17:54.729-06:00  INFO 22928 --- [johnson-sistema] [Thread-5] o.s.m.s.b.SimpleBrokerMessageHandler     : Stopped.
2026-03-17T13:17:54.750-06:00  INFO 22928 --- [johnson-sistema] [Thread-5] j.LocalContainerEntityManagerFactoryBean : Closing JPA EntityManagerFactory for persistence unit 'default'
2026-03-17T13:17:54.785-06:00  INFO 22928 --- [johnson-sistema] [Thread-5] com.zaxxer.hikari.HikariDataSource       : HikariPool-1 - Shutdown initiated...
2026-03-17T13:17:54.803-06:00  INFO 22928 --- [johnson-sistema] [Thread-5] com.zaxxer.hikari.HikariDataSource       : HikariPool-1 - Shutdown completed.
2026-03-17T13:17:55.532-06:00  INFO 22928 --- [johnson-sistema] [restartedMain] c.j.practica.JohnsonSistemaApplication   : Starting JohnsonSistemaApplication using Java 17.0.12 with PID 22928 (C:\Users\User\OneDrive\Escritorio\Escuela\PRACTICAS\Sistema_Johnson\johnson-sistema\target\classes started by Franco in C:\Users\User\OneDrive\Escritorio\Escuela\PRACTICAS\Sistema_Johnson\johnson-sistema)
2026-03-17T13:17:55.654-06:00  INFO 22928 --- [johnson-sistema] [restartedMain] c.j.practica.JohnsonSistemaApplication   : No active profile set, falling back to 1 default profile: "default"
2026-03-17T13:17:58.350-06:00  INFO 22928 --- [johnson-sistema] [restartedMain] .s.d.r.c.RepositoryConfigurationDelegate : Bootstrapping Spring Data JPA repositories in DEFAULT mode.
2026-03-17T13:17:58.475-06:00  INFO 22928 --- [johnson-sistema] [restartedMain] .s.d.r.c.RepositoryConfigurationDelegate : Finished Spring Data repository scanning in 121 ms. Found 10 JPA repository interfaces.
2026-03-17T13:17:59.666-06:00  INFO 22928 --- [johnson-sistema] [restartedMain] o.s.b.w.embedded.tomcat.TomcatWebServer  : Tomcat initialized with port 8081 (http)
2026-03-17T13:17:59.671-06:00  INFO 22928 --- [johnson-sistema] [restartedMain] o.apache.catalina.core.StandardService   : Starting service [Tomcat]
2026-03-17T13:17:59.673-06:00  INFO 22928 --- [johnson-sistema] [restartedMain] o.apache.catalina.core.StandardEngine    : Starting Servlet engine: [Apache Tomcat/10.1.50]
2026-03-17T13:17:59.778-06:00  INFO 22928 --- [johnson-sistema] [restartedMain] o.a.c.c.C.[Tomcat].[localhost].[/]       : Initializing Spring embedded WebApplicationContext
2026-03-17T13:17:59.785-06:00  INFO 22928 --- [johnson-sistema] [restartedMain] w.s.c.ServletWebServerApplicationContext : Root WebApplicationContext: initialization completed in 4005 ms
2026-03-17T13:18:00.175-06:00  INFO 22928 --- [johnson-sistema] [restartedMain] o.hibernate.jpa.internal.util.LogHelper  : HHH000204: Processing PersistenceUnitInfo [name: default]
2026-03-17T13:18:00.195-06:00  INFO 22928 --- [johnson-sistema] [restartedMain] o.h.c.internal.RegionFactoryInitiator    : HHH000026: Second-level cache disabled
2026-03-17T13:18:00.256-06:00  INFO 22928 --- [johnson-sistema] [restartedMain] o.s.o.j.p.SpringPersistenceUnitInfo      : No LoadTimeWeaver setup: ignoring JPA class transformer
2026-03-17T13:18:00.273-06:00  INFO 22928 --- [johnson-sistema] [restartedMain] com.zaxxer.hikari.HikariDataSource       : HikariPool-2 - Starting...
2026-03-17T13:18:01.327-06:00  WARN 22928 --- [johnson-sistema] [restartedMain] o.h.engine.jdbc.spi.SqlExceptionHelper   : SQL Error: 0, SQLState: 57P03
2026-03-17T13:18:01.337-06:00 ERROR 22928 --- [johnson-sistema] [restartedMain] o.h.engine.jdbc.spi.SqlExceptionHelper   : FATAL: the database system is shutting down
2026-03-17T13:18:01.345-06:00  WARN 22928 --- [johnson-sistema] [restartedMain] o.h.e.j.e.i.JdbcEnvironmentInitiator     : HHH000342: Could not obtain connection to query metadata

org.hibernate.exception.GenericJDBCException: unable to obtain isolated JDBC connection [FATAL: the database system is shutting down] [n/a]
	at org.hibernate.exception.internal.StandardSQLExceptionConverter.convert(StandardSQLExceptionConverter.java:63) ~[hibernate-core-6.6.41.Final.jar:6.6.41.Final]
	at org.hibernate.engine.jdbc.spi.SqlExceptionHelper.convert(SqlExceptionHelper.java:108) ~[hibernate-core-6.6.41.Final.jar:6.6.41.Final]
	at org.hibernate.engine.jdbc.spi.SqlExceptionHelper.convert(SqlExceptionHelper.java:94) ~[hibernate-core-6.6.41.Final.jar:6.6.41.Final]
	at org.hibernate.resource.transaction.backend.jdbc.internal.JdbcIsolationDelegate.delegateWork(JdbcIsolationDelegate.java:116) ~[hibernate-core-6.6.41.Final.jar:6.6.41.Final]
	at org.hibernate.engine.jdbc.env.internal.JdbcEnvironmentInitiator.getJdbcEnvironmentUsingJdbcMetadata(JdbcEnvironmentInitiator.java:334) ~[hibernate-core-6.6.41.Final.jar:6.6.41.Final]
	at org.hibernate.engine.jdbc.env.internal.JdbcEnvironmentInitiator.initiateService(JdbcEnvironmentInitiator.java:129) ~[hibernate-core-6.6.41.Final.jar:6.6.41.Final]
	at org.hibernate.engine.jdbc.env.internal.JdbcEnvironmentInitiator.initiateService(JdbcEnvironmentInitiator.java:81) ~[hibernate-core-6.6.41.Final.jar:6.6.41.Final]
	at org.hibernate.boot.registry.internal.StandardServiceRegistryImpl.initiateService(StandardServiceRegistryImpl.java:130) ~[hibernate-core-6.6.41.Final.jar:6.6.41.Final]
	at org.hibernate.service.internal.AbstractServiceRegistryImpl.createService(AbstractServiceRegistryImpl.java:263) ~[hibernate-core-6.6.41.Final.jar:6.6.41.Final]
	at org.hibernate.service.internal.AbstractServiceRegistryImpl.initializeService(AbstractServiceRegistryImpl.java:238) ~[hibernate-core-6.6.41.Final.jar:6.6.41.Final]
	at org.hibernate.service.internal.AbstractServiceRegistryImpl.getService(AbstractServiceRegistryImpl.java:215) ~[hibernate-core-6.6.41.Final.jar:6.6.41.Final]
	at org.hibernate.boot.model.relational.Database.<init>(Database.java:45) ~[hibernate-core-6.6.41.Final.jar:6.6.41.Final]
	at org.hibernate.boot.internal.InFlightMetadataCollectorImpl.getDatabase(InFlightMetadataCollectorImpl.java:226) ~[hibernate-core-6.6.41.Final.jar:6.6.41.Final]
	at org.hibernate.boot.internal.InFlightMetadataCollectorImpl.<init>(InFlightMetadataCollectorImpl.java:194) ~[hibernate-core-6.6.41.Final.jar:6.6.41.Final]
	at org.hibernate.boot.model.process.spi.MetadataBuildingProcess.complete(MetadataBuildingProcess.java:171) ~[hibernate-core-6.6.41.Final.jar:6.6.41.Final]
	at org.hibernate.jpa.boot.internal.EntityManagerFactoryBuilderImpl.metadata(EntityManagerFactoryBuilderImpl.java:1442) ~[hibernate-core-6.6.41.Final.jar:6.6.41.Final]
	at org.hibernate.jpa.boot.internal.EntityManagerFactoryBuilderImpl.build(EntityManagerFactoryBuilderImpl.java:1513) ~[hibernate-core-6.6.41.Final.jar:6.6.41.Final]
	at org.springframework.orm.jpa.vendor.SpringHibernateJpaPersistenceProvider.createContainerEntityManagerFactory(SpringHibernateJpaPersistenceProvider.java:66) ~[spring-orm-6.2.15.jar:6.2.15]
	at org.springframework.orm.jpa.LocalContainerEntityManagerFactoryBean.createNativeEntityManagerFactory(LocalContainerEntityManagerFactoryBean.java:390) ~[spring-orm-6.2.15.jar:6.2.15]
	at org.springframework.orm.jpa.AbstractEntityManagerFactoryBean.buildNativeEntityManagerFactory(AbstractEntityManagerFactoryBean.java:419) ~[spring-orm-6.2.15.jar:6.2.15]
	at org.springframework.orm.jpa.AbstractEntityManagerFactoryBean.afterPropertiesSet(AbstractEntityManagerFactoryBean.java:400) ~[spring-orm-6.2.15.jar:6.2.15]
	at org.springframework.orm.jpa.LocalContainerEntityManagerFactoryBean.afterPropertiesSet(LocalContainerEntityManagerFactoryBean.java:366) ~[spring-orm-6.2.15.jar:6.2.15]
	at org.springframework.beans.factory.support.AbstractAutowireCapableBeanFactory.invokeInitMethods(AbstractAutowireCapableBeanFactory.java:1873) ~[spring-beans-6.2.15.jar:6.2.15]
	at org.springframework.beans.factory.support.AbstractAutowireCapableBeanFactory.initializeBean(AbstractAutowireCapableBeanFactory.java:1822) ~[spring-beans-6.2.15.jar:6.2.15]
	at org.springframework.beans.factory.support.AbstractAutowireCapableBeanFactory.doCreateBean(AbstractAutowireCapableBeanFactory.java:607) ~[spring-beans-6.2.15.jar:6.2.15]
	at org.springframework.beans.factory.support.AbstractAutowireCapableBeanFactory.createBean(AbstractAutowireCapableBeanFactory.java:529) ~[spring-beans-6.2.15.jar:6.2.15]
	at org.springframework.beans.factory.support.AbstractBeanFactory.lambda$doGetBean$0(AbstractBeanFactory.java:339) ~[spring-beans-6.2.15.jar:6.2.15]
	at org.springframework.beans.factory.support.DefaultSingletonBeanRegistry.getSingleton(DefaultSingletonBeanRegistry.java:373) ~[spring-beans-6.2.15.jar:6.2.15]
	at org.springframework.beans.factory.support.AbstractBeanFactory.doGetBean(AbstractBeanFactory.java:337) ~[spring-beans-6.2.15.jar:6.2.15]
	at org.springframework.beans.factory.support.AbstractBeanFactory.getBean(AbstractBeanFactory.java:207) ~[spring-beans-6.2.15.jar:6.2.15]
	at org.springframework.context.support.AbstractApplicationContext.finishBeanFactoryInitialization(AbstractApplicationContext.java:973) ~[spring-context-6.2.15.jar:6.2.15]
	at org.springframework.context.support.AbstractApplicationContext.refresh(AbstractApplicationContext.java:627) ~[spring-context-6.2.15.jar:6.2.15]
	at org.springframework.boot.web.servlet.context.ServletWebServerApplicationContext.refresh(ServletWebServerApplicationContext.java:146) ~[spring-boot-3.5.10.jar:3.5.10]
	at org.springframework.boot.SpringApplication.refresh(SpringApplication.java:752) ~[spring-boot-3.5.10.jar:3.5.10]
	at org.springframework.boot.SpringApplication.refreshContext(SpringApplication.java:439) ~[spring-boot-3.5.10.jar:3.5.10]
	at org.springframework.boot.SpringApplication.run(SpringApplication.java:318) ~[spring-boot-3.5.10.jar:3.5.10]
	at org.springframework.boot.SpringApplication.run(SpringApplication.java:1361) ~[spring-boot-3.5.10.jar:3.5.10]
	at org.springframework.boot.SpringApplication.run(SpringApplication.java:1350) ~[spring-boot-3.5.10.jar:3.5.10]
	at com.johnson.practica.JohnsonSistemaApplication.main(JohnsonSistemaApplication.java:16) ~[classes/:na]
	at java.base/jdk.internal.reflect.NativeMethodAccessorImpl.invoke0(Native Method) ~[na:na]
	at java.base/jdk.internal.reflect.NativeMethodAccessorImpl.invoke(NativeMethodAccessorImpl.java:77) ~[na:na]
	at java.base/jdk.internal.reflect.DelegatingMethodAccessorImpl.invoke(DelegatingMethodAccessorImpl.java:43) ~[na:na]
	at java.base/java.lang.reflect.Method.invoke(Method.java:568) ~[na:na]
	at org.springframework.boot.devtools.restart.RestartLauncher.run(RestartLauncher.java:50) ~[spring-boot-devtools-3.5.10.jar:3.5.10]
Caused by: org.postgresql.util.PSQLException: FATAL: the database system is shutting down
	at org.postgresql.core.v3.ConnectionFactoryImpl.doAuthentication(ConnectionFactoryImpl.java:778) ~[postgresql-42.7.9.jar:42.7.9]
	at org.postgresql.core.v3.ConnectionFactoryImpl.tryConnect(ConnectionFactoryImpl.java:234) ~[postgresql-42.7.9.jar:42.7.9]
	at org.postgresql.core.v3.ConnectionFactoryImpl.openConnectionImpl(ConnectionFactoryImpl.java:289) ~[postgresql-42.7.9.jar:42.7.9]
	at org.postgresql.core.ConnectionFactory.openConnection(ConnectionFactory.java:57) ~[postgresql-42.7.9.jar:42.7.9]
	at org.postgresql.jdbc.PgConnection.<init>(PgConnection.java:290) ~[postgresql-42.7.9.jar:42.7.9]
	at org.postgresql.Driver.makeConnection(Driver.java:448) ~[postgresql-42.7.9.jar:42.7.9]
	at org.postgresql.Driver.connect(Driver.java:298) ~[postgresql-42.7.9.jar:42.7.9]
	at com.zaxxer.hikari.util.DriverDataSource.getConnection(DriverDataSource.java:144) ~[HikariCP-6.3.3.jar:na]
	at com.zaxxer.hikari.pool.PoolBase.newConnection(PoolBase.java:370) ~[HikariCP-6.3.3.jar:na]
	at com.zaxxer.hikari.pool.PoolBase.newPoolEntry(PoolBase.java:207) ~[HikariCP-6.3.3.jar:na]
	at com.zaxxer.hikari.pool.HikariPool.createPoolEntry(HikariPool.java:488) ~[HikariCP-6.3.3.jar:na]
	at com.zaxxer.hikari.pool.HikariPool.checkFailFast(HikariPool.java:576) ~[HikariCP-6.3.3.jar:na]
	at com.zaxxer.hikari.pool.HikariPool.<init>(HikariPool.java:97) ~[HikariCP-6.3.3.jar:na]
	at com.zaxxer.hikari.HikariDataSource.getConnection(HikariDataSource.java:111) ~[HikariCP-6.3.3.jar:na]
	at org.hibernate.engine.jdbc.connections.internal.DatasourceConnectionProviderImpl.getConnection(DatasourceConnectionProviderImpl.java:126) ~[hibernate-core-6.6.41.Final.jar:6.6.41.Final]
	at org.hibernate.engine.jdbc.env.internal.JdbcEnvironmentInitiator$ConnectionProviderJdbcConnectionAccess.obtainConnection(JdbcEnvironmentInitiator.java:485) ~[hibernate-core-6.6.41.Final.jar:6.6.41.Final]
	at org.hibernate.resource.transaction.backend.jdbc.internal.JdbcIsolationDelegate.delegateWork(JdbcIsolationDelegate.java:61) ~[hibernate-core-6.6.41.Final.jar:6.6.41.Final]
	... 40 common frames omitted

2026-03-17T13:18:01.369-06:00  WARN 22928 --- [johnson-sistema] [restartedMain] org.hibernate.orm.deprecation            : HHH90000025: PostgreSQLDialect does not need to be specified explicitly using 'hibernate.dialect' (remove the property setting and it will be selected by default)
2026-03-17T13:18:01.376-06:00  INFO 22928 --- [johnson-sistema] [restartedMain] org.hibernate.orm.connections.pooling    : HHH10001005: Database info:
	Database JDBC URL [Connecting through datasource 'HikariDataSource (null)']
	Database driver: undefined/unknown
	Database version: 12.0
	Autocommit mode: undefined/unknown
	Isolation level: undefined/unknown
	Minimum pool size: undefined/unknown
	Maximum pool size: undefined/unknown
2026-03-17T13:18:02.139-06:00  INFO 22928 --- [johnson-sistema] [restartedMain] o.h.e.t.j.p.i.JtaPlatformInitiator       : HHH000489: No JTA platform available (set 'hibernate.transaction.jta.platform' to enable JTA platform integration)
2026-03-17T13:18:02.152-06:00  INFO 22928 --- [johnson-sistema] [restartedMain] com.zaxxer.hikari.HikariDataSource       : HikariPool-2 - Starting...
2026-03-17T13:18:03.204-06:00  WARN 22928 --- [johnson-sistema] [restartedMain] o.h.engine.jdbc.spi.SqlExceptionHelper   : SQL Error: 0, SQLState: 57P03
2026-03-17T13:18:03.210-06:00 ERROR 22928 --- [johnson-sistema] [restartedMain] o.h.engine.jdbc.spi.SqlExceptionHelper   : FATAL: the database system is shutting down
2026-03-17T13:18:03.230-06:00 ERROR 22928 --- [johnson-sistema] [restartedMain] j.LocalContainerEntityManagerFactoryBean : Failed to initialize JPA EntityManagerFactory: [PersistenceUnit: default] Unable to build Hibernate SessionFactory; nested exception is org.hibernate.exception.GenericJDBCException: Unable to open JDBC Connection for DDL execution [FATAL: the database system is shutting down] [n/a]
2026-03-17T13:18:03.235-06:00  WARN 22928 --- [johnson-sistema] [restartedMain] ConfigServletWebServerApplicationContext : Exception encountered during context initialization - cancelling refresh attempt: org.springframework.beans.factory.BeanCreationException: Error creating bean with name 'entityManagerFactory' defined in class path resource [org/springframework/boot/autoconfigure/orm/jpa/HibernateJpaConfiguration.class]: [PersistenceUnit: default] Unable to build Hibernate SessionFactory; nested exception is org.hibernate.exception.GenericJDBCException: Unable to open JDBC Connection for DDL execution [FATAL: the database system is shutting down] [n/a]
2026-03-17T13:18:03.282-06:00  INFO 22928 --- [johnson-sistema] [restartedMain] o.apache.catalina.core.StandardService   : Stopping service [Tomcat]
2026-03-17T13:18:03.351-06:00  INFO 22928 --- [johnson-sistema] [restartedMain] .s.b.a.l.ConditionEvaluationReportLogger : 

Error starting ApplicationContext. To display the condition evaluation report re-run your application with 'debug' enabled.
2026-03-17T13:18:03.545-06:00 ERROR 22928 --- [johnson-sistema] [restartedMain] o.s.boot.SpringApplication               : Application run failed

org.springframework.beans.factory.BeanCreationException: Error creating bean with name 'entityManagerFactory' defined in class path resource [org/springframework/boot/autoconfigure/orm/jpa/HibernateJpaConfiguration.class]: [PersistenceUnit: default] Unable to build Hibernate SessionFactory; nested exception is org.hibernate.exception.GenericJDBCException: Unable to open JDBC Connection for DDL execution [FATAL: the database system is shutting down] [n/a]
	at org.springframework.beans.factory.support.AbstractAutowireCapableBeanFactory.initializeBean(AbstractAutowireCapableBeanFactory.java:1826) ~[spring-beans-6.2.15.jar:6.2.15]
	at org.springframework.beans.factory.support.AbstractAutowireCapableBeanFactory.doCreateBean(AbstractAutowireCapableBeanFactory.java:607) ~[spring-beans-6.2.15.jar:6.2.15]
	at org.springframework.beans.factory.support.AbstractAutowireCapableBeanFactory.createBean(AbstractAutowireCapableBeanFactory.java:529) ~[spring-beans-6.2.15.jar:6.2.15]
	at org.springframework.beans.factory.support.AbstractBeanFactory.lambda$doGetBean$0(AbstractBeanFactory.java:339) ~[spring-beans-6.2.15.jar:6.2.15]
	at org.springframework.beans.factory.support.DefaultSingletonBeanRegistry.getSingleton(DefaultSingletonBeanRegistry.java:373) ~[spring-beans-6.2.15.jar:6.2.15]
	at org.springframework.beans.factory.support.AbstractBeanFactory.doGetBean(AbstractBeanFactory.java:337) ~[spring-beans-6.2.15.jar:6.2.15]
	at org.springframework.beans.factory.support.AbstractBeanFactory.getBean(AbstractBeanFactory.java:207) ~[spring-beans-6.2.15.jar:6.2.15]
	at org.springframework.context.support.AbstractApplicationContext.finishBeanFactoryInitialization(AbstractApplicationContext.java:973) ~[spring-context-6.2.15.jar:6.2.15]
	at org.springframework.context.support.AbstractApplicationContext.refresh(AbstractApplicationContext.java:627) ~[spring-context-6.2.15.jar:6.2.15]
	at org.springframework.boot.web.servlet.context.ServletWebServerApplicationContext.refresh(ServletWebServerApplicationContext.java:146) ~[spring-boot-3.5.10.jar:3.5.10]
	at org.springframework.boot.SpringApplication.refresh(SpringApplication.java:752) ~[spring-boot-3.5.10.jar:3.5.10]
	at org.springframework.boot.SpringApplication.refreshContext(SpringApplication.java:439) ~[spring-boot-3.5.10.jar:3.5.10]
	at org.springframework.boot.SpringApplication.run(SpringApplication.java:318) ~[spring-boot-3.5.10.jar:3.5.10]
	at org.springframework.boot.SpringApplication.run(SpringApplication.java:1361) ~[spring-boot-3.5.10.jar:3.5.10]
	at org.springframework.boot.SpringApplication.run(SpringApplication.java:1350) ~[spring-boot-3.5.10.jar:3.5.10]
	at com.johnson.practica.JohnsonSistemaApplication.main(JohnsonSistemaApplication.java:16) ~[classes/:na]
	at java.base/jdk.internal.reflect.NativeMethodAccessorImpl.invoke0(Native Method) ~[na:na]
	at java.base/jdk.internal.reflect.NativeMethodAccessorImpl.invoke(NativeMethodAccessorImpl.java:77) ~[na:na]
	at java.base/jdk.internal.reflect.DelegatingMethodAccessorImpl.invoke(DelegatingMethodAccessorImpl.java:43) ~[na:na]
	at java.base/java.lang.reflect.Method.invoke(Method.java:568) ~[na:na]
	at org.springframework.boot.devtools.restart.RestartLauncher.run(RestartLauncher.java:50) ~[spring-boot-devtools-3.5.10.jar:3.5.10]
Caused by: jakarta.persistence.PersistenceException: [PersistenceUnit: default] Unable to build Hibernate SessionFactory; nested exception is org.hibernate.exception.GenericJDBCException: Unable to open JDBC Connection for DDL execution [FATAL: the database system is shutting down] [n/a]
	at org.springframework.orm.jpa.AbstractEntityManagerFactoryBean.buildNativeEntityManagerFactory(AbstractEntityManagerFactoryBean.java:431) ~[spring-orm-6.2.15.jar:6.2.15]
	at org.springframework.orm.jpa.AbstractEntityManagerFactoryBean.afterPropertiesSet(AbstractEntityManagerFactoryBean.java:400) ~[spring-orm-6.2.15.jar:6.2.15]
	at org.springframework.orm.jpa.LocalContainerEntityManagerFactoryBean.afterPropertiesSet(LocalContainerEntityManagerFactoryBean.java:366) ~[spring-orm-6.2.15.jar:6.2.15]
	at org.springframework.beans.factory.support.AbstractAutowireCapableBeanFactory.invokeInitMethods(AbstractAutowireCapableBeanFactory.java:1873) ~[spring-beans-6.2.15.jar:6.2.15]
	at org.springframework.beans.factory.support.AbstractAutowireCapableBeanFactory.initializeBean(AbstractAutowireCapableBeanFactory.java:1822) ~[spring-beans-6.2.15.jar:6.2.15]
	... 20 common frames omitted
Caused by: org.hibernate.exception.GenericJDBCException: Unable to open JDBC Connection for DDL execution [FATAL: the database system is shutting down] [n/a]
	at org.hibernate.exception.internal.StandardSQLExceptionConverter.convert(StandardSQLExceptionConverter.java:63) ~[hibernate-core-6.6.41.Final.jar:6.6.41.Final]
	at org.hibernate.engine.jdbc.spi.SqlExceptionHelper.convert(SqlExceptionHelper.java:108) ~[hibernate-core-6.6.41.Final.jar:6.6.41.Final]
	at org.hibernate.engine.jdbc.spi.SqlExceptionHelper.convert(SqlExceptionHelper.java:94) ~[hibernate-core-6.6.41.Final.jar:6.6.41.Final]
	at org.hibernate.resource.transaction.backend.jdbc.internal.DdlTransactionIsolatorNonJtaImpl.getIsolatedConnection(DdlTransactionIsolatorNonJtaImpl.java:74) ~[hibernate-core-6.6.41.Final.jar:6.6.41.Final]
	at org.hibernate.resource.transaction.backend.jdbc.internal.DdlTransactionIsolatorNonJtaImpl.getIsolatedConnection(DdlTransactionIsolatorNonJtaImpl.java:39) ~[hibernate-core-6.6.41.Final.jar:6.6.41.Final]
	at org.hibernate.tool.schema.internal.exec.ImprovedExtractionContextImpl.getJdbcConnection(ImprovedExtractionContextImpl.java:63) ~[hibernate-core-6.6.41.Final.jar:6.6.41.Final]
	at org.hibernate.tool.schema.extract.spi.ExtractionContext.getQueryResults(ExtractionContext.java:43) ~[hibernate-core-6.6.41.Final.jar:6.6.41.Final]
	at org.hibernate.tool.schema.extract.internal.SequenceInformationExtractorLegacyImpl.extractMetadata(SequenceInformationExtractorLegacyImpl.java:39) ~[hibernate-core-6.6.41.Final.jar:6.6.41.Final]
	at org.hibernate.tool.schema.extract.internal.DatabaseInformationImpl.initializeSequences(DatabaseInformationImpl.java:66) ~[hibernate-core-6.6.41.Final.jar:6.6.41.Final]
	at org.hibernate.tool.schema.extract.internal.DatabaseInformationImpl.<init>(DatabaseInformationImpl.java:60) ~[hibernate-core-6.6.41.Final.jar:6.6.41.Final]
	at org.hibernate.tool.schema.internal.Helper.buildDatabaseInformation(Helper.java:185) ~[hibernate-core-6.6.41.Final.jar:6.6.41.Final]
	at org.hibernate.tool.schema.internal.AbstractSchemaMigrator.doMigration(AbstractSchemaMigrator.java:93) ~[hibernate-core-6.6.41.Final.jar:6.6.41.Final]
	at org.hibernate.tool.schema.spi.SchemaManagementToolCoordinator.performDatabaseAction(SchemaManagementToolCoordinator.java:280) ~[hibernate-core-6.6.41.Final.jar:6.6.41.Final]
	at org.hibernate.tool.schema.spi.SchemaManagementToolCoordinator.lambda$process$5(SchemaManagementToolCoordinator.java:144) ~[hibernate-core-6.6.41.Final.jar:6.6.41.Final]
	at java.base/java.util.HashMap.forEach(HashMap.java:1421) ~[na:na]
	at org.hibernate.tool.schema.spi.SchemaManagementToolCoordinator.process(SchemaManagementToolCoordinator.java:141) ~[hibernate-core-6.6.41.Final.jar:6.6.41.Final]
	at org.hibernate.boot.internal.SessionFactoryObserverForSchemaExport.sessionFactoryCreated(SessionFactoryObserverForSchemaExport.java:37) ~[hibernate-core-6.6.41.Final.jar:6.6.41.Final]
	at org.hibernate.internal.SessionFactoryObserverChain.sessionFactoryCreated(SessionFactoryObserverChain.java:35) ~[hibernate-core-6.6.41.Final.jar:6.6.41.Final]
	at org.hibernate.internal.SessionFactoryImpl.<init>(SessionFactoryImpl.java:324) ~[hibernate-core-6.6.41.Final.jar:6.6.41.Final]
	at org.hibernate.boot.internal.SessionFactoryBuilderImpl.build(SessionFactoryBuilderImpl.java:463) ~[hibernate-core-6.6.41.Final.jar:6.6.41.Final]
	at org.hibernate.jpa.boot.internal.EntityManagerFactoryBuilderImpl.build(EntityManagerFactoryBuilderImpl.java:1517) ~[hibernate-core-6.6.41.Final.jar:6.6.41.Final]
	at org.springframework.orm.jpa.vendor.SpringHibernateJpaPersistenceProvider.createContainerEntityManagerFactory(SpringHibernateJpaPersistenceProvider.java:66) ~[spring-orm-6.2.15.jar:6.2.15]
	at org.springframework.orm.jpa.LocalContainerEntityManagerFactoryBean.createNativeEntityManagerFactory(LocalContainerEntityManagerFactoryBean.java:390) ~[spring-orm-6.2.15.jar:6.2.15]
	at org.springframework.orm.jpa.AbstractEntityManagerFactoryBean.buildNativeEntityManagerFactory(AbstractEntityManagerFactoryBean.java:419) ~[spring-orm-6.2.15.jar:6.2.15]
	... 24 common frames omitted
Caused by: org.postgresql.util.PSQLException: FATAL: the database system is shutting down
	at org.postgresql.core.v3.ConnectionFactoryImpl.doAuthentication(ConnectionFactoryImpl.java:778) ~[postgresql-42.7.9.jar:42.7.9]
	at org.postgresql.core.v3.ConnectionFactoryImpl.tryConnect(ConnectionFactoryImpl.java:234) ~[postgresql-42.7.9.jar:42.7.9]
	at org.postgresql.core.v3.ConnectionFactoryImpl.openConnectionImpl(ConnectionFactoryImpl.java:289) ~[postgresql-42.7.9.jar:42.7.9]
	at org.postgresql.core.ConnectionFactory.openConnection(ConnectionFactory.java:57) ~[postgresql-42.7.9.jar:42.7.9]
	at org.postgresql.jdbc.PgConnection.<init>(PgConnection.java:290) ~[postgresql-42.7.9.jar:42.7.9]
	at org.postgresql.Driver.makeConnection(Driver.java:448) ~[postgresql-42.7.9.jar:42.7.9]
	at org.postgresql.Driver.connect(Driver.java:298) ~[postgresql-42.7.9.jar:42.7.9]
	at com.zaxxer.hikari.util.DriverDataSource.getConnection(DriverDataSource.java:144) ~[HikariCP-6.3.3.jar:na]
	at com.zaxxer.hikari.pool.PoolBase.newConnection(PoolBase.java:370) ~[HikariCP-6.3.3.jar:na]
	at com.zaxxer.hikari.pool.PoolBase.newPoolEntry(PoolBase.java:207) ~[HikariCP-6.3.3.jar:na]
	at com.zaxxer.hikari.pool.HikariPool.createPoolEntry(HikariPool.java:488) ~[HikariCP-6.3.3.jar:na]
	at com.zaxxer.hikari.pool.HikariPool.checkFailFast(HikariPool.java:576) ~[HikariCP-6.3.3.jar:na]
	at com.zaxxer.hikari.pool.HikariPool.<init>(HikariPool.java:97) ~[HikariCP-6.3.3.jar:na]
	at com.zaxxer.hikari.HikariDataSource.getConnection(HikariDataSource.java:111) ~[HikariCP-6.3.3.jar:na]
	at org.hibernate.engine.jdbc.connections.internal.DatasourceConnectionProviderImpl.getConnection(DatasourceConnectionProviderImpl.java:126) ~[hibernate-core-6.6.41.Final.jar:6.6.41.Final]
	at org.hibernate.engine.jdbc.env.internal.JdbcEnvironmentInitiator$ConnectionProviderJdbcConnectionAccess.obtainConnection(JdbcEnvironmentInitiator.java:485) ~[hibernate-core-6.6.41.Final.jar:6.6.41.Final]
	at org.hibernate.resource.transaction.backend.jdbc.internal.DdlTransactionIsolatorNonJtaImpl.getIsolatedConnection(DdlTransactionIsolatorNonJtaImpl.java:46) ~[hibernate-core-6.6.41.Final.jar:6.6.41.Final]
	... 44 common frames omitted

